"id","spp","plot","subplot","gm.trt","canopy","anet","gsw","l","ci.ca","iwue","vcmax","vcmax25","jmax","jmax25","jmax.vcmax"
"1926","Tri",3,5,"invaded","pre_closure",11.83860636,0.148474062,0.525426428679005,0.65670258732626,79.7351820279558,82.7926236450127,83.253943200941,158.67385128635,159.361187013011,1.91415782707586
"5495","Tri",3,3,"weeded","pre_closure",15.82502038,0.249590615,0.314303355304101,0.714524262356563,63.4039079554333,85.4776938116299,85.8056206114117,176.132876076947,176.658542458297,2.05882250136424
"552","Tri",3,14,"weeded","pre_closure",13.08396858,0.16532543,0.375247560112753,0.656420810923123,79.1406898503152,77.6583955637309,77.6522931046956,147.779613353598,147.770565515622,1.90297748601433
"916","Tri",3,16,"invaded","pre_closure",14.87148345,0.177952393,0.414067158512037,0.636455795721255,83.5700110534619,93.6394340576899,93.9239317981273,172.581036437621,172.989068230793,1.84179968745987
"1686","Tri",3,6,"invaded","pre_closure",14.05270869,0.144608857,0.410388480311028,0.592885741020042,97.1773719918137,85.5583621293281,85.8430868613354,154.110809989117,154.509860249268,1.79991034687338
"2416","Tri",3,17,"invaded","pre_closure",13.18355301,0.152416776,0.473172458804359,0.62618446116725,86.4967318951819,88.1498587590239,88.6484143853898,146.861036864223,147.50674740146,1.66395246236655
"3563","Tri",3,4,"invaded","pre_closure",11.79064329,0.14435188,0.45230474283571,0.647266196453958,81.6798734453614,72.5789919182073,73.7352399296916,132.434005709772,134.067789734263,1.81823223009921
"4714","Tri",3,7,"weeded","pre_closure",13.78498817,0.182451938,0.348781051997044,0.66732469856721,75.5540791789233,75.930274930972,75.8288678402815,143.294406524325,143.14522549681,1.88774050798592
"5488","Tri",3,1,"weeded","pre_closure",13.17314056,0.132422625,0.463379257884382,0.575686697767626,99.4780201646056,84.1299612837752,85.5672142203,172.207208451023,174.48442628403,2.03915048390853
"6578","Tri",3,1,"weeded","pre_closure",12.229702,0.129464452,0.428025032001811,0.596522320000455,94.4637837728614,74.2005964988572,74.4956754694143,137.847212418061,138.273645395617,1.85612982934007
"902","Tri",3,7,"weeded","pre_closure",15.63029543,0.188616508,0.443229421908239,0.635616199035725,82.8681200587172,100.155833582722,100.020949112646,176.018264374867,175.833475260665,1.75796647422968
"1157","Mai",3,30,"invaded","pre_closure",8.970671885,0.161492435,0.237282927168404,0.754518099578568,55.5485579556714,42.3977516360655,42.0995569070146,76.0255859916983,75.618819554819,1.7961903903606
"1240","Mai",7,21,"weeded","pre_closure",11.01176218,0.208843531,0.293364620073767,0.762603196678805,52.7273319277483,63.9113877263747,63.7341516409877,121.916984433762,121.657181202914,1.90882247696973
"1264","Mai",7,21,"weeded","pre_closure",10.82726997,0.199343102,0.318335312657631,0.75665680082401,54.3147460903864,66.646507742268,66.7039752087925,138.445722275792,138.53733962266,2.07689780390177
"1432","Mai",5,17,"invaded","pre_closure",9.247133758,0.126158161,0.378698605932049,0.685682548268034,73.2979435075944,57.8815705889483,58.2978548182512,103.936588300501,104.502695584101,1.79256502507507
"1499","Mai",5,17,"invaded","pre_closure",9.422513843,0.153379542,0.292696657228267,0.731160252512447,61.4326638359632,51.007555414632,50.7998424938621,93.4877216134071,93.198388490202,1.83461963492235
"1663","Mai",3,30,"invaded","pre_closure",5.831230438,0.079690377,0.317640196654601,0.692794118215789,73.1735832796976,31.5748501587673,31.6664853559471,55.0917460780324,55.2129914724796,1.7435781347964
"179","Mai",3,30,"invaded","pre_closure",11.90789853,0.184430619,0.348559574852677,0.716747313612159,64.5657353131803,72.6242382995174,73.113050233865,137.056985954374,137.75570674992,1.88414662374616
"3665","Mai",3,30,"invaded","pre_closure",10.69930571,0.218064461,0.224295010175514,0.777826839796412,49.064875867141,48.9793528055042,49.1887670224233,89.1636037344983,89.4525737308739,1.81855694187447
"1975","Tri",7,18,"invaded","pre_closure",10.88587845,0.098832521,0.746468381173489,0.540246249552059,110.144700750879,177.059275378381,177.464688044636,260.394204642533,260.847703863655,1.46985694302207
"1997","Tri",7,24,"invaded","pre_closure",13.6474419,0.147222405,0.480995093802533,0.602625013287664,92.6994902711989,100.560774511928,100.297560865753,190.25553975771,189.876160694902,1.893128397699
"2131_mai","Mai",3,30,"invaded","pre_closure",10.44474996,0.153847259,0.316819777692099,0.705860921058541,67.8903870494046,56.8117839129472,56.9190834769051,107.000166963716,107.153465942875,1.88255782414965
"2265","Mai",7,23,"invaded","pre_closure",9.878212792,0.147649817,0.382019474355144,0.692655183987547,66.9029802590273,65.962200105679,65.9089670303143,116.829107636216,116.756706753734,1.77148439756358
"2285","Mai",7,23,"invaded","pre_closure",10.01741015,0.12995275,0.400302308300977,0.669999394989608,77.0850185932964,68.6162463934849,68.6751589664628,123.641321886815,123.722792080101,1.80156542688923
"2337","Mai",3,22,"invaded","pre_closure",7.417571292,0.14711737,0.251885172576731,0.776753443069635,50.4194120109678,37.3380658070407,37.4019524863447,67.4734727690978,67.5610539921466,1.80635099241979
"2379","Tri",7,23,"invaded","pre_closure",12.28291562,0.140562986,0.47555045212064,0.623247410136805,87.3837129498658,94.9903454032949,93.5705837431779,176.364236224852,174.347757451774,1.86327529953542
"2382","Tri",7,23,"invaded","pre_closure",11.60912672,0.119116337,0.559388065045617,0.585113221210186,97.4604072991264,108.909752996805,106.358730507092,190.045056857339,186.629701220244,1.75471915027982
"2508","Tri",5,21,"weeded","pre_closure",11.57615661,0.1142837,0.655813411444643,0.573206888223475,101.293155629368,147.524087910967,147.55712129948,233.975162172425,234.015555008048,1.58593196280302
"2547","Tri",5,19,"weeded","pre_closure",12.99489428,0.148668518,0.424392177955764,0.624742783041958,87.408514289488,83.7759858465311,83.737546982963,166.287342924807,166.228504355262,1.98511313436352
"2666","Mai",7,20,"weeded","pre_closure",10.51541549,0.158485379,0.342631961418589,0.710622853925332,66.3494358681503,61.2967278937679,61.6127539511255,115.729425078691,116.186660976493,1.88575665792602
"2886","Tri",7,24,"invaded","pre_closure",10.8358556,0.123425719,0.491870219182631,0.626703865952353,87.7925256404623,87.0886576323039,86.993465067754,147.342361406336,147.219727734648,1.69230789485149
"2988","Tri",5,33,"weeded","pre_closure",13.10648159,0.133841194,0.607418007612865,0.583633191991588,97.9256176540087,135.816087113005,135.952939729397,220.751099114064,220.922544629007,1.6249927737402
"3004","Tri",5,21,"weeded","pre_closure",12.10690556,0.128637614,0.548706799669817,0.600160622770472,94.1163722144287,105.869771735578,106.252312277037,183.473867983602,183.984367024444,1.73157988830147
"3043","Tri",7,24,"invaded","pre_closure",6.493201908,0.097623913,0.802052359460097,0.612341106574959,66.5124118513873,139.563188286555,131.330769548285,210.097280215532,200.456551754965,1.52634871815981
"3077","Tri",5,21,"weeded","pre_closure",12.66787838,0.136217622,0.651189763387788,0.603391287935427,92.9973537491353,157.045071134302,157.137009976004,254.876448800582,254.991473741358,1.62273339539996
"3526","Tri",7,35,"invaded","pre_closure",13.10470354,0.15075639,0.543381556993743,0.623713137573344,86.9263554267915,114.398329389661,114.510179736643,196.010397463373,196.156227347869,1.71300252780146
"3581","Mai",7,23,"invaded","pre_closure",9.256708301,0.121716506,0.425683935594129,0.674858968373052,76.0513804183633,68.4148760909285,68.6297634489503,122.90720526928,123.2032441554,1.79518678141801
"3960","Mai",5,3,"weeded","pre_closure",10.41522693,0.17474168,0.30489039085543,0.736673851810539,59.6035641296341,56.3754808853523,56.4920823877919,108.715538627757,108.886098305356,1.9274576843867
"3993","Mai",5,3,"weeded","pre_closure",4.106476716,0.152641796,0.739470721224942,0.758608330543795,26.9027017737658,58.1003174719956,57.8654468447056,101.389904542415,101.078406467111,1.74678347751081
"4000","Tri",5,20,"weeded","pre_closure",13.4198004,0.132360944,0.564698698170502,0.56925809257687,101.38791696741,123.585604823154,123.158289161955,221.419680568178,220.828629359755,1.79304723102609
"4081","Tri",7,18,"invaded","pre_closure",12.85478286,0.144540319,0.527004818482682,0.60813242388562,88.9356198252198,105.103597564468,105.172688629898,180.416775640727,180.507031593439,1.7162918809525
"4109","Tri",5,32,"weeded","pre_closure",12.95343851,0.126199758,0.599871477169343,0.565306000980098,102.642340328418,128.878004883799,129.025520224458,220.559028961344,220.753602207315,1.71092975888245
"4414","Tri",5,22,"invaded","pre_closure",14.54540431,0.177795274,0.474941838843582,0.643894765987644,81.809847825314,106.848691472459,106.823618985197,201.57222254548,201.535749210368,1.88662162099465
"4431","Tri",5,23,"invaded","pre_closure",9.816215502,0.103144864,0.580861701663151,0.600303246432907,95.1692127103876,100.516329223002,100.604090269512,170.768755092907,170.88368049697,1.69857587339823
"4576","Tri",5,21,"weeded","pre_closure",10.46039928,0.098526445,0.680569653450181,0.5564989296536,106.168443203244,140.104467070714,140.097557325685,217.249329332221,217.241067889905,1.55064136760704
"4676","Mai",7,24,"invaded","pre_closure",9.399316346,0.113101554,0.426139992404799,0.647356812902319,83.105103454193,67.1441047256048,66.9578461191947,116.763339030148,116.514440957765,1.74011632259426
"4802","Mai",7,30,"invaded","pre_closure",7.351220664,0.075345193,0.611179317521847,0.595328229510114,97.5672152568512,87.4584292893457,87.4185633616589,136.887699643188,136.83979058195,1.56534018999867
"482","Tri",5,22,"invaded","pre_closure",10.61920378,0.097918285,0.648379454955319,0.547295662833697,108.449650440671,124.441942246984,124.511013458553,193.702120848013,193.785002239368,1.55636836338077
"4844","Mai",7,19,"weeded","pre_closure",10.46466712,0.218365722,0.253310747417915,0.78220096249683,47.9226639792852,52.7820501206301,52.9303433029214,101.0237896685,101.241470049573,1.91273027401629
"4859","Mai",7,24,"invaded","pre_closure",10.92645993,0.149061119,0.377053983781047,0.683257591311409,73.3018778022188,70.0967845784401,70.2057093964392,125.533777120664,125.68344844133,1.79021691429138
"4865","Mai",7,24,"invaded","pre_closure",7.355956265,0.07530835,0.622560341578742,0.595307931850334,97.6778307451962,84.4945059377929,84.8419315236148,138.368629396237,138.804780639799,1.63603984665488
"4871","Mai",7,19,"weeded","pre_closure",10.89475907,0.195162921,0.280570550094383,0.750752361710802,55.8239188785251,56.6664450138148,56.5832235343012,105.794812756208,105.675474163754,1.86761141488683
"4959","Tri",5,22,"invaded","pre_closure",12.50744023,0.130841998,0.61504571802961,0.593642966751612,95.5919385303181,131.449296929781,131.502384524763,208.667098732454,208.73206753667,1.58728732023384
"4990","Tri",5,22,"invaded","pre_closure",12.07849609,0.131773586,0.585043650954374,0.609830186439485,91.6609804486917,118.473852533944,118.571529899455,202.065975710419,202.194390398348,1.70525243766191
"5015","Mai",7,20,"weeded","pre_closure",10.16626426,0.149802918,0.359533439983756,0.705017547301093,67.864260561333,63.1825036962783,63.209216993928,115.436386937811,115.473849141127,1.82685144086216
"5073","Mai",7,20,"weeded","pre_closure",10.84307142,0.186560044,0.301029051178602,0.741956713904201,58.1210809534329,60.4006659479778,60.3608918595462,113.227280872212,113.17002851204,1.87488993329282
"5077","Mai",7,20,"weeded","pre_closure",9.201127273,0.141935504,0.335526813454826,0.717968195613184,64.8261147753419,54.7242116930093,54.5284818197872,99.8870769923108,99.6124667872816,1.826796996045
"511","Mai",3,30,"invaded","pre_closure",7.560785669,0.124262387,0.276168413259821,0.736971967276021,60.8453277901381,40.0835335107227,39.9536971372981,72.0026199954189,71.8254142922283,1.79771634263045
"5115","Tri",5,19,"weeded","pre_closure",12.37349003,0.133964131,0.525998117049265,0.60646672736288,92.3642018026452,101.941298020866,102.025555094785,184.993817684452,185.111676802566,1.81436578934161
"5228","Tri",5,19,"weeded","pre_closure",8.05144007,0.062371127,0.751698874707813,0.472707925642096,129.089218958638,132.624179403184,132.638826421049,202.555622132161,202.572869906081,1.52725167563706
"543","Mai",3,30,"invaded","pre_closure",7.053447862,0.137246145,0.221362447522649,0.773764876564211,51.3926847417099,31.8727726385081,31.9160195566282,57.3942919631786,57.4533762084065,1.80014227985002
"5479","Tri",3,21,"weeded","pre_closure",11.88229882,0.133525777,0.56482317555943,0.610261691642914,88.988801166085,109.474792494545,109.963921520502,186.804274372581,187.453409529678,1.70468101662534
"583","Tri",3,23,"invaded","pre_closure",9.629140061,0.108066281,0.503472684422401,0.613797437392994,89.1040199764069,75.9507423519896,76.1958031941291,137.112775539806,137.457021422584,1.80399727623286
"5877","Tri",5,27,"weeded","pre_closure",10.70342709,0.099290376,0.642591179385,0.549342437385936,107.799240180136,125.489415729028,125.44307820945,211.469595074316,211.409379142097,1.68530127098054
"652","Mai",7,30,"invaded","pre_closure",8.225997185,0.089862942,0.500384589781175,0.616848343011734,91.5393709789737,74.6998412667969,74.2869913598335,126.972309089468,126.432534582791,1.70194716825148
"631","Mai",5,3,"weeded","pre_closure",9.285244518,0.137449886,0.379407802502775,0.690785078285522,67.5536720197789,59.090701045274,59.0431650812224,103.96709981224,103.903601472541,1.75979050800557
"6507","Tri",7,12,"invaded","pre_closure",13.10288945,0.131348588,0.51534913541677,0.576187937686184,99.7566068239729,100.861875381838,100.916932548995,174.960360194197,175.033043846415,1.73442691355522
"682","Mai",7,23,"invaded","pre_closure",19.48824075,0.153409562,-0.158828913897524,0.818144965093538,127.034068124124,67.5752155793861,67.4430915681666,120.609099989767,120.427942749661,1.78562310756383
"7574","Tri",7,12,"invaded","pre_closure",13.28578143,0.151334394,0.40508741095255,0.622483921737477,87.7908919369644,80.2581021274198,80.1889298788538,158.60482816529,158.500748113585,1.97659138677921
"860","Mai",7,28,"invaded","pre_closure",10.45538049,0.127718407,0.415643618118488,0.650069382276091,81.8627536593061,72.3674667060906,72.3497606666567,126.940510151576,126.916665043462,1.75420988091745
"flag2_mai","Mai",5,3,"weeded","pre_closure",10.82086308,0.153082789,0.332967927591868,0.693437138496312,70.686346588577,60.0186553146891,60.115978500647,106.449432380055,106.580382237393,1.7729127079957
"1021","Mai",3,24,"invaded","pre_closure",9.43550077,0.156698312,0.256998245521175,0.724791336060073,60.2144378555909,43.5831388355801,43.6922333806564,76.2485119075743,76.3932649522502,1.74844037581451
"1153","Mai",7,32,"weeded","pre_closure",8.134168374,0.107686801,0.401911241557897,0.675235285938203,75.5354258689512,56.4413478986133,56.3510831274573,98.8526074937187,98.7311746885043,1.75207235085774
"1159","Mai",7,31,"weeded","pre_closure",11.48315241,0.181209419,0.312859140748982,0.716181988630119,63.3695117691426,58.760992967649,58.6819957204972,106.045671958354,105.936174529343,1.80525855040647
"1374","Tri",5,10,"invaded","pre_closure",11.43326406,0.141725516,0.452437876415855,0.659646541668925,80.671881695601,82.0873786611337,82.1428849021784,151.743513415671,151.822608394134,1.84827460801912
"141","Mai",3,13,"weeded","pre_closure",11.31508766,0.164866201,0.306110013985996,0.695710282433746,68.6319426987949,58.5990963827616,58.213396014561,102.567077645921,102.053587648262,1.75309455615225
"1647","Tri",7,11,"invaded","pre_closure",3.416657407,0.097454015,0.881190719775723,0.698624105935809,35.0591754172468,112.838106422859,112.537599080927,180.494097110912,180.127891460336,1.60060186934328
"1669","Tri",7,11,"invaded","pre_closure",14.51949119,0.173981927,0.477517830932257,0.636739702730239,83.4540198534529,103.317603871454,103.221895419119,182.768336231041,182.639424007222,1.76938645880934
"1739","Tri",5,14,"weeded","pre_closure",12.35615426,0.124491626,0.515505169492145,0.579474698728193,99.2528948091657,102.112832340967,102.093418149397,180.09849956493,180.072096238291,1.76379730938958
"1795","Tri",5,14,"weeded","pre_closure",12.32494683,0.140087396,0.489343263219644,0.623427272890348,87.9804120993155,93.6594822540188,93.6857328564735,166.626080425675,166.662085692817,1.77894841200787
"1817","Mai",7,32,"weeded","pre_closure",13.92293903,0.250542981,0.276664021996665,0.742863796561864,55.5710600010782,71.29365886681,71.2796751611223,132.135098623478,132.115200908494,1.85347647291963
"1827","Tri",7,8,"weeded","pre_closure",1.685088751,0.265677431,0.942104738305642,0.875731845935274,6.34261158223861,105.922191531091,105.88850331468,215.078980509232,215.026906553375,2.0306917164969
"1851","Tri",7,8,"weeded","pre_closure",13.72632147,0.15115469,0.522787516824588,0.609478616372231,90.8097623037697,107.340419273842,107.586425892999,193.956360526157,194.294467271052,1.80593848767027
"2131_tri","Tri",7,11,"invaded","pre_closure",9.934184237,0.081273207,0.646013510260027,0.49491118780857,122.231970457373,113.431642881212,113.382216534381,195.744897545894,195.679964939807,1.72584353103091
"2268","Mai",3,18,"invaded","pre_closure",10.53298045,0.182500348,0.285767571947984,0.739833469415794,57.7148513163383,53.7642003672056,53.8758945187019,99.2464437736947,99.4028383926068,1.8450336515174
"2289","Tri",7,11,"invaded","pre_closure",15.03946649,0.16171153,0.532958053047821,0.598526819550224,93.0018192889524,118.870811434747,118.890146210346,201.537532639981,201.562483404241,1.69536744489849
"2310","Mai",3,4,"invaded","pre_closure",8.566985343,0.121472262,0.344327089306427,0.693357366497856,70.5262683179474,47.3940738386401,47.3375557579631,81.7020788929105,81.6280991080008,1.72438347948012
"2329","Tri",3,20,"weeded","pre_closure",11.30115501,0.113373987,0.620058279795769,0.569070667977844,99.6803174082605,117.014534951148,116.955732082438,185.363361061519,185.290772275938,1.58428124023313
"235","Mai",7,34,"invaded","pre_closure",9.561452037,0.115646947,0.467350509651187,0.648361111949937,82.6779459815744,65.8953128847816,65.8334802815006,105.991039758511,105.914663478543,1.60882674021877
"2546","Mai",7,33,"weeded","pre_closure",6.417388368,0.060805529,0.689777809759846,0.565496512353978,105.539553286347,86.8327460939217,86.5627160734075,120.570335465369,120.282179884491,1.38953795976652
"2563","Tri",5,16,"invaded","pre_closure",13.10096192,0.12722373,0.546133707759455,0.563632646201603,102.975772837347,109.305529255816,109.424444150312,201.42416268598,201.593056783994,1.84230368588461
"2573","Tri",5,31,"weeded","pre_closure",11.41146449,0.149786527,0.424844306264324,0.6711479015495,76.1848526603464,77.9658677904848,78.0882096096742,143.021651789997,143.194595856171,1.83375437306006
"2616","Mai",5,36,"invaded","pre_closure",5.4085162,0.155748083,0.628776277020913,0.73975336586561,34.7260530969103,51.5114740807895,51.788803077738,90.6161065509136,90.9857810825491,1.75686201795346
"2662","Mai",5,36,"invaded","pre_closure",10.72873643,0.156451357,0.354730288646043,0.689550980905427,68.5755408947971,60.0235848474591,60.0376397654794,106.530755202739,106.549687457256,1.77471479347728
"2912","Tri",5,11,"invaded","pre_closure",14.8357365,0.195182574,0.44650064227617,0.672285350229637,76.0095340273564,103.726437067757,103.783929936563,194.303871426815,194.386894433777,1.87299608477531
"2927","Tri",7,14,"weeded","pre_closure",13.39094691,0.15014503,0.520513943513316,0.616519445063299,89.1867477065341,104.907227841873,104.914017861258,176.731979946004,176.740686744658,1.68462413648467
"2996","Tri",7,14,"weeded","pre_closure",8.980399826,0.079476916,0.630072990704542,0.531923135283156,112.99381352442,98.7276310938135,98.6293597656626,168.138807131804,168.011373818714,1.70346207476048
"3071","Tri",7,8,"weeded","pre_closure",14.98949048,0.161360894,0.525026387250421,0.598829543320901,92.8941957894705,117.114212414925,117.227802178337,207.344722131972,207.497751026721,1.77003873800395
"3427","Tri",7,35,"invaded","pre_closure",9.459114046,0.108760238,0.539320129617522,0.63181236151773,86.9721712635458,78.5859621838796,77.7859596120708,135.875448375537,134.819039970829,1.73320533221149
"3539","Mai",7,31,"weeded","pre_closure",4.341236727,0.209049894,0.770457742373741,0.790107587338349,20.7665100609905,69.0985033474498,69.0227763058956,128.400945097544,128.292876159356,1.85870350376501
"3643","Mai",3,12,"invaded","pre_closure",9.786999265,0.209068955,0.226495821892979,0.783075384742892,46.8123029791774,45.7619305923608,45.6061962302505,81.8356969829229,81.6240828663561,1.78975862083001
"4105","Tri",5,10,"invaded","pre_closure",13.47562771,0.155224021,0.509014129554135,0.626041905975825,86.8140615298195,105.704758293174,105.708390990244,188.962978765889,188.967985858112,1.78763468148477
"4177","Tri",5,14,"weeded","pre_closure",12.1739109,0.122523321,0.521592328631438,0.579410854108091,99.3599487888514,102.112832340967,101.930347166368,180.09849956493,179.850175180317,1.76444189763007
"42","Mai",7,36,"invaded","pre_closure",9.957399663,0.10983631,0.455413802317577,0.616718913278863,90.656720559895,71.6867309168201,71.8559776376033,120.419066588655,120.637140996602,1.67887411684829
"4250","Mai",3,2,"weeded","pre_closure",12.21542417,0.206249216,0.282869802927939,0.730728057179917,59.2265241386421,60.2684738770192,60.0938655003781,105.955427496415,105.722216099009,1.7592846660587
"43","Tri",5,9,"weeded","pre_closure",13.09090347,0.153907765,0.398090980976357,0.633697952167191,85.0568096418007,75.9288313998143,75.9655496727928,147.615818899181,147.670850483711,1.94391867260588
"4547","Tri",5,10,"invaded","pre_closure",14.8946045,0.175749399,0.484875558334112,0.631659833728379,84.7491063113109,105.598357081558,105.547089296342,184.849290822921,184.780082024454,1.75068856238803
"4781","Mai",5,23,"invaded","pre_closure",10.30739841,0.16619658,0.291831536378959,0.715693610549306,62.0193171845052,52.1564943998415,52.1941279795458,93.7323667655163,93.7836896489348,1.79682453332082
"4834","Mai",7,30,"invaded","pre_closure",9.269212474,0.1019603,0.470970678040143,0.616898461701632,90.91001570219,71.7439885795012,71.760313371433,121.485438653317,121.506658186397,1.69322920257435
"4874","Mai",7,28,"invaded","pre_closure",5.363233632,0.047323408,0.637213655603594,0.537855495471515,113.331517290555,64.7546290303148,64.7531257355756,106.844032560314,106.842128367064,1.64999182901784
"4883","Mai",7,35,"invaded","pre_closure",10.11377935,0.122718076,0.477356548880484,0.648471588856477,82.4147483374821,76.4182659511934,76.4141227903985,124.107489494207,124.102323847146,1.62407575086028
"4934","Tri",3,23,"invaded","pre_closure",20.78881586,0.15570227,-0.0190151042688873,0.670335743284999,133.51645971507,72.8224760387514,72.6490831768865,136.144904414635,135.892102812955,1.87052742953527
"4942","Tri",3,27,"weeded","pre_closure",13.85380139,0.155266711,0.44153174339563,0.616046885967775,89.2258314790992,82.7926236450127,82.8562147998106,158.67385128635,158.768775871993,1.91619634393865
"5030","Mai",3,24,"invaded","pre_closure",9.232821255,0.139375777,0.308757678910437,0.704946031428699,66.2440881316127,47.6909890951045,47.9388001938173,80.5627344195743,80.8799588836718,1.68715025317014
"5052","Mai",5,36,"invaded","pre_closure",10.75396205,0.182379424,0.290974116279605,0.726178439520772,58.9647769147467,53.9580457946368,53.6490730052502,100.260201482357,99.8236478052181,1.86067796167604
"5069","Mai",3,24,"invaded","pre_closure",21.26943664,0.328069752,0.0268543264156321,0.774709255547813,64.8320563244124,75.6378863650594,75.70670890035,141.073109037481,141.170510199336,1.86470277535315
"5381","Tri",5,10,"invaded","pre_closure",15.17961154,0.159310952,0.530952480058757,0.589588783205211,95.2829127529161,117.773597187506,117.881170934503,211.231582240028,211.380296749881,1.79316420997658
"545","Mai",7,32,"weeded","pre_closure",8.942236413,0.120663449,0.359269314552466,0.682447622618269,74.1089077687478,52.3962437867555,52.1711509251737,93.3955063826662,93.0870256241008,1.78426245105481
"5657","Mai",5,23,"invaded","pre_closure",9.254566727,0.13231211,0.332051748691426,0.697477630360275,69.9449712275014,50.6625834189549,50.7978600295253,87.346823400473,87.5237005144075,1.72298007167105
"5904","Tri",5,9,"weeded","pre_closure",14.53834818,0.201105713,0.379545819146292,0.681269052238922,72.2920694948134,86.5243391321166,86.5393132333304,173.004378132954,173.027462180684,1.99940877406966
"6000","Mai",7,32,"weeded","pre_closure",10.38645518,0.13440446,0.426558788796671,0.664000177191437,77.2776080496138,74.3208962886195,74.2184133615831,130.053207713392,129.915469306567,1.7504479471103
"6027","Mai",7,32,"weeded","pre_closure",10.46683143,0.150901559,0.371221829993634,0.694499090954181,69.3619833974015,65.3944223182305,65.3087221285695,114.588312412495,114.472976546198,1.75279767870579
"6100","Mai",7,34,"invaded","pre_closure",7.586669497,0.06303157,0.624593082779844,0.50632765667334,120.363010107475,79.4162454535603,79.3148696236045,115.314135896748,115.2010820288,1.45245251710677
"614","Tri",5,11,"invaded","pre_closure",14.02064582,0.166233808,0.499024457641966,0.634881819987763,84.3429263197773,105.276278914787,105.520234406065,186.33368855981,186.666339018085,1.76900989718949
"632","Tri",7,8,"weeded","pre_closure",13.29474027,0.152281629,0.431613382294329,0.623749483720157,87.3036383791245,83.7171564136677,83.7307733177124,151.104644158392,151.123351226528,1.80487227381858
"6558","Tri",3,22,"invaded","pre_closure",12.02631641,0.119706454,0.530368045246116,0.564841366230897,100.465062727528,94.485034999309,94.902293071202,177.020307398494,177.628319980685,1.87169681819402
"6808","Mai",7,25,"weeded","pre_closure",9.230287051,0.13278156,0.401510662040016,0.696708720331252,69.5148260872971,62.2905608013005,62.3356589915425,110.360762650957,110.422086013761,1.77141122433216
"7147","Tri",5,9,"weeded","pre_closure",14.47001673,0.155405019,0.452139116795649,0.599673986580379,93.1116435177682,97.28755681066,97.3457160069359,189.008964026343,189.096066231679,1.94252067772768
"774","Tri",3,20,"weeded","pre_closure",11.7377127,0.138353794,0.452818811367235,0.625756667580891,84.8383868678007,79.9137796431222,80.0378196482719,144.668731750367,144.843574966667,1.80968916448731
"86","Tri",5,9,"weeded","pre_closure",11.54586785,0.158067323,0.338749123462726,0.682986004776944,73.0439893006855,63.328181579966,63.2874454180772,124.980732822787,124.918730612057,1.973831141182
"901","Mai",7,31,"weeded","pre_closure",13.27785182,0.228908955,0.300861496223698,0.734308307289255,58.0049470760111,68.6812870592391,68.7270098456739,135.535994734125,135.605246700686,1.97309976099916
"9412","Mai",3,3,"weeded","pre_closure",8.885797271,0.128453075,0.350486853574714,0.697993254283376,69.1754344611836,49.0882509141584,49.0519989854287,83.700666723836,83.6537382209076,1.70540936049839
"972","Tri",7,11,"invaded","pre_closure",12.27074435,0.121507783,0.582339713700744,0.572907930370027,100.987311652291,113.447867974974,113.61071640763,186.019261725511,186.222418321232,1.63912722505045
"flag_8","Tri",5,16,"invaded","pre_closure",12.33999092,0.123349028,0.543406935631126,0.576386204844925,100.041249777826,104.510435789673,104.3730458788,189.065833154543,188.874100814226,1.80960610303114
"flag3_tri","Tri",5,14,"weeded","pre_closure",11.79445672,0.124648669,0.519898164965372,0.598525877679897,94.6216017757879,95.3798565768767,95.4071357904739,164.613141097572,164.649438397452,1.725756014299
"3829","Tri",5,33,"weeded","post_closure",4.61443574980461,0.135520765536882,0.162937628612972,0.841758392047097,34.0496582315187,20.3135835607633,20.3689924900339,34.6908968156602,34.7561336364744,1.70632561495026
"5877","Tri",5,27,"weeded","post_closure",4.82148476957551,0.139832958095211,0.191799912920586,0.839739986219325,34.4803173390111,23.3555652267491,23.3419235842195,43.5075891342939,43.4900621484206,1.86317387217489
"2988","Tri",5,33,"weeded","post_closure",3.74526823039476,0.127950066402203,0.1228755276894,0.860930223632712,29.2713269770548,15.9896618686986,15.9923901244638,27.9564664790753,27.9597561508976,1.74831628876581
"2662","Mai",5,36,"invaded","post_closure",0.928410337294391,0.0132068117460442,0.874215999049215,0.70881422417811,70.2978398683146,27.8046340429629,27.8289115907831,47.2632127869993,47.2916702899663,1.69937189730515
"5381","Tri",5,10,"invaded","post_closure",5.14737750922843,0.205868047100498,0.108549454185216,0.876057583332093,25.0032852680419,21.942958781753,22.1868020256259,41.2626354996083,41.5784235033006,1.87401606843913
"4547","Tri",5,10,"invaded","post_closure",3.78359391254274,0.179691445941692,0.116360857294302,0.892411122875609,21.0560602521418,16.1099424329989,16.1046908565909,29.052041663489,29.0455099951823,1.80354346779003
"2563","Tri",5,16,"invaded","post_closure",3.24668840278419,0.072662396994074,0.352933268475322,0.802924177152324,44.6818235716746,33.2429786558339,33.1860966091797,61.1156621859712,61.0435255953177,1.8394307204672
"901","Mai",7,31,"weeded","post_closure",5.59346948134898,0.102833503619433,0.250582263340528,0.7630138809906,54.3934543166917,30.452686611503,30.5293240613953,47.4542702004931,47.5366348517684,1.55708114454716
"5151","Ari",7,31,"weeded","post_closure",3.16549844964502,0.0349168541768657,0.545570649516468,0.628151916804014,90.6581799611929,36.1882622510167,36.2373409696549,59.8553781671243,59.9113723273359,1.65330487072729
"275","Mai",7,34,"invaded","post_closure",1.20998295217201,0.00904340852408867,0.703480475159816,0.468373138707297,133.797223574387,17.6303697430464,17.6646595533927,32.9548445004189,32.9990528765841,1.86808315081545
"2229","Mai",7,32,"weeded","post_closure",5.54696831021327,0.0875323009941181,0.293534688442364,0.728440738902755,63.3705300467996,29.2742029455594,29.2977112342427,45.9099420205743,45.9353744135031,1.56788269384724
"1159","Mai",7,31,"weeded","post_closure",4.6871488509951,0.0719283391809845,0.312008232801056,0.722936060431595,65.164146765594,27.649195275101,27.6467269355934,39.010556910374,39.0081542175804,1.41095017534824
"6808","Mai",7,25,"weeded","post_closure",4.02853399028709,0.0472709729632864,0.446190624280718,0.647291110989545,85.222150883501,32.1340329067449,32.1098277386948,54.2733961441746,54.2451889340868,1.68936405936296
"2546","Mai",7,33,"weeded","post_closure",6.028105386115,0.090672498054412,0.331312603219905,0.716205217199685,66.4821805449495,38.2848815473643,38.1272759925701,61.6442940798698,61.4691269807008,1.61220872408192
"4632","Mai",7,35,"invaded","post_closure",3.64154506944933,0.0512653444160672,0.34897940877247,0.702564489042674,71.0332703491606,22.610497017391,22.6060411329367,34.8349975380855,34.8302612377911,1.54075014873099
"3427","Tri",7,35,"invaded","post_closure",4.269558421254,0.051950081927403,0.35298004034132,0.652984759379928,82.1857880266761,23.1211566142945,23.155815311853,38.3734670259272,38.4131441261721,1.6588983634927
"3526","Tri",7,35,"invaded","post_closure",4.18135013160582,0.0516765181120446,0.369970114161992,0.653360856245355,80.9139292732504,24.4315509884671,24.5339737157438,39.6522477969185,39.7668705662806,1.62088991481888
"42","Mai",7,36,"invaded","post_closure",3.60190198987938,0.0292828799229807,0.628542486910511,0.495078202995501,123.003679943811,40.2616075330905,40.14034691213,68.2372439338931,68.095401954929,1.69643282117104
"652","Mai",7,30,"invaded","post_closure",3.50417105126503,0.0323760126321265,0.535531064822298,0.551048118578765,108.233558316192,30.1700035355143,30.1689644952451,45.3527339855078,45.3516564014254,1.50325532083056
"1997","Tri",7,24,"invaded","post_closure",3.64765172504775,0.0432959600348957,0.424677079553837,0.643077641472779,84.2492399315736,26.5673282542106,26.5984281157509,43.7784349729346,43.8137854354963,1.64723213134354
"5069","Mai",3,24,"invaded","post_closure",3.74769173451135,0.0485374345898505,0.354491248164034,0.678927348259963,77.2123983514987,22.7198153540191,22.8292430190515,38.8766626521069,39.005825445713,1.70859039930329
"1021","Mai",3,24,"invaded","post_closure",4.46195235670382,0.068688906069173,0.293178973653112,0.724549332483589,64.958850155663,25.5479110437066,25.509767637159,44.2683082636722,44.2226801869672,1.73355872213238
"5030","Mai",3,24,"invaded","post_closure",2.10656501065735,0.0159544845321087,0.556853228118901,0.469998134909214,132.035917952589,17.0269737191865,17.0427197508618,24.8776573616487,24.8935349515899,1.46065506653251
"2268","Mai",3,18,"invaded","post_closure",3.51261941299911,0.0416338685627435,0.464149590980769,0.652090041735691,84.369277567985,28.6522603449164,28.7543612056019,47.1648138228365,47.2807673855839,1.64429900033296
"2416","Tri",3,17,"invaded","post_closure",3.68979368939056,0.126344290965358,0.150418615165578,0.86140115296571,29.204277147768,18.3067268439055,18.2911761349881,34.7319446900851,34.711578576494,1.89772261336964
"54","Mai",3,16,"invaded","post_closure",1.97075265537838,0.0179776837085747,0.631389705762536,0.559031696708052,109.622167534208,24.5365192120172,24.6167149799824,40.5640200706552,40.6554927225375,1.65154013261304
"untagged_p3_sub17_q1","Tri",3,17,"invaded","post_closure",3.3120053138193,0.0875471748090949,0.195504081208709,0.829035931294207,37.8310930197513,17.8742414584194,17.8247717975896,32.0609523781357,31.9996844271309,1.79523669590306
"untagged_p3_sub12_q4","Tri",3,12,"invaded","post_closure",4.07266975047735,0.105127453681447,0.181816935925857,0.824619686308936,38.7403062459611,20.2795636708863,20.2646024891559,36.6893461666094,36.6706617020418,1.80959195827628
"5657","Mai",5,23,"invaded","post_closure",4.59200200946812,0.114368494856671,0.227821170070477,0.818814778991158,40.1509350562226,26.2392771152656,26.2160754963265,49.0829507819928,49.0529838683631,1.87110324255957
"6867","Ari",5,9,"weeded","post_closure",2.56954627622675,0.0355320645812368,0.495605943735805,0.699072365631693,72.3162671944381,27.8736318761873,27.8867952545578,49.4504724963956,49.466594314022,1.7738357477967
"5052","Mai",5,36,"invaded","post_closure",3.3773100732259,0.054437573569568,0.0938662281047814,0.736989016477626,62.0400552737696,21.0719750195692,21.0406387456584,41.5388481216808,41.4961926355959,1.97219262861772
"2671","Ari",5,19,"weeded","post_closure",4.055470965,0.066546089,0.238847008198556,0.736131928274747,60.9422886595184,17.8836270437204,17.8413243226603,30.7436571973522,30.6934886007061,1.72035932118124
"5115","Tri",5,19,"weeded","post_closure",6.043359586,0.144787652,0.185030178581342,0.811071795833669,41.7394681281246,24.7957001745073,24.9040554777769,48.792081278414,48.9390473061035,1.96510352901254
"5337","Ari",5,25,"weeded","post_closure",6.335032886,0.107808324,0.271079623296048,0.745188613047318,58.7620014016728,32.8782836258109,32.9148221143602,56.8736470303312,56.9172308564235,1.72922796479558
"2547","Tri",5,19,"weeded","post_closure",5.298126851,0.124535122,0.225567261862845,0.808708122852335,42.5432341167177,28.0354824440418,28.0601634185077,57.8241031633345,57.8592065238093,2.06196969208123
"2508","Tri",5,21,"weeded","post_closure",4.590147772,0.09812845,0.261019157022566,0.793421468144703,46.7769313792279,27.3746693519383,27.2927208529156,53.802843053902,53.6917222063213,1.96725429082991
"3004","Tri",5,21,"weeded","post_closure",4.875041966,0.101241239,0.250389674352652,0.787763974922307,48.1527292055365,26.7820772680991,26.790471563388,55.1640319076968,55.1759556515427,2.0595365602652
"4990","Tri",5,22,"invaded","post_closure",5.247995538,0.131254379,0.205861758010827,0.818682142259494,39.9833939102329,24.2114277874007,24.224680001642,49.4911878268032,49.5098688100594,2.04377803160676
"482","Tri",5,22,"invaded","post_closure",4.243861653,0.076053966,0.298689341359362,0.759544714505926,55.8006620325362,26.3173384483981,26.3262298275976,47.8129072032924,47.8240472658511,1.81659309285971
"4959","Tri",5,22,"invaded","post_closure",5.402678416,0.11900292,0.251665298839611,0.797596326320987,45.3995449523423,30.3494775916362,30.318817959007,59.9251250590367,59.8833695284072,1.97512217030932
"4414","Tri",5,22,"invaded","post_closure",5.624384689,0.118934007,0.360213472327376,0.79026472374173,47.2899621468232,46.3113371065407,46.3679567313754,88.5523290801609,88.6269819278258,1.91138424410786
"4431","Tri",5,23,"invaded","post_closure",4.861803126,0.139992967,0.151800290993983,0.839085252129571,34.7289098173053,20.5527983998111,20.5701097993733,52.483392115988,52.5138760297475,2.55292152263316
"5404","Ari",7,7,"weeded","post_closure",4.90950558377333,0.0573756011416127,0.317632953897222,0.645276780215752,85.5678282421101,22.2511225459356,22.2240705074222,37.1502343689132,37.1190694955267,1.67021921043357
"5176","Ari",7,7,"weeded","post_closure",2.91849452632731,0.0206769180027273,0.590378031829884,0.437513874497208,141.147463366753,20.9946326423456,20.9690193946709,35.0889342400279,35.0593961427072,1.67196164412043
"6890","Ari",7,7,"weeded","post_closure",1.21807524424955,0.0174534413551543,0.862966815857273,0.710892556757274,69.789975481817,50.6799806016834,50.8504269673965,67.4643987423495,67.6208681505417,1.32979941729689
"5253","Ari",7,8,"weeded","post_closure",3.46350503719618,0.0550825606520838,0.386335058453565,0.731173803417933,62.8784318701631,27.5407029030111,27.4973531304713,50.3631504655986,50.3084488493675,1.82957423613322
"2438","Ari",7,14,"weeded","post_closure",3.37043008458876,0.0604981469864422,0.367364063879542,0.759301246396045,55.7112945185591,27.2272419557341,27.2825589195093,50.6057371217086,50.6766510090071,1.85747426253221
"2996","Tri",7,14,"weeded","post_closure",4.6762159272725,0.0725805874040803,0.372305229771982,0.72558443403683,64.4279151564102,36.838799457742,36.818257798507,62.9092539281041,62.8850512135774,1.70798552060026
"1851","Tri",7,8,"weeded","post_closure",4.78673157717498,0.0695771872137948,0.394047846011239,0.708692379040767,68.7974287098794,37.0651354780624,37.1012733128998,66.3289517526828,66.3735620115019,1.78898339827125
"3071","Tri",7,8,"weeded","post_closure",4.90324795443458,0.090610821394837,0.247072383766571,0.764974544379635,54.1132712291467,30.0813958267642,30.13327616455,50.1672364860695,50.2269151041974,1.66682556619205
"784","Ari",7,1,"weeded","post_closure",6.41892783461789,0.100921160476142,0.286773290636089,0.727064117769702,63.6033890646287,34.6875466882187,34.5972056398105,60.4379037615934,60.3292729226629,1.74376143410966
"3785","Ari",7,4,"invaded","post_closure",7.21873972792719,0.144429293864693,0.21697722136492,0.780416972074971,49.981132876617,33.7664073810283,34.1852867154498,56.9541732384083,57.4408431477782,1.68027969535263
"421","Ari",7,4,"invaded","post_closure",7.34500400060214,0.129277932521664,0.217200494694168,0.754028702614702,56.8156053963138,40.5475750508002,40.7359682141178,70.2834331159687,70.5085903905654,1.73086816103046
"818","Ari",7,16,"invaded","post_closure",5.60679089746664,0.0751665728001212,0.373861912822444,0.68723643225865,74.5915463297217,38.7272441194346,38.9304068004145,67.8096179593701,68.0548732259402,1.7481161595572
"5488","Tri",3,1,"weeded","post_closure",5.15649373862938,0.159261046660869,0.167333348770631,0.847741722988122,32.3776205590915,23.5548382621151,23.5227454750581,48.6182643773251,48.5725350622433,2.06491776709255
"4250","Mai",3,2,"weeded","post_closure",4.01648274134635,0.0999527600720971,0.178778359158852,0.818957898704956,40.1838102164384,16.4659122301818,16.3438538261216,32.3903610668187,32.2244787974389,1.97165730556988
"5184","Mai",3,13,"weeded","post_closure",3.91708357885991,0.0598250999876879,0.30650511542606,0.722997676467813,65.4755876658134,21.9183619942921,21.9049525763199,40.7395171353119,40.7223125528385,1.85904591260613
"141","Mai",3,13,"weeded","post_closure",2.63536133250938,0.0287950042169503,0.539444032581065,0.626215959636409,91.5214775679062,25.9138306073712,26.0393163006925,44.2107432359006,44.3584209949032,1.70351711552901
"774","Tri",3,20,"weeded","post_closure",4.42878299584637,0.125358227023068,0.212008894237416,0.837360758909015,35.329017496645,24.3109930351419,24.3539597347159,52.2249091488779,52.2886036327275,2.14702677520615
"5479","Tri",3,21,"weeded","post_closure",5.65883629545653,0.124865068516998,0.185164237150361,0.797750206213567,45.3196107019009,22.9018755879743,22.8578819233853,49.7942444528646,49.7282059753145,2.17553866723053
"3643","Mai",3,12,"invaded","post_closure",3.44899130863986,0.0341225018983596,0.413608527462574,0.588355910130075,101.076741644365,20.1562899559064,20.0934281215121,39.3158579062453,39.2311918675132,1.95243895816424
"3993","Mai",5,3,"weeded","post_closure",4.54558044256544,0.0605731419898157,0.402319174153119,0.685927919642062,75.0428373573505,32.2726120145854,32.2918450083895,55.6011962400594,55.6240711718364,1.72254236812375
"631","Mai",5,3,"weeded","post_closure",5.94316782318752,0.0929242489251167,0.384002072127914,0.726231234820917,63.9571252061111,44.7607863718387,44.8040766564275,83.2029254933871,83.2584741618009,1.8582789865363
"flag2_mai","Mai",5,3,"weeded","post_closure",4.29806315006099,0.0798313339030931,0.315191263741607,0.766843992315189,53.8393001835393,28.3318117367348,28.3118716804928,52.8820213698252,52.8563236251663,1.8669314491696
"2215","Ari",5,8,"weeded","post_closure",4.81915759168977,0.0703090791036492,0.386059053357945,0.710167821402243,68.5424649722036,36.4367368341896,36.4970449395116,64.4164782131349,64.4900713595961,1.76699432697849
"flag2_tri","Tri",5,14,"weeded","post_closure",6.55883400978807,0.0978842487826095,0.269772187190881,0.713524461136469,67.0060207986531,30.6203859403395,30.6659596591993,48.7117668773066,48.7617576463386,1.59009397352125
"flag3_tri","Tri",5,14,"weeded","post_closure",4.77211290491802,0.112555546016949,0.215862453104229,0.809851786922456,42.3978477630895,22.5188234122745,22.440190440598,42.5040530320866,42.4016495129755,1.88954053777833
"4177","Tri",5,14,"weeded","post_closure",4.60603381844084,0.104326098577701,0.235586075557128,0.803688322396567,44.1503504994037,23.6356300904175,23.667405343603,46.6963990394374,46.7396868141481,1.97485470568413
"7147","Tri",5,9,"weeded","post_closure",4.48019945305892,0.115524308290098,0.215817875690393,0.823972694110662,38.7814436578014,22.1493182046835,22.1394023584725,42.387780635196,42.3746927781109,1.91399442911766
"43","Tri",5,9,"weeded","post_closure",4.43832381063237,0.0957772481962282,0.251184001632858,0.795339202339653,46.3400639945214,23.7533565507176,23.7424256234835,44.3202182690089,44.3061515426779,1.86611731443543
"2912","Tri",5,11,"invaded","post_closure",4.19666985531084,0.149474038016087,0.169397409195314,0.865103262189333,28.076245955563,19.2870289866259,19.2219746975767,44.0617080760913,43.9591686344787,2.28692261466875
"1374","Tri",5,10,"invaded","post_closure",4.72159072415199,0.137418071719449,0.216842547803631,0.840693281823647,34.3593143541668,24.5224624156806,24.5363863611586,49.4140444270122,49.4333931061009,2.01469737142526
"4844","Mai",7,19,"weeded","post_closure",3.95049018635375,0.0381278592436929,0.409108657977205,0.57942883793379,103.611644207568,21.565698785116,21.7789317310979,38.2217614701911,38.482164012563,1.76694451719203
"4871","Mai",7,19,"weeded","post_closure",5.72292677543467,0.0746714907269641,0.284927819584903,0.680983889153892,76.6413890993622,24.7375684644266,24.761719970119,35.6551612700163,35.6791741696976,1.44090047915706
"2666","Mai",7,20,"weeded","post_closure",6.03708462293291,0.0804388445649869,0.333570359065068,0.687427499539571,75.0518565449498,31.0776234802076,31.1305530485506,53.9020743649446,53.965395834578,1.73351869947233
"5077","Mai",7,20,"weeded","post_closure",3.92778018436196,0.048599759700221,0.343687248845342,0.669055758482514,80.8189219162765,19.2737435222746,19.2796896915377,29.6283280276945,29.6346339718803,1.53709081660623
"4874","Mai",7,28,"invaded","post_closure",6.47053346101502,0.0686976769602518,0.424961048834432,0.614306389660413,94.1885336931967,40.8094692249572,41.0747893196668,68.0344121642238,68.3393198153741,1.66377773196886
"682","Mai",7,23,"invaded","post_closure",4.96033105645985,0.032579982773679,0.465377890186625,0.507391041639342,152.250880269564,38.2995368236486,38.2780727387718,64.1053164287669,64.0805289388686,1.67407929276339
"2265","Mai",7,23,"invaded","post_closure",5.76531386716819,0.0458808501067053,0.528560277319769,0.49438497375037,125.658392417747,41.29376627178,41.3614942187417,61.5694496054498,61.639103774102,1.49025331261297
"4859","Mai",7,24,"invaded","post_closure",5.40560114097769,0.0478529875105938,0.480755614034743,0.544685761408349,112.962668000216,36.3430592728281,36.308513367958,57.1013380706876,57.0638871492135,1.57163931695347
"3581","Mai",7,23,"invaded","post_closure",1.91760609086634,0.014837742644423,0.658712574979884,0.489261288030012,129.238398105463,19.0129437376926,18.9709118177672,39.7007167920633,39.6401494193218,2.08952262285025
"179","Mai",3,30,"invaded","post_closure",1.50165177575691,0.0168352735114173,0.574661800749174,0.636886249866138,89.1967555346531,17.2207355633801,17.2307921635739,38.5729004146525,38.5884472528029,2.23950511888707
"untagged_p3_sub22_q4","Tri",3,22,"invaded","post_closure",4.46820882603584,0.112314447637667,0.189451817438861,0.820568786615109,39.7830280967106,23.1117380349876,23.2415212765702,41.3341730596144,41.4942678337006,1.78535076684206
"6558","Tri",3,22,"invaded","post_closure",4.25987048672771,0.143730285434375,0.146756781894263,0.859278429628469,29.6379463371531,21.8626366695737,21.8692806550796,40.6703160814126,40.6788466793345,1.8600907510822
"1686","Tri",3,6,"invaded","post_closure",2.60228250689903,0.129481485533307,0.135213951405205,0.897171762697914,20.0977189609833,15.5085033979424,15.5230279122435,29.60067213467,29.6198047391825,1.90812030401752
"1926","Tri",3,5,"invaded","post_closure",3.18739562849506,0.11676385817009,0.142406158590282,0.869342501330587,27.2977929853258,18.4429818044732,18.4344716693798,29.367489320784,29.3581354740722,1.59256722951475
"2616","Mai",5,36,"invaded","post_closure",4.93332886861929,0.0652274134882632,0.294118424657355,0.68268710549599,75.632753236597,21.4341827040597,21.3903766593269,36.5320220457114,36.4804623910763,1.70546143118848
"1476","Mai",5,23,"invaded","post_closure",1.26301933637161,0.0154858487458138,0.433891310704112,0.666137707697454,81.5595810796638,9.61170834253245,9.62350807821458,1e+06,1000847.42169538,104000.268255718
"4781","Mai",5,23,"invaded","post_closure",4.80479126237351,0.0839698989188262,0.288197550561994,0.753117383668155,57.2204006940428,26.1895741278694,26.1677378095659,48.4193253436343,48.391450538069,1.84927909665844
