id,spp,plot,subplot,quad,gm.trt,rosette_subplot,adult_subplot,total_subplot,rosette_quad,adult_quad,total_quad,anet_pre,gsw_pre,ci.ca_pre,iwue_pre,stom.lim_pre,vcmax25_pre,jmax25_pre,jmax.vcmax_pre,rd25_pre,rd.vcmax_pre,anet_post,gsw_post,ci.ca_post,iwue_post,stom.lim_post,vcmax25_post,jmax25_post,jmax.vcmax_post,rd25_post,rd.vcmax_post
1926,Tri,3,5,2,invaded,43,22,65,3,3,3,11.83860636,0.148474062,0.656702587,79.73518203,0.526813088,93.34117893,172.6765701,0.540554974,4.917214654,0.052680014,3.187395628,0.116763858,0.869342501,27.29779299,0.017103458,15.08205665,25.61647683,0.588763894,1.575400246,0.104455266
5495,Tri,3,3,2,weeded,0,0,0,NA,NA,NA,15.82502038,0.249590615,0.714524262,63.40390796,0.292789783,87.26806664,177.6301344,0.491290889,5.559808901,0.063709546,NA,NA,NA,NA,NA,NA,NA,NA,NA,NA
552,Tri,3,14,2,weeded,0,0,0,NA,NA,NA,13.08396858,0.16532543,0.656420811,79.14068985,0.346162229,77.93302457,149.0287368,0.522939577,4.83163794,0.061997311,NA,NA,NA,NA,NA,NA,NA,NA,NA,NA
916,Tri,3,16,2_4,invaded,0,0,0,0,0,0,14.87148345,0.177952393,0.636455796,83.57001105,0.387635786,94.07081901,173.4160482,0.542457402,5.803038043,0.061687972,NA,NA,NA,NA,NA,NA,NA,NA,NA,NA
1686,Tri,3,6,3,invaded,14,20,34,5,5,5,14.05270869,0.144608857,0.592885741,97.17737199,0.396061313,87.65902449,155.172417,0.564913702,4.777893165,0.054505434,2.602282507,0.129481486,0.897171763,20.09771896,0.044448074,13.91178009,24.33889409,0.571586369,1.721062851,0.123712626
2416,Tri,3,17,2_4,invaded,0,0,0,0,0,0,13.18355301,0.152416776,0.626184461,86.4967319,0.441036536,84.17783532,142.179769,0.592052132,3.413946894,0.040556364,NA,NA,NA,NA,NA,NA,NA,NA,NA,NA
3563,Tri,3,4,1,invaded,0,0,0,0,0,0,11.79064329,0.14435188,0.647266196,81.67987345,0.437013227,75.56296208,136.3243626,0.554288028,3.5539916,0.047033514,NA,NA,NA,NA,NA,NA,NA,NA,NA,NA
4714,Tri,3,7,4,weeded,0,0,0,NA,NA,NA,13.78498817,0.182451938,0.667324699,75.55407918,0.311151856,74.76300771,143.7313537,0.52015796,3.787737717,0.05066326,NA,NA,NA,NA,NA,NA,NA,NA,NA,NA
5488,Tri,3,1,1,weeded,0,0,0,0,0,0,13.17314056,0.132422625,0.575686698,99.47802016,0.448622224,86.25247522,173.7486434,0.496421,4.103927342,0.047580401,5.156493739,0.159261047,0.847741723,32.37762056,0.126522766,23.67338786,48.94441281,0.483679066,1.659520491,0.070100676
6578,Tri,3,1,4,weeded,0,0,0,NA,NA,NA,12.229702,0.129464452,0.59652232,94.46378377,0.410539382,76.17339806,139.9821943,0.544164909,3.641232749,0.047801895,NA,NA,NA,NA,NA,NA,NA,NA,NA,NA
902,Tri,3,7,4,weeded,0,0,0,NA,NA,NA,15.63029543,0.188616508,0.635616199,82.86812006,0.413834849,95.52456836,167.1763362,0.571400059,3.742719152,0.039180697,NA,NA,NA,NA,NA,NA,NA,NA,NA,NA
1157,Mai,3,30,1,invaded,0,0,0,0,0,0,8.970671885,0.161492435,0.7545181,55.54855796,0.199320291,41.35717264,72.31331091,0.571916458,1.884502369,0.045566518,NA,NA,NA,NA,NA,NA,NA,NA,NA,NA
1240,Mai,7,21,1,weeded,0,0,0,NA,NA,NA,11.01176218,0.208843531,0.762603197,52.72733193,0.253183568,63.31919078,121.3417252,0.521825371,5.381717191,0.084993461,NA,NA,NA,NA,NA,NA,NA,NA,NA,NA
1264,Mai,7,21,1,weeded,0,0,0,NA,NA,NA,10.82726997,0.199343102,0.756656801,54.31474609,0.279925287,66.49398058,138.7779047,0.479139534,6.181005353,0.092955863,NA,NA,NA,NA,NA,NA,NA,NA,NA,NA
1432,Mai,5,17,2,invaded,0,0,0,0,0,0,9.247133758,0.126158161,0.685682548,73.29794351,0.347727365,57.75210758,103.886287,0.555916563,4.368875069,0.075648756,NA,NA,NA,NA,NA,NA,NA,NA,NA,NA
1499,Mai,5,17,2_4,invaded,0,0,0,0,0,0,9.422513843,0.153379542,0.731160253,61.43266384,0.259107934,51.11479745,93.88579265,0.544435915,3.508904963,0.068647537,NA,NA,NA,NA,NA,NA,NA,NA,NA,NA
1663,Mai,3,30,1_3,invaded,0,0,0,0,0,0,5.831230438,0.079690377,0.692794118,73.17358328,0.28854203,31.51700071,54.91086441,0.573966574,1.881151138,0.05968687,NA,NA,NA,NA,NA,NA,NA,NA,NA,NA
179,Mai,3,30,2,invaded,19,59,78,8,8,8,11.90789853,0.184430619,0.716747314,64.56573531,0.318705653,72.29548503,134.3223149,0.538223936,5.726876769,0.079214861,1.501651776,0.016835274,0.63688625,89.19675553,0.548415924,17.23185892,38.66634422,0.44565524,2.179758318,0.126495831
3665,Mai,3,30,1,invaded,0,0,0,0,0,0,10.69930571,0.218064461,0.77782684,49.06487587,0.180819759,46.40948981,81.00889189,0.572893774,1.798726187,0.038757724,NA,NA,NA,NA,NA,NA,NA,NA,NA,NA
1975,Tri,7,18,3,invaded,0,0,0,0,0,0,10.88587845,0.098832521,0.54024625,110.1447008,0.753980477,193.4702505,276.6846176,0.699244693,17.57512054,0.090841463,NA,NA,NA,NA,NA,NA,NA,NA,NA,NA
1997,Tri,7,24,2,invaded,0,0,0,0,0,0,13.6474419,0.147222405,0.602625013,92.69949027,0.462015816,103.6844544,195.3669197,0.530716533,7.59676049,0.073268076,3.647651725,0.04329596,0.643077641,84.24923993,0.394795661,26.4416225,43.56564823,0.606937428,2.420156256,0.091528281
2131_mai,Mai,3,30,2,invaded,0,0,0,0,0,0,10.44474996,0.153847259,0.705860921,67.89038705,0.281735019,55.77961663,103.4093743,0.539405803,3.275102144,0.058715035,NA,NA,NA,NA,NA,NA,NA,NA,NA,NA
2265,Mai,7,23,NA,invaded,0,0,0,0,0,0,9.878212792,0.147649817,0.692655184,66.90298026,0.350473162,65.12112169,114.6522354,0.567988243,5.534393742,0.084986155,5.765313867,0.04588085,0.494384974,125.6583924,0.431122829,31.26310624,43.84910845,0.712970169,-0.146934623,-0.004699937
2285,Mai,7,23,2,invaded,0,0,0,0,0,0,10.01741015,0.12995275,0.669999395,77.08501859,0.360521613,65.90127085,116.2684566,0.566802663,5.363142263,0.081381469,NA,NA,NA,NA,NA,NA,NA,NA,NA,NA
2337,Mai,3,22,2,invaded,0,0,0,0,0,0,7.417571292,0.14711737,0.776753443,50.41941201,0.223357529,37.44085894,67.23939636,0.556829195,2.40611794,0.064264496,NA,NA,NA,NA,NA,NA,NA,NA,NA,NA
2379,Tri,7,23,3,invaded,0,0,0,0,0,0,12.28291562,0.140562986,0.62324741,87.38371295,0.449695155,97.00045179,178.354424,0.543863447,8.114068272,0.083649799,NA,NA,NA,NA,NA,NA,NA,NA,NA,NA
2382,Tri,7,23,3,invaded,0,0,0,0,0,0,11.60912672,0.119116337,0.585113221,97.4604073,0.521450245,108.6600484,195.5420742,0.555686283,9.510312779,0.087523546,NA,NA,NA,NA,NA,NA,NA,NA,NA,NA
2508,Tri,5,21,NA,weeded,0,0,0,0,0,0,11.57615661,0.1142837,0.573206888,101.2931556,0.637078705,145.8136971,230.0352236,0.633875521,14.5988756,0.100120057,4.590147772,0.09812845,0.793421468,46.77693138,0.221068292,27.48505949,53.95531132,0.50940415,2.887767734,0.105066818
2547,Tri,5,19,1,weeded,0,0,0,0,0,0,12.99489428,0.148668518,0.624742783,87.40851429,0.399101094,84.63312547,167.7407509,0.504547196,5.341814156,0.063117297,5.298126851,0.124535122,0.808708123,42.54323412,0.187876175,28.29984936,58.22329214,0.486057183,2.517152228,0.088945782
2666,Mai,7,20,4,weeded,0,0,0,0,0,0,10.51541549,0.158485379,0.710622854,66.34943587,0.314026873,61.72684231,116.2687993,0.530897736,4.455249664,0.07217686,6.037084623,0.080438845,0.6874275,75.05185654,0.214809618,23.0251619,35.64626071,0.645934846,-0.332847586,-0.01445582
2886,Tri,7,24,3,invaded,0,0,0,0,0,0,10.8358556,0.123425719,0.626703866,87.79252564,0.468948738,87.96058442,148.089794,0.593967903,7.605286879,0.086462441,NA,NA,NA,NA,NA,NA,NA,NA,NA,NA
2988,Tri,5,33,1_2,weeded,0,0,0,0,0,0,13.10648159,0.133841194,0.583633192,97.92561765,0.587982855,135.9716045,220.8552443,0.615659388,11.58325113,0.085188751,3.74526823,0.127950066,0.860930224,29.27132698,0.090046722,16.47372063,28.54975468,0.57701794,1.146963754,0.069623844
3004,Tri,5,21,4,weeded,0,0,0,0,0,0,12.10690556,0.128637614,0.600160623,94.11637221,0.526999098,105.9838795,183.5553439,0.577394683,8.32068674,0.078508984,4.875041966,0.101241239,0.787763975,48.15272921,0.215880016,27.31545877,55.8896118,0.488739462,2.509246903,0.091861789
3043,Tri,7,24,3,invaded,0,0,0,0,0,0,6.493201908,0.097623913,0.612341107,66.51241185,0.8089592,165.3413144,231.1926865,0.715166716,15.1415389,0.091577468,NA,NA,NA,NA,NA,NA,NA,NA,NA,NA
3077,Tri,5,21,1_2,weeded,0,0,0,NA,NA,NA,12.66787838,0.136217622,0.603391288,92.99735375,0.63167944,156.901602,254.7804952,0.615830509,15.65727979,0.099790439,NA,NA,NA,NA,NA,NA,NA,NA,NA,NA
3526,Tri,7,35,4,invaded,0,4,4,0,0,0,13.10470354,0.15075639,0.623713138,86.92635543,0.507579559,112.9641073,197.9644835,0.570628152,9.436100217,0.083531844,4.181350132,0.051676518,0.653360856,80.91392927,0.30574694,21.89918699,33.61702212,0.651431495,0.973322484,0.044445599
3581,Mai,7,23,2,invaded,0,0,0,0,0,0,9.256708301,0.121716506,0.674858968,76.05138042,0.386770757,66.10766869,117.0683809,0.564692773,6.049354717,0.091507609,1.917606091,0.014837743,0.489261288,129.2383981,0.647742536,19.34695289,39.83215548,0.485711924,0.737002246,0.03809397
3960,Mai,5,3,1,weeded,0,0,0,NA,NA,NA,10.41522693,0.17474168,0.736673852,59.60356413,0.2718024,56.30381149,108.569036,0.518599166,3.684717276,0.065443478,NA,NA,NA,NA,NA,NA,NA,NA,NA,NA
3993,Mai,5,3,1,weeded,0,0,0,0,0,0,4.106476716,0.152641796,0.758608331,26.90270177,0.720388062,54.56645027,92.39657225,0.590567907,2.636642808,0.048319852,4.545580443,0.060573142,0.68592792,75.04283736,0.339523598,29.00023491,47.98832516,0.604318547,2.382420782,0.082151775
4000,Tri,5,20,4,weeded,0,0,0,NA,NA,NA,13.4198004,0.132360944,0.569258093,101.387917,0.556496989,131.9857156,234.6264312,0.56253558,11.66207685,0.088358629,NA,NA,NA,NA,NA,NA,NA,NA,NA,NA
4081,Tri,7,18,3,invaded,0,0,0,0,0,0,12.85478286,0.144540319,0.608132424,88.93561983,0.518149287,110.1748216,186.2304285,0.591604833,8.469284829,0.076871328,NA,NA,NA,NA,NA,NA,NA,NA,NA,NA
4109,Tri,5,32,1_2,weeded,0,0,0,NA,NA,NA,12.95343851,0.126199758,0.565306001,102.6423403,0.618572185,149.1865877,245.6986341,0.607193395,13.65770969,0.091547839,NA,NA,NA,NA,NA,NA,NA,NA,NA,NA
4414,Tri,5,22,2,invaded,39,25,64,6,6,6,14.54540431,0.177795274,0.643894766,81.80984783,0.461141055,114.7407659,214.9297259,0.533852474,9.576871623,0.083465293,5.624384689,0.118934007,0.790264724,47.28996215,0.31684148,46.08660474,88.33367144,0.521733151,6.490360368,0.140829649
4431,Tri,5,23,3,invaded,21,22,43,9,9,9,9.816215502,0.103144864,0.600303246,95.16921271,0.598101316,115.8960876,188.0096494,0.616436911,12.55702354,0.10834726,4.861803126,0.139992967,0.839085252,34.72890982,0.116593518,20.72455507,52.76926935,0.392739095,1.117394893,0.053916472
4576,Tri,5,21,3,weeded,0,0,0,NA,NA,NA,10.46039928,0.098526445,0.55649893,106.1684432,0.662888817,139.9709318,217.1639993,0.644540219,13.59042084,0.097094594,NA,NA,NA,NA,NA,NA,NA,NA,NA,NA
4676,Mai,7,24,3,invaded,0,0,0,0,0,0,9.399316346,0.113101554,0.647356813,83.10510345,0.396324662,66.34340517,115.3147943,0.575324316,5.517762421,0.08316972,NA,NA,NA,NA,NA,NA,NA,NA,NA,NA
4736,Mai,7,23,4,invaded,0,0,0,0,0,0,2.158733461,0.01673686,0.485560348,128.9807922,NA,NA,NA,NA,NA,NA,NA,NA,NA,NA,NA,NA,NA,NA,NA,NA
4802,Mai,7,30,1,invaded,0,0,0,0,0,0,7.351220664,0.075345193,0.59532823,97.56721526,0.589136688,87.55589811,136.9505544,0.63932489,10.0069825,0.1142925,NA,NA,NA,NA,NA,NA,NA,NA,NA,NA
482,Tri,5,22,1,invaded,39,25,64,16,16,16,10.61920378,0.097918285,0.547295663,108.4496504,0.63047688,124.5201413,193.7522742,0.642677057,10.9824906,0.088198507,4.243861653,0.076053966,0.759544715,55.80066203,0.267681981,26.85883516,48.39500787,0.554991854,2.78547628,0.103708008
4844,Mai,7,19,center,weeded,0,0,0,0,0,0,10.46466712,0.218365722,0.782200962,47.92266398,0.219739122,52.78822289,100.8826632,0.523263574,3.466603195,0.065670011,3.950490186,0.038127859,0.579428838,103.6116442,0.368078386,20.04761311,33.51644112,0.598142656,0.153053799,0.007634515
4859,Mai,7,24,3,invaded,0,0,0,0,0,0,10.92645993,0.149061119,0.683257591,73.3018778,0.347990395,69.72728976,124.4945696,0.560082982,5.507048943,0.078979822,5.405601141,0.047852988,0.544685761,112.962668,0.376408203,27.489601,40.15719953,0.684549752,0.113601328,0.00413252
4865,Mai,7,24,3,invaded,0,0,0,0,0,0,7.355956265,0.07530835,0.595307932,97.67783075,0.603961348,84.79653175,138.5723601,0.611929621,8.575489862,0.101130196,NA,NA,NA,NA,NA,NA,NA,NA,NA,NA
4871,Mai,7,19,1,weeded,0,0,0,0,0,0,10.89475907,0.195162921,0.750752362,55.82391888,0.245781923,56.3100136,105.2169441,0.53518009,3.478479446,0.061773728,5.722926775,0.074671491,0.680983889,76.6413891,0.228079211,21.73021669,33.77742364,0.643335528,-0.471732664,-0.021708604
4959,Tri,5,22,4,invaded,39,25,64,11,11,11,12.50744023,0.130841998,0.593642967,95.59193853,0.597425115,131.9186212,208.9739812,0.631268163,11.0047168,0.083420496,5.402678416,0.11900292,0.797596326,45.39954495,0.216030995,30.7823988,60.50491078,0.508758684,2.942599556,0.095593575
4990,Tri,5,22,1_3,invaded,39,25,64,0,0,0,12.07849609,0.131773586,0.609830186,91.66098045,0.564231141,118.5575311,202.1247804,0.58655614,10.11125356,0.085285629,5.247995538,0.131254379,0.818682142,39.98339391,0.16996907,24.37152152,49.79950791,0.489392818,1.463311888,0.060041877
5015,Mai,7,20,4,weeded,0,0,0,NA,NA,NA,10.16626426,0.149802918,0.705017547,67.86426056,0.323876071,62.15891051,113.516368,0.547576633,4.788797194,0.077041202,NA,NA,NA,NA,NA,NA,NA,NA,NA,NA
5073,Mai,7,20,4,weeded,0,0,0,NA,NA,NA,10.84307142,0.186560044,0.741956714,58.12108095,0.265870146,59.88512279,112.4819779,0.532397491,4.307951092,0.071936917,NA,NA,NA,NA,NA,NA,NA,NA,NA,NA
5077,Mai,7,20,4,weeded,0,0,0,0,0,0,9.201127273,0.141935504,0.717968196,64.82611478,0.298043395,53.74398215,97.76035173,0.54975234,3.960578301,0.073693428,3.927780184,0.04859976,0.669055758,80.81892192,0.28424644,16.9804376,27.60021282,0.615228502,-0.062880128,-0.003703092
511,Mai,3,30,2,invaded,0,0,0,0,0,0,7.560785669,0.124262387,0.736971967,60.84532779,0.227674728,38.15985568,66.46862717,0.574103262,2.334955812,0.061188801,NA,NA,NA,NA,NA,NA,NA,NA,NA,NA
5115,Tri,5,19,3,weeded,0,0,0,0,0,0,12.37349003,0.133964131,0.606466727,92.3642018,0.503842231,102.1089579,185.1191674,0.551585011,7.642018949,0.074841807,6.043359586,0.144787652,0.811071796,41.73946813,0.153294774,25.0502732,49.19314804,0.509222813,0.86530183,0.03454261
5228,Tri,5,19,1,weeded,0,0,0,NA,NA,NA,8.05144007,0.062371127,0.472707926,129.089219,0.738565878,132.4884635,202.4702031,0.654360303,11.44466655,0.086382363,NA,NA,NA,NA,NA,NA,NA,NA,NA,NA
543,Mai,3,30,2_4,invaded,0,0,0,0,0,0,7.053447862,0.137246145,0.773764877,51.39268474,0.188911327,31.9245186,57.4982446,0.555225969,1.495308844,0.046838885,NA,NA,NA,NA,NA,NA,NA,NA,NA,NA
5479,Tri,3,21,3,weeded,0,0,0,0,0,0,11.88229882,0.133525777,0.610261692,88.98880117,0.553025255,117.3171384,199.3538396,0.588486977,10.99747169,0.093741391,5.658836295,0.124865069,0.797750206,45.3196107,0.153935169,23.20678929,50.2669649,0.461670788,0.72544658,0.031260101
583,Tri,3,23,3_4,invaded,0,0,0,0,0,0,9.629140061,0.108066281,0.613797437,89.10401998,0.486777014,78.28474083,139.7158359,0.560314014,6.282220609,0.080248341,NA,NA,NA,NA,NA,NA,NA,NA,NA,NA
5877,Tri,5,27,3,weeded,0,0,0,0,0,0,10.70342709,0.099290376,0.549342437,107.7992402,0.624181368,125.5930339,211.5415399,0.593703884,11.54259982,0.091904777,4.82148477,0.139832958,0.839739986,34.48031734,0.153046907,23.26539199,43.35397684,0.536638013,1.739846404,0.074782596
652,Mai,7,30,3,invaded,0,1,1,0,0,0,8.225997185,0.089862942,0.616848343,91.53937098,0.440406503,66.8137327,110.216956,0.606201941,6.474779431,0.096907914,3.504171051,0.032376013,0.551048119,108.2335583,0.484503409,27.32466657,40.84766149,0.668940781,1.931741844,0.070695898
631,Mai,5,3,3,weeded,0,0,0,0,0,0,9.285244518,0.137449886,0.690785078,67.55367202,0.346102509,58.61093008,103.4562323,0.566528751,4.469683811,0.076260244,5.943167823,0.092924249,0.726231235,63.95712521,0.325376443,41.15816923,72.77644711,0.565542437,4.339181499,0.10542698
6507,Tri,7,12,2_4,invaded,0,0,0,0,0,0,13.10288945,0.131348588,0.576187938,99.75660682,0.497271435,103.1865193,178.5237037,0.577998984,6.85053069,0.066389784,NA,NA,NA,NA,NA,NA,NA,NA,NA,NA
682,Mai,7,23,2_4,invaded,0,0,0,0,0,0,19.48824075,0.153409562,0.818144965,127.0340681,-0.224450851,66.44069058,119.1720852,0.557518906,5.221365138,0.078586858,4.960331056,0.032579983,0.507391042,152.2508803,0.414177407,35.19750148,57.5284087,0.611828178,2.777242769,0.078904543
7574,Tri,7,12,2_4,invaded,0,0,0,0,0,0,13.28578143,0.151334394,0.622483922,87.79089194,0.380772602,81.40333829,160.5620321,0.50698996,4.472563866,0.054943249,NA,NA,NA,NA,NA,NA,NA,NA,NA,NA
860,Mai,7,28,1,invaded,0,0,0,0,0,0,10.45538049,0.127718407,0.650069382,81.86275366,0.378467613,70.28045861,122.8669025,0.572004805,5.57746383,0.079360094,NA,NA,NA,NA,NA,NA,NA,NA,NA,NA
flag2_mai,Mai,5,3,3,weeded,0,0,0,0,0,0,10.82086308,0.153082789,0.693437138,70.68634659,0.302667306,59.06542693,103.2441307,0.572094767,3.343631443,0.056608944,4.29806315,0.079831334,0.766843992,53.83930018,0.268353152,27.3469305,50.07870412,0.546079037,2.862010343,0.104655634
1021,Mai,3,24,2,invaded,24,13,37,9,9,9,9.43550077,0.156698312,0.724791336,60.21443786,0.205617718,40.58860492,67.75610892,0.599039785,1.094856799,0.026974487,4.461952357,0.068688906,0.724549332,64.95885016,0.222352638,22.89449732,37.586834,0.609109491,1.576340017,0.068852353
1153,Mai,7,32,2,weeded,0,0,0,NA,NA,NA,8.134168374,0.107686801,0.675235286,75.53542587,0.358380913,54.08467502,93.61594918,0.577729281,4.53530109,0.083855567,NA,NA,NA,NA,NA,NA,NA,NA,NA,NA
1159,Mai,7,31,3,weeded,0,0,0,0,0,0,11.48315241,0.181209419,0.716181989,63.36951177,0.281260147,58.58256916,106.0025277,0.552652568,2.672615562,0.045621344,4.687148851,0.071928339,0.72293606,65.16414677,0.174346901,20.34936409,32.27389478,0.630520866,0.824106558,0.040497902
1374,Tri,5,10,1,invaded,6,27,33,4,4,4,11.43326406,0.141725516,0.659646542,80.6718817,0.442530363,86.40885082,156.4511333,0.552305688,7.05747736,0.081675399,4.721590724,0.137418072,0.840693282,34.35931435,0.176886628,24.52004727,49.45959792,0.495759131,2.097153868,0.085528133
141,Mai,3,13,2,weeded,0,0,0,0,0,0,11.31508766,0.164866201,0.695710282,68.6319427,0.263051257,55.88085251,95.14058696,0.587350302,2.339096308,0.041858637,2.635361333,0.028795004,0.62621596,91.52147757,0.51409474,25.91200349,44.19059929,0.586369135,2.854488315,0.110160849
1647,Tri,7,11,center,invaded,0,0,0,0,0,0,3.416657407,0.097454015,0.698624106,35.05917542,0.879243432,119.7785325,189.6857084,0.631457865,9.785725188,0.08169849,NA,NA,NA,NA,NA,NA,NA,NA,NA,NA
1669,Tri,7,11,1_3,invaded,0,0,0,0,0,0,14.51949119,0.173981927,0.636739703,83.45401985,0.45225161,104.2337001,185.0301355,0.563333642,6.689922203,0.064181951,NA,NA,NA,NA,NA,NA,NA,NA,NA,NA
1739,Tri,5,14,2,weeded,0,0,0,NA,NA,NA,12.35615426,0.124491626,0.579474699,99.25289481,0.493219084,102.7763692,180.8988877,0.568142627,8.376492537,0.081502125,NA,NA,NA,NA,NA,NA,NA,NA,NA,NA
1795,Tri,5,14,2,weeded,0,0,0,NA,NA,NA,12.32494683,0.140087396,0.623427273,87.9804121,0.469110118,94.94225513,168.0649718,0.564913998,7.06068695,0.074368225,NA,NA,NA,NA,NA,NA,NA,NA,NA,NA
1817,Mai,7,32,3,weeded,0,0,0,NA,NA,NA,13.92293903,0.250542981,0.742863797,55.57106,0.241653642,70.68181829,131.2816646,0.538398248,4.168872645,0.058980835,NA,NA,NA,NA,NA,NA,NA,NA,NA,NA
1827,Tri,7,8,3,weeded,0,0,0,NA,NA,NA,1.685088751,0.265677431,0.875731846,6.342611582,0.939755575,107.0078485,216.8062991,0.493564297,6.131677966,0.057301198,NA,NA,NA,NA,NA,NA,NA,NA,NA,NA
1851,Tri,7,8,3,weeded,0,0,0,0,0,0,13.72632147,0.15115469,0.609478616,90.8097623,0.504340596,110.3660699,199.2838346,0.55381346,7.574348454,0.068629321,4.786731577,0.069577187,0.708692379,68.79742871,0.371090481,38.52307949,67.96971325,0.56676831,4.695795368,0.121895638
2131_tri,Tri,7,11,1,invaded,0,0,0,0,0,0,9.934184237,0.081273207,0.494911188,122.2319705,0.640245563,119.8111802,203.6439462,0.588336567,10.56442005,0.088175578,NA,NA,NA,NA,NA,NA,NA,NA,NA,NA
2268,Mai,3,18,4,invaded,15,36,51,7,7,7,10.53298045,0.182500348,0.739833469,57.71485132,0.239478107,51.09433563,91.2938197,0.559669163,2.473664538,0.048413675,3.512619413,0.041633869,0.652090042,84.36927757,0.411044939,26.32810252,42.54329108,0.618854392,2.446875555,0.092937786
2289,Tri,7,11,1_3,invaded,0,0,0,0,0,0,15.03946649,0.16171153,0.59852682,93.00181929,0.507969065,119.1328341,203.619669,0.585075276,7.419452838,0.062278824,NA,NA,NA,NA,NA,NA,NA,NA,NA,NA
2310,Mai,3,4,2,invaded,0,0,0,0,0,0,8.566985343,0.121472262,0.693357366,70.52626832,0.315226224,47.34255815,81.62186986,0.580022955,2.563470297,0.05414727,NA,NA,NA,NA,NA,NA,NA,NA,NA,NA
2329,Tri,3,20,3,weeded,0,0,0,NA,NA,NA,11.30115501,0.113373987,0.569070668,99.68031741,0.600345266,116.799464,185.2229494,0.630588512,8.937563591,0.076520587,NA,NA,NA,NA,NA,NA,NA,NA,NA,NA
235,Mai,7,34,4,invaded,0,0,0,0,0,0,9.561452037,0.115646947,0.648361112,82.67794598,0.431599932,61.53241049,98.40890809,0.625272769,2.775201757,0.045101463,NA,NA,NA,NA,NA,NA,NA,NA,NA,NA
2546,Mai,7,33,3,weeded,0,0,0,0,0,0,6.417388368,0.060805529,0.565496512,105.5395533,0.690671149,92.21297057,124.1798577,0.742575908,8.554135686,0.092764994,6.028105386,0.090672498,0.716205217,66.48218054,0.24864106,32.58951535,55.46318663,0.587588224,2.388425492,0.073288156
2563,Tri,5,16,3,invaded,2,27,29,0,0,0,13.10096192,0.12722373,0.563632646,102.9757728,0.537952062,116.2866573,211.3379555,0.550240287,8.760592829,0.075336182,3.246688403,0.072662397,0.802924177,44.68182357,0.298106945,32.71752833,60.16070048,0.543835562,5.826641751,0.178089301
2573,Tri,5,31,4,weeded,0,0,0,NA,NA,NA,11.41146449,0.149786527,0.671147902,76.18485266,0.396684369,78.14201873,143.4703512,0.544656217,6.03838462,0.07727449,NA,NA,NA,NA,NA,NA,NA,NA,NA,NA
2616,Mai,5,36,3,invaded,26,19,45,6,6,6,5.4085162,0.155748083,0.739753366,34.7260531,0.613404345,51.0500364,89.59740675,0.569771361,2.373699773,0.046497514,4.933328869,0.065227413,0.682687105,75.63275324,0.233593455,18.87443573,29.02516649,0.650278293,-0.40715061,-0.021571538
2662,Mai,5,36,3,invaded,26,19,45,6,6,6,10.72873643,0.156451357,0.689550981,68.57554089,0.324607486,59.64828908,106.1054871,0.562160268,3.135067054,0.052559212,0.928410337,0.013206812,0.708814224,70.29783987,0.86565461,27.24422648,48.09948028,0.566414155,1.79308169,0.065815107
2912,Tri,5,11,3_4,invaded,10,61,71,0,0,0,14.8357365,0.195182574,0.67228535,76.00953403,0.419756524,104.8334823,196.9191403,0.53236817,7.872177247,0.075092204,4.196669855,0.149474038,0.865103262,28.07624596,0.130640639,19.37708136,44.25144841,0.437885811,1.36307708,0.070344809
2927,Tri,7,14,4,weeded,0,0,0,NA,NA,NA,13.39094691,0.15014503,0.616519445,89.18674771,0.49575664,104.426166,176.8210637,0.590575375,6.736440968,0.064509129,NA,NA,NA,NA,NA,NA,NA,NA,NA,NA
2996,Tri,7,14,1,weeded,0,0,0,0,0,0,8.980399826,0.079476916,0.531923135,112.9938135,0.61744619,101.0621996,170.6039571,0.592378988,8.710247654,0.086186999,4.676215927,0.072580587,0.725584434,64.42791516,0.337729746,37.39813951,63.70651147,0.587037944,4.886684348,0.130666509
3071,Tri,7,8,center,weeded,0,0,0,0,0,0,14.98949048,0.161360894,0.598829543,92.89419579,0.505593548,118.3786762,209.0835384,0.566178845,7.458366184,0.063004305,4.903247954,0.090610821,0.764974544,54.11327123,0.20281346,29.21157385,48.78655093,0.598762841,3.181521646,0.108913051
3427,Tri,7,35,4,invaded,0,4,4,0,0,0,9.459114046,0.108760238,0.631812362,86.97217126,0.518295017,80.81186663,139.9830778,0.577297398,5.850417124,0.07239552,4.269558421,0.051950082,0.652984759,82.18578803,0.325902064,23.27695255,38.6192637,0.602729061,1.102544769,0.047366371
3539,Mai,7,31,3_4,weeded,0,0,0,NA,NA,NA,4.341236727,0.209049894,0.790107587,20.76651006,0.759054453,68.91481394,128.7372856,0.535313554,3.926885588,0.056981734,NA,NA,NA,NA,NA,NA,NA,NA,NA,NA
3643,Mai,3,12,2,invaded,33,26,59,3,3,3,9.786999265,0.209068955,0.783075385,46.81230298,0.177435053,43.40990638,75.27482323,0.576685597,1.892201347,0.04358916,3.448991309,0.034122502,0.58835591,101.0767416,0.392245064,20.42073285,39.57394447,0.516014593,0.848834769,0.041567302
4105,Tri,5,10,4,invaded,0,0,0,0,0,0,13.47562771,0.155224021,0.626041906,86.81406153,0.48401181,105.4972492,188.8100948,0.558747928,7.517264428,0.071255549,NA,NA,NA,NA,NA,NA,NA,NA,NA,NA
4177,Tri,5,14,2,weeded,0,0,0,0,0,0,12.1739109,0.122523321,0.579410854,99.35994879,0.499545637,102.7763692,180.8988877,0.568142627,8.376492537,0.081502125,4.606033818,0.104326099,0.803688322,44.1503505,0.200182216,23.93700467,47.12223487,0.507976855,1.888293531,0.078885957
42,Mai,7,36,1,invaded,0,0,0,0,0,0,9.957399663,0.10983631,0.616718913,90.65672056,0.409331627,66.89528272,110.4205583,0.605822718,4.521050729,0.067583999,3.60190199,0.02928288,0.495078203,123.0036799,0.560251574,32.36341573,52.76859055,0.613308322,2.148306372,0.066380706
4250,Mai,3,2,4,weeded,0,0,0,0,0,0,12.21542417,0.206249216,0.730728057,59.22652414,0.23478548,57.12040044,98.89548204,0.577583518,2.192013957,0.038375325,4.016482741,0.09995276,0.818957899,40.18381022,0.13636701,15.83420681,29.58020535,0.535297393,0.407866774,0.025758586
43,Tri,5,9,1_3,weeded,0,0,0,0,0,0,13.09090347,0.153907765,0.633697952,85.05680964,0.375162712,77.06198582,149.2513826,0.51632343,3.628864585,0.047090203,4.438323811,0.095777248,0.795339202,46.34006399,0.214168964,23.66391851,44.20911692,0.535272364,1.911968222,0.080796772
4547,Tri,5,10,center,invaded,6,27,33,0,0,0,14.8946045,0.175749399,0.631659834,84.74910631,0.46673685,109.8121987,191.9069396,0.572215882,7.058598414,0.064278819,3.783593913,0.179691446,0.892411123,21.05606025,0.078097397,16.16281113,29.06797269,0.556035032,1.05941371,0.065546377
4781,Mai,5,23,1,invaded,21,22,43,2,2,2,10.30739841,0.16619658,0.715693611,62.01931718,0.258455588,51.92092168,93.47734824,0.555438538,2.664563908,0.051319657,4.804791262,0.083969899,0.753117384,57.22040069,0.249049589,25.4408573,45.7296146,0.556332204,1.729302485,0.067973436
4834,Mai,7,30,2,invaded,0,0,0,0,0,0,9.269212474,0.1019603,0.616898462,90.9100157,0.426850651,67.39977011,112.4676781,0.599281245,5.319566321,0.078925586,NA,NA,NA,NA,NA,NA,NA,NA,NA,NA
4874,Mai,7,28,2,invaded,0,0,0,0,0,0,5.363233632,0.047323408,0.537855495,113.3315173,0.615148349,64.06013681,106.1021208,0.603759249,6.485821626,0.101245829,6.470533461,0.068697677,0.61430639,94.18853369,0.325629205,31.81308087,48.84373138,0.651323721,0.568395676,0.017866728
4883,Mai,7,35,1,invaded,0,0,0,0,0,0,10.11377935,0.122718076,0.648471589,82.41474834,0.424702012,70.09916345,113.9057193,0.615413904,4.766042264,0.067990002,NA,NA,NA,NA,NA,NA,NA,NA,NA,NA
4934,Tri,3,23,4,invaded,0,0,0,0,0,0,20.78881586,0.15570227,0.670335743,133.5164597,-0.063404758,73.14711542,136.7883224,0.534746784,3.708918562,0.050704919,NA,NA,NA,NA,NA,NA,NA,NA,NA,NA
4942,Tri,3,27,1,weeded,0,0,0,NA,NA,NA,13.85380139,0.155266711,0.616046886,89.22583148,0.442829586,93.34117893,172.6765701,0.540554974,4.917214654,0.052680014,NA,NA,NA,NA,NA,NA,NA,NA,NA,NA
5030,Mai,3,24,1,invaded,24,13,37,2,2,2,9.232821255,0.139375777,0.704946031,66.24408813,0.282028118,47.53755356,80.05338857,0.593823127,2.375443892,0.049969839,2.106565011,0.015954485,0.469998135,132.035918,0.534189208,16.73646357,24.52002864,0.68256297,0.824430888,0.049259563
5052,Mai,5,36,3,invaded,26,19,45,6,6,6,10.75396205,0.182379424,0.72617844,58.96477691,0.261526811,54.63071865,101.2738433,0.539435622,2.750410099,0.050345486,3.377310073,0.054437574,0.736989016,62.04005527,0.291242522,26.45575452,44.61104895,0.593031438,3.686697895,0.139353345
5069,Mai,3,24,2,invaded,24,13,37,9,9,9,21.26943664,0.328069752,0.774709256,64.83205632,-0.026390569,71.46960583,127.2472603,0.56165929,2.082977552,0.029144942,3.747691735,0.048537435,0.678927348,77.21239835,0.305944166,21.50760354,36.2202912,0.593799852,1.471329709,0.068409747
5381,Tri,5,10,3,invaded,6,27,33,2,2,2,15.17961154,0.159310952,0.589588783,95.28291275,0.512593722,120.7549933,216.7412824,0.557138871,7.390064111,0.061198828,5.147377509,0.205868047,0.876057583,25.00328527,0.071069485,22.01841295,41.25439455,0.533722848,1.493028795,0.067808193
545,Mai,7,32,2,weeded,0,0,0,NA,NA,NA,8.942236413,0.120663449,0.682447623,74.10890777,0.311339392,49.23093142,84.99413277,0.57922741,2.638091183,0.053586051,NA,NA,NA,NA,NA,NA,NA,NA,NA,NA
5657,Mai,5,23,1,invaded,21,22,43,2,2,2,9.254566727,0.13231211,0.69747763,69.94497123,0.300382443,49.96509412,86.26990963,0.579171745,2.744159849,0.054921539,4.592002009,0.114368495,0.818814779,40.15093506,0.171902475,24.93062114,45.12563086,0.552471415,2.419334838,0.097042702
5904,Tri,5,9,2,weeded,0,0,0,NA,NA,NA,14.53834818,0.201105713,0.681269052,72.29206949,0.350450671,87.21486282,174.7830479,0.498989255,5.426738878,0.062222638,NA,NA,NA,NA,NA,NA,NA,NA,NA,NA
6000,Mai,7,32,2,weeded,0,0,0,NA,NA,NA,10.38645518,0.13440446,0.664000177,77.27760805,0.389080899,72.44107872,127.4027248,0.568599132,6.058967981,0.083639947,NA,NA,NA,NA,NA,NA,NA,NA,NA,NA
6027,Mai,7,32,3_4,weeded,0,0,0,NA,NA,NA,10.46683143,0.150901559,0.694499091,69.3619834,0.335704167,64.49249636,113.6091036,0.567670145,4.775247122,0.074043453,NA,NA,NA,NA,NA,NA,NA,NA,NA,NA
6100,Mai,7,34,3_4,invaded,0,0,0,0,0,0,7.586669497,0.06303157,0.506327657,120.3630101,0.572078152,70.12440768,103.1190396,0.680033561,4.596180663,0.065543237,NA,NA,NA,NA,NA,NA,NA,NA,NA,NA
614,Tri,5,11,NA,invaded,0,0,0,0,0,0,14.02064582,0.166233808,0.63488182,84.34292632,0.478117349,107.8290502,191.038442,0.564436399,7.594594441,0.070431803,NA,NA,NA,NA,NA,NA,NA,NA,NA,NA
632,Tri,7,8,3,weeded,0,0,0,NA,NA,NA,13.29474027,0.152281629,0.623749484,87.30363838,0.4056119,83.45454582,150.872396,0.553146553,4.242411961,0.050835001,NA,NA,NA,NA,NA,NA,NA,NA,NA,NA
6558,Tri,3,22,4,invaded,8,137,145,0,0,0,12.02631641,0.119706454,0.564841366,100.4650627,0.535714518,107.0100248,193.2932272,0.553614973,8.374774674,0.07826159,4.259870487,0.143730285,0.85927843,29.63794634,0.081725625,20.47031066,34.91331344,0.586318188,1.900648562,0.092849034
6685,Mai,7,35,1,invaded,0,0,0,0,0,0,2.36975766,0.022598435,0.575517753,104.8637952,NA,NA,NA,NA,NA,NA,NA,NA,NA,NA,NA,NA,NA,NA,NA,NA
6808,Mai,7,25,3,weeded,0,0,0,0,0,0,9.230287051,0.13278156,0.69670872,69.51482609,0.372752055,62.10523166,109.8933437,0.565140977,5.098518648,0.082094833,4.02853399,0.047270973,0.647291111,85.22215088,0.343431907,25.87342234,40.2867282,0.642231909,2.130029877,0.082325015
7147,Tri,5,9,3,weeded,0,0,0,0,0,0,14.47001673,0.155405019,0.599673987,93.11164352,0.430983429,99.05005596,191.7299755,0.51661226,6.167067415,0.06226213,4.480199453,0.115524308,0.823972694,38.78144366,0.181253246,22.58120131,42.96665685,0.525551741,1.741988389,0.0771433
774,Tri,3,20,4,weeded,0,0,0,0,0,0,11.7377127,0.138353794,0.625756668,84.83838687,0.429714208,80.1861729,144.8718551,0.553497247,5.024125456,0.062655758,4.428782996,0.125358227,0.837360759,35.3290175,0.172516415,24.80591276,52.94767479,0.468498624,2.572627515,0.103710254
86,Tri,5,9,3,weeded,0,0,0,NA,NA,NA,11.54586785,0.158067323,0.682986005,73.0439893,0.310920531,64.2130299,126.3917092,0.508047801,3.701370044,0.05764204,NA,NA,NA,NA,NA,NA,NA,NA,NA,NA
901,Mai,7,31,3,weeded,0,0,0,0,0,0,13.27785182,0.228908955,0.734308307,58.00494708,0.267839416,69.41730803,137.3118454,0.505544935,4.01037456,0.057771969,5.593469481,0.102833504,0.763013881,54.39345432,0.170267633,25.99294325,43.38584048,0.599111207,1.562663981,0.060118778
9412,Mai,3,3,1,weeded,0,0,0,NA,NA,NA,8.885797271,0.128453075,0.697993254,69.17543446,0.319415625,48.44013321,82.84008959,0.584742646,2.37471296,0.049023667,NA,NA,NA,NA,NA,NA,NA,NA,NA,NA
972,Tri,7,11,1,invaded,0,0,0,0,0,0,12.27074435,0.121507783,0.57290793,100.9873117,0.564648332,116.0003489,190.5902248,0.608637453,8.849463189,0.076288246,NA,NA,NA,NA,NA,NA,NA,NA,NA,NA
flag_8,Tri,5,16,3,invaded,0,0,0,0,0,0,12.33999092,0.123349028,0.576386205,100.0412498,0.531727173,109.2370064,195.3820168,0.559094477,8.42338831,0.077111124,NA,NA,NA,NA,NA,NA,NA,NA,NA,NA
flag3_tri,Tri,5,14,2,weeded,0,0,0,0,0,0,11.79445672,0.124648669,0.598525878,94.62160178,0.5009685,97.24178203,167.1870437,0.581634676,7.375119932,0.075843118,4.772112905,0.112555546,0.809851787,42.39784776,0.1837114,22.80381389,42.81922372,0.532560189,1.439017447,0.063104244
3829,Tri,5,33,3,weeded,0,0,0,0,0,0,NA,NA,NA,NA,NA,NA,NA,NA,NA,NA,4.61443575,0.135520766,0.841758392,34.04965823,0.123942949,19.87069143,33.99542411,0.584510767,1.080805985,0.054391967
5151,Ari,7,31,2_4,weeded,0,0,0,0,0,0,NA,NA,NA,NA,NA,NA,NA,NA,NA,NA,3.16549845,0.034916854,0.628151917,90.65817996,0.497213963,33.58349654,54.94008397,0.61127494,4.432993695,0.131999171
275,Mai,7,34,4,invaded,0,1,1,0,0,0,NA,NA,NA,NA,NA,NA,NA,NA,NA,NA,1.209982952,0.009043409,0.468373139,133.7972236,0.686581467,17.44263326,32.25282564,0.540809461,1.711794704,0.098138548
2229,Mai,7,32,3,weeded,0,0,0,0,0,0,NA,NA,NA,NA,NA,NA,NA,NA,NA,NA,5.54696831,0.087532301,0.728440739,63.37053005,0.220184664,25.4591511,42.14733125,0.604051321,1.020245278,0.040073814
4632,Mai,7,35,1_2,invaded,0,4,4,0,0,0,NA,NA,NA,NA,NA,NA,NA,NA,NA,NA,3.641545069,0.051265344,0.702564489,71.03327035,0.257435356,18.51599875,30.78255629,0.601509458,1.011289566,0.054617068
2416,Tri,3,17,2,invaded,8,24,32,2,2,2,NA,NA,NA,NA,NA,NA,NA,NA,NA,NA,3.689793689,0.126344291,0.861401153,29.20427715,0.110876101,18.39165874,34.72892421,0.529577554,1.72565683,0.093828232
54,Mai,3,16,4,invaded,25,103,128,7,7,7,NA,NA,NA,NA,NA,NA,NA,NA,NA,NA,1.970752655,0.017977684,0.559031697,109.6221675,0.57010438,20.54794657,33.00991747,0.622477975,1.980187643,0.096369126
untagged_p3_sub17_q1,Tri,3,17,1,invaded,8,24,32,1,1,1,NA,NA,NA,NA,NA,NA,NA,NA,NA,NA,3.312005314,0.087547175,0.829035931,37.83109302,0.149872566,17.46916476,31.5228657,0.554174387,1.684975922,0.096454292
untagged_p3_sub12_q4,Tri,3,12,4,invaded,33,26,59,3,3,3,NA,NA,NA,NA,NA,NA,NA,NA,NA,NA,4.07266975,0.105127454,0.824619686,38.74030625,0.142369013,20.40308365,36.86843376,0.553402507,1.76942314,0.086723319
6867,Ari,5,9,NA,weeded,0,0,0,0,0,0,NA,NA,NA,NA,NA,NA,NA,NA,NA,NA,2.569546276,0.035532065,0.699072366,72.31626719,0.45874627,27.39107772,48.5156918,0.564581823,4.003222261,0.146150593
2671,Ari,5,19,3,weeded,0,0,0,0,0,0,NA,NA,NA,NA,NA,NA,NA,NA,NA,NA,4.055470965,0.066546089,0.736131928,60.94228866,0.208648565,17.9056433,30.75582882,0.582186986,0.59556957,0.033261557
5337,Ari,5,25,NA,weeded,0,0,0,0,0,0,NA,NA,NA,NA,NA,NA,NA,NA,NA,NA,6.335032886,0.107808324,0.745188613,58.7620014,0.221075165,31.1927106,52.58567999,0.593178801,1.832077873,0.058734167
5404,Ari,7,7,1,weeded,0,0,0,0,0,0,NA,NA,NA,NA,NA,NA,NA,NA,NA,NA,4.909505584,0.057375601,0.64527678,85.56782824,0.29521775,22.38103621,37.19010966,0.601800759,0.184073482,0.008224529
5176,Ari,7,7,1,weeded,0,0,0,0,0,0,NA,NA,NA,NA,NA,NA,NA,NA,NA,NA,2.918494526,0.020676918,0.437513874,141.1474634,0.575686421,21.00879006,35.09868357,0.598563476,-0.166483225,-0.007924456
6890,Ari,7,7,1,weeded,0,0,0,0,0,0,NA,NA,NA,NA,NA,NA,NA,NA,NA,NA,1.218075244,0.017453441,0.710892557,69.78997548,0.794542155,39.87267813,62.06854814,0.642397467,6.809522591,0.170781671
5253,Ari,7,8,3_4,weeded,0,0,0,0,0,0,NA,NA,NA,NA,NA,NA,NA,NA,NA,NA,3.463505037,0.055082561,0.731173803,62.87843187,0.354576046,28.20325927,51.21696526,0.550662444,3.643838486,0.129199198
2438,Ari,7,14,2,weeded,0,0,0,0,0,0,NA,NA,NA,NA,NA,NA,NA,NA,NA,NA,3.370430085,0.060498147,0.759301246,55.71129452,0.331415766,27.5346628,50.88153741,0.541152335,3.755345212,0.136386098
784,Ari,7,1,4,weeded,0,0,0,0,0,0,NA,NA,NA,NA,NA,NA,NA,NA,NA,NA,6.418927835,0.10092116,0.727064118,63.60338906,0.258759415,35.3951623,61.21110086,0.578247439,2.647972493,0.074811706
3785,Ari,7,4,NA,invaded,4,0,4,0,0,0,NA,NA,NA,NA,NA,NA,NA,NA,NA,NA,7.218739728,0.144429294,0.780416972,49.98113288,0.185483761,33.89107378,56.89679205,0.595658781,1.964560933,0.057966913
421,Ari,7,4,1,invaded,4,0,4,4,4,4,NA,NA,NA,NA,NA,NA,NA,NA,NA,NA,7.345004001,0.129277933,0.754028703,56.8156054,0.177375215,40.16728702,69.53423875,0.577661994,3.903489364,0.097180807
818,Ari,7,16,2,invaded,0,0,0,0,0,0,NA,NA,NA,NA,NA,NA,NA,NA,NA,NA,5.606790897,0.075166573,0.687236432,74.59154633,0.34529165,38.97518262,67.88321366,0.574150523,3.887590293,0.099745275
5184,Mai,3,13,2_4,weeded,0,0,0,0,0,0,NA,NA,NA,NA,NA,NA,NA,NA,NA,NA,3.917083579,0.0598251,0.722997676,65.47558767,0.263465599,20.98254665,37.19777737,0.564080656,1.385024811,0.066008423
2215,Ari,5,8,2,weeded,0,0,0,0,0,0,NA,NA,NA,NA,NA,NA,NA,NA,NA,NA,4.819157592,0.070309079,0.710167821,68.54246497,0.350198342,36.25030613,64.13985934,0.565175953,4.164522489,0.114882409
flag2_tri,Tri,5,14,2,weeded,0,0,0,0,0,0,NA,NA,NA,NA,NA,NA,NA,NA,NA,NA,6.55883401,0.097884249,0.713524461,67.0060208,0.232093586,29.37245265,47.09753226,0.623651627,0.84241914,0.028680586
untagged_p3_sub22_q4,Tri,3,22,4,invaded,8,137,145,0,0,0,NA,NA,NA,NA,NA,NA,NA,NA,NA,NA,4.468208826,0.112314448,0.820568787,39.7830281,0.146227653,22.70169633,40.6995775,0.557787027,2.019014182,0.08893671
1476,Mai,5,23,1,invaded,21,22,43,2,2,2,NA,NA,NA,NA,NA,NA,NA,NA,NA,NA,1.263019336,0.015485849,0.666137708,81.55958108,0.403763191,9.622087145,24.97714933,0.385235601,0.955646925,0.099318049