"id","spp","plot","subplot","quad","gm.trt","rosette_subplot","adult_subplot","total_subplot","rosette_quad","adult_quad","total_quad","canopy","anet","gsw","ci.ca","iwue","stom.lim","vcmax25","jmax25","rd25","jmax.vcmax","rd.vcmax"
"1926","Tri",3,5,2,"invaded",43,22,65,3,3,3,"pre_closure",11.83860636,0.148474062,0.65670258732626,79.7351820279558,0.526813088115755,"93.3411789297286","172.676570117415","4.91721465409633",0.540554974344576,0.0526800144424813
"5495","Tri",3,3,2,"weeded",0,0,0,0,0,0,"pre_closure",15.82502038,0.249590615,0.714524262356563,63.4039079554333,0.292789783484904,"87.2680666401534","177.630134376644","5.5598089009255",0.491290889051019,0.0637095459425171
"552","Tri",3,14,2,"weeded",0,0,0,0,0,0,"pre_closure",13.08396858,0.16532543,0.656420810923123,79.1406898503152,0.346162229460594,"77.9330245655806","149.028736807864","4.83163794039312",0.522939576855275,0.0619973107334914
"916","Tri",3,16,NA,"invaded",25,103,128,0,0,0,"pre_closure",14.87148345,0.177952393,0.636455795721255,83.5700110534619,0.387635786471985,"94.070819013715","173.416048212429","5.80303804344222",0.542457402203522,0.0616879719373568
"1686","Tri",3,6,3,"invaded",14,20,34,5,5,5,"pre_closure",14.05270869,0.144608857,0.592885741020042,97.1773719918137,0.39606131282751,"87.6590244916301","155.172417026928","4.7778931649776",0.564913701617589,0.0545054338978391
"2416","Tri",3,17,NA,"invaded",8,24,32,0,0,0,"pre_closure",13.18355301,0.152416776,0.62618446116725,86.4967318951819,0.441036536495492,"84.1778353158847","142.179768969881","3.41394689440103",0.592052131788994,0.0405563635794374
"3563","Tri",3,4,1,"invaded",10,0,10,0,0,0,"pre_closure",11.79064329,0.14435188,0.647266196453958,81.6798734453614,0.437013226951222,"75.5629620787441","136.324362649866","3.55399160032707",0.554288027539283,0.0470335135436255
"4714","Tri",3,7,4,"weeded",0,0,0,0,0,0,"pre_closure",13.78498817,0.182451938,0.66732469856721,75.5540791789233,0.311151856404152,"74.7630077057129","143.731353684836","3.78773771681794",0.520157959895431,0.0506632602546902
"5488","Tri",3,1,1,"weeded",0,0,0,0,0,0,"pre_closure",13.17314056,0.132422625,0.575686697767626,99.4780201646056,0.448622223691057,"86.2524752183017","173.748643373216","4.10392734181295",0.496420999575976,0.0475804008108297
"6578","Tri",3,1,4,"weeded",0,0,0,0,0,0,"pre_closure",12.229702,0.129464452,0.596522320000455,94.4637837728614,0.410539382354397,"76.1733980612065","139.982194292744","3.64123274924389",0.544164909302004,0.0478018946498632
"902","Tri",3,7,4,"weeded",0,0,0,0,0,0,"pre_closure",15.63029543,0.188616508,0.635616199035725,82.8681200587172,0.41383484912758,"95.5245683565449","167.176336227662","3.74271915245665",0.57140005883643,0.039180696828558
"1157","Mai",3,30,1,"invaded",19,59,78,2,2,2,"pre_closure",8.970671885,0.161492435,0.754518099578568,55.5485579556714,0.199320290767528,"41.3571726423375","72.3133109076634","1.88450236863468",0.571916458024531,0.045566518411017
"1240","Mai",7,21,1,"weeded",0,0,0,0,0,0,"pre_closure",11.01176218,0.208843531,0.762603196678805,52.7273319277483,0.253183567643731,"63.3191907756977","121.341725161377","5.38171719103861",0.521825371210827,0.084993461304691
"1264","Mai",7,21,1,"weeded",0,0,0,0,0,0,"pre_closure",10.82726997,0.199343102,0.75665680082401,54.3147460903864,0.279925287372818,"66.493980575941","138.777904689462","6.18100535291535",0.47913953395342,0.0929558630627653
"1432","Mai",5,17,2,"invaded",7,30,37,0,0,0,"pre_closure",9.247133758,0.126158161,0.685682548268034,73.2979435075944,0.34772736515171,"57.7521075832604","103.886287023482","4.36887506874841",0.555916562598934,0.0756487555445464
"1499","Mai",5,17,NA,"invaded",7,30,37,0,0,0,"pre_closure",9.422513843,0.153379542,0.731160252512447,61.4326638359632,0.259107934042501,"51.1147974478332","93.8857926504282","3.50890496331355",0.544435915220449,0.0686475372790956
"1663","Mai",3,30,NA,"invaded",19,59,78,0,0,0,"pre_closure",5.831230438,0.079690377,0.692794118215789,73.1735832796976,0.288542030339162,"31.5170007119964","54.9108644090413","1.88115113753122",0.573966573849946,0.0596868704202298
"179","Mai",3,30,2,"invaded",19,59,78,8,8,8,"pre_closure",11.90789853,0.184430619,0.716747313612159,64.5657353131803,0.318705653122361,"72.2954850326133","134.322314903564","5.72687676879397",0.538223936093697,0.0792148605989781
"3665","Mai",3,30,1,"invaded",19,59,78,2,2,2,"pre_closure",10.69930571,0.218064461,0.777826839796412,49.064875867141,0.180819758967348,"46.4094898141017","81.0088918850773","1.79872618722219",0.572893774179015,0.0387577237850962
"1975","Tri",7,18,3,"invaded",0,0,0,0,0,0,"pre_closure",10.88587845,0.098832521,0.540246249552059,110.144700750879,0.753980477280495,"193.470250488396","276.684617559411","17.5751205369866",0.699244693091235,0.090841462667361
"1997","Tri",7,24,2,"invaded",0,0,0,0,0,0,"pre_closure",13.6474419,0.147222405,0.602625013287664,92.6994902711989,0.462015815919521,"103.684454353893","195.366919690303","7.59676049018431",0.530716533373482,0.073268076082604
"2131_mai","Mai",3,30,2,"invaded",19,59,78,8,8,8,"pre_closure",10.44474996,0.153847259,0.705860921058541,67.8903870494046,0.281735018604711,"55.7796166304426","103.409374342314","3.275102144255",0.539405803247551,0.0587150350271063
"2265","Mai",7,23,NA,"invaded",0,0,0,0,0,0,"pre_closure",9.878212792,0.147649817,0.692655183987547,66.9029802590273,0.350473161659394,"65.1211216945756","114.652235415063","5.53439374228846",0.567988242521611,0.0849861550027548
"2285","Mai",7,23,2,"invaded",0,0,0,0,0,0,"pre_closure",10.01741015,0.12995275,0.669999394989608,77.0850185932964,0.360521612559648,"65.9012708508405","116.268456631305","5.36314226263567",0.566802663080132,0.0813814694829556
"2337","Mai",3,22,2,"invaded",8,137,145,3,3,3,"pre_closure",7.417571292,0.14711737,0.776753443069635,50.4194120109678,0.223357529173015,"37.4408589408699","67.239396357562","2.40611794048032",0.556829194922705,0.0642644962894758
"2379","Tri",7,23,3,"invaded",0,0,0,0,0,0,"pre_closure",12.28291562,0.140562986,0.623247410136805,87.3837129498658,0.449695154786409,"97.0004517855581","178.354424003022","8.11406827167836",0.543863446773345,0.0836497987619313
"2382","Tri",7,23,3,"invaded",0,0,0,0,0,0,"pre_closure",11.60912672,0.119116337,0.585113221210186,97.4604072991264,0.521450244985769,"108.66004837918","195.542074183487","9.51031277911517",0.555686283030929,0.0875235463353374
"2508","Tri",5,21,NA,"weeded",0,0,0,0,0,0,"pre_closure",11.57615661,0.1142837,0.573206888223475,101.293155629368,0.637078705064302,"145.813697128156","230.035223590437","14.5988756021954",0.63387552068012,0.100120056549725
"2547","Tri",5,19,1,"weeded",0,0,0,0,0,0,"pre_closure",12.99489428,0.148668518,0.624742783041958,87.408514289488,0.399101093653542,"84.6331254739341","167.740750864845","5.3418141560314",0.504547195821999,0.0631172974661867
"2666","Mai",7,20,4,"weeded",0,0,0,0,0,0,"pre_closure",10.51541549,0.158485379,0.710622853925332,66.3494358681503,0.314026872791812,"61.7268423101987","116.268799274414","4.45524966448132",0.530897736068581,0.0721768601428233
"2886","Tri",7,24,3,"invaded",0,0,0,0,0,0,"pre_closure",10.8358556,0.123425719,0.626703865952353,87.7925256404623,0.468948738382002,"87.9605844194666","148.089793983453","7.60528687904412",0.593967903212121,0.0864624414359961
"2988","Tri",5,33,NA,"weeded",0,0,0,0,0,0,"pre_closure",13.10648159,0.133841194,0.583633191991588,97.9256176540087,0.587982855304046,"135.971604478057","220.855244288599","11.5832511284367",0.61565938774077,0.0851887507902872
"3004","Tri",5,21,4,"weeded",0,0,0,0,0,0,"pre_closure",12.10690556,0.128637614,0.600160622770472,94.1163722144287,0.526999097742518,"105.983879513579","183.555343852437","8.32068673951282",0.57739468265648,0.0785089843634828
"3043","Tri",7,24,3,"invaded",0,0,0,0,0,0,"pre_closure",6.493201908,0.097623913,0.612341106574959,66.5124118513873,0.808959199504064,"165.341314413669","231.19268645753","15.1415388980536",0.71516671633141,0.0915774678080207
"3077","Tri",5,21,NA,"weeded",0,0,0,0,0,0,"pre_closure",12.66787838,0.136217622,0.603391287935427,92.9973537491353,0.631679440129673,"156.901602039039","254.780495211567","15.6572797912755",0.615830508959289,0.0997904392804082
"3526","Tri",7,35,4,"invaded",0,4,4,0,0,0,"pre_closure",13.10470354,0.15075639,0.623713137573344,86.9263554267915,0.50757955910868,"112.964107322392","197.964483533204","9.43610021666065",0.570628151607027,0.0835318442319971
"3581","Mai",7,23,2,"invaded",0,0,0,0,0,0,"pre_closure",9.256708301,0.121716506,0.674858968373052,76.0513804183633,0.386770756593638,"66.1076686909654","117.068380911292","6.04935471660752",0.564692773371985,0.0915076092742967
"3960","Mai",5,3,1,"weeded",0,0,0,0,0,0,"pre_closure",10.41522693,0.17474168,0.736673851810539,59.6035641296341,0.271802399897945,"56.3038114892972","108.569036007467","3.68471727590731",0.518599165653684,0.0654434784864918
"3993","Mai",5,3,1,"weeded",0,0,0,0,0,0,"pre_closure",4.106476716,0.152641796,0.758608330543795,26.9027017737658,0.720388061964169,"54.566450271657","92.3965722481726","2.63664280763121",0.590567906838516,0.0483198521161773
"4000","Tri",5,20,4,"weeded",0,0,0,0,0,0,"pre_closure",13.4198004,0.132360944,0.56925809257687,101.38791696741,0.556496989306539,"131.985715606425","234.62643116208","11.6620768516959",0.562535580295509,0.0883586287964044
"4081","Tri",7,18,3,"invaded",0,0,0,0,0,0,"pre_closure",12.85478286,0.144540319,0.60813242388562,88.9356198252198,0.518149287141517,"110.174821640245","186.230428497618","8.469284828757",0.591604833480014,0.0768713277922232
"4109","Tri",5,32,NA,"weeded",0,0,0,0,0,0,"pre_closure",12.95343851,0.126199758,0.565306000980098,102.642340328418,0.618572184774116,"149.186587681339","245.698634084578","13.6577096910961",0.607193394611969,0.0915478388732158
"4414","Tri",5,22,2,"invaded",39,25,64,6,6,6,"pre_closure",14.54540431,0.177795274,0.643894765987644,81.809847825314,0.46114105479294,"114.740765933019","214.929725920563","9.57687162259981",0.533852474065996,0.0834652927817337
"4431","Tri",5,23,3,"invaded",21,22,43,9,9,9,"pre_closure",9.816215502,0.103144864,0.600303246432907,95.1692127103876,0.598101316075644,"115.896087563171","188.009649358085","12.5570235402797",0.616436911397213,0.108347260069804
"4576","Tri",5,21,3,"weeded",0,0,0,0,0,0,"pre_closure",10.46039928,0.098526445,0.5564989296536,106.168443203244,0.662888817095947,"139.970931752836","217.16399932601","13.5904208365521",0.644540219314664,0.0970945943301313
"4676","Mai",7,24,3,"invaded",0,0,0,0,0,0,"pre_closure",9.399316346,0.113101554,0.647356812902319,83.105103454193,0.396324662170499,"66.3434051669838","115.314794306465","5.51776242106877",0.575324316068821,0.083169719841494
"4736","Mai",7,23,4,"invaded",0,0,0,0,0,0,"pre_closure",2.158733461,0.01673686,0.48556034838238,128.980792155757,NA,NA,NA,NA,NA,NA
"4802","Mai",7,30,1,"invaded",0,1,1,0,0,0,"pre_closure",7.351220664,0.075345193,0.595328229510114,97.5672152568512,0.589136687990912,"87.5558981134086","136.950554436809","10.0069824972022",0.639324889727323,0.114292500137917
"482","Tri",5,22,1,"invaded",39,25,64,16,16,16,"pre_closure",10.61920378,0.097918285,0.547295662833697,108.449650440671,0.630476879515402,"124.520141295301","193.752274204895","10.9824905955129",0.642677056598673,0.0881985073359963
"4844","Mai",7,19,NA,"weeded",0,0,0,0,0,0,"pre_closure",10.46466712,0.218365722,0.78220096249683,47.9226639792852,0.219739122305068,"52.7882228920569","100.882663197812","3.46660319508083",0.523263573925969,0.0656700113237275
"4859","Mai",7,24,3,"invaded",0,0,0,0,0,0,"pre_closure",10.92645993,0.149061119,0.683257591311409,73.3018778022188,0.347990394897152,"69.727289761919","124.494569610255","5.50704894292035",0.56008298177349,0.0789798221288099
"4865","Mai",7,24,3,"invaded",0,0,0,0,0,0,"pre_closure",7.355956265,0.07530835,0.595307931850334,97.6778307451962,0.60396134786276,"84.7965317484635","138.572360074277","8.57548986159518",0.611929620762836,0.101130195831984
"4871","Mai",7,19,1,"weeded",0,0,0,0,0,0,"pre_closure",10.89475907,0.195162921,0.750752361710802,55.8239188785251,0.245781922737263,"56.3100136000519","105.216944066975","3.47847944644863",0.535180090045271,0.0617737276917551
"4959","Tri",5,22,4,"invaded",39,25,64,11,11,11,"pre_closure",12.50744023,0.130841998,0.593642966751612,95.5919385303181,0.597425114621607,"131.918621173761","208.973981203355","11.0047167956216",0.631268162735482,0.0834204958913751
"4990","Tri",5,22,NA,"invaded",39,25,64,0,0,0,"pre_closure",12.07849609,0.131773586,0.609830186439485,91.6609804486917,0.564231140995356,"118.557531061434","202.124780444058","10.111253560034",0.586556140226691,0.0852856285847802
"5015","Mai",7,20,4,"weeded",0,0,0,0,0,0,"pre_closure",10.16626426,0.149802918,0.705017547301093,67.864260561333,0.323876070787966,"62.1589105086263","113.516367952979","4.788797193805",0.547576632599573,0.0770412022125198
"5073","Mai",7,20,4,"weeded",0,0,0,0,0,0,"pre_closure",10.84307142,0.186560044,0.741956713904201,58.1210809534329,0.265870145850315,"59.8851227944949","112.481977878796","4.30795109233178",0.532397490903152,0.0719369167383222
"5077","Mai",7,20,4,"weeded",0,0,0,0,0,0,"pre_closure",9.201127273,0.141935504,0.717968195613184,64.8261147753419,0.298043395464549,"53.7439821499443","97.7603517274359","3.96057830141506",0.549752340292177,0.0736934284170672
"511","Mai",3,30,2,"invaded",19,59,78,8,8,8,"pre_closure",7.560785669,0.124262387,0.736971967276021,60.8453277901381,0.227674727650591,"38.1598556841069","66.4686271729019","2.3349558117903",0.574103262052387,0.0611888008990238
"5115","Tri",5,19,3,"weeded",0,0,0,0,0,0,"pre_closure",12.37349003,0.133964131,0.60646672736288,92.3642018026452,0.503842230823135,"102.108957928652","185.119167371001","7.64201894853662",0.55158501077316,0.0748418072572676
"5228","Tri",5,19,1,"weeded",0,0,0,0,0,0,"pre_closure",8.05144007,0.062371127,0.472707925642096,129.089218958638,0.738565878229769,"132.488463459621","202.470203098068","11.4446665500461",0.654360303058763,0.0863823630465315
"543","Mai",3,30,NA,"invaded",19,59,78,0,0,0,"pre_closure",7.053447862,0.137246145,0.773764876564211,51.3926847417099,0.188911326677258,"31.9245186030903","57.498244604681","1.49530884440387",0.555225969463619,0.0468388846514705
"5479","Tri",3,21,3,"weeded",0,0,0,0,0,0,"pre_closure",11.88229882,0.133525777,0.610261691642914,88.988801166085,0.553025254962595,"117.317138399935","199.35383956435","10.9974716860253",0.58848697700686,0.0937413905250129
"583","Tri",3,23,NA,"invaded",23,35,58,0,0,0,"pre_closure",9.629140061,0.108066281,0.613797437392994,89.1040199764069,0.486777014227924,"78.2847408275795","139.715835894927","6.28222060896125",0.560314013985167,0.0802483414079087
"5877","Tri",5,27,3,"weeded",0,0,0,0,0,0,"pre_closure",10.70342709,0.099290376,0.549342437385936,107.799240180136,0.624181368217042,"125.593033944785","211.541539866227","11.5425998200856",0.593703884467356,0.091904777339483
"652","Mai",7,30,3,"invaded",0,1,1,0,0,0,"pre_closure",8.225997185,0.089862942,0.616848343011734,91.5393709789737,0.440406502550146,"66.8137326983624","110.216955985868","6.47477943147248",0.606201941441109,0.0969079135378284
"631","Mai",5,3,3,"weeded",0,0,0,0,0,0,"pre_closure",9.285244518,0.137449886,0.690785078285522,67.5536720197789,0.346102508653785,"58.6109300792329","103.456232336701","4.46968381079226",0.566528750906781,0.0762602436908942
"6507","Tri",7,12,NA,"invaded",0,0,0,0,0,0,"pre_closure",13.10288945,0.131348588,0.576187937686184,99.7566068239729,0.497271435095133,"103.186519280729","178.52370368371","6.85053068992907",0.577998983617012,0.06638978364307
"682","Mai",7,23,NA,"invaded",0,0,0,0,0,0,"pre_closure",19.48824075,0.153409562,0.818144965093538,127.034068124124,-0.224450850666507,"66.440690578049","119.172085182357","5.2213651377145",0.557518906179929,0.0785868583286454
"7574","Tri",7,12,NA,"invaded",0,0,0,0,0,0,"pre_closure",13.28578143,0.151334394,0.622483921737477,87.7908919369644,0.380772602489972,"81.403338290738","160.562032084207","4.47256386647954",0.506989960416332,0.0549432487707746
"860","Mai",7,28,1,"invaded",0,0,0,0,0,0,"pre_closure",10.45538049,0.127718407,0.650069382276091,81.8627536593061,0.378467613105684,"70.2804586145666","122.866902512369","5.5774638300231",0.572004805016481,0.0793600943985174
"flag2_mai","Mai",5,3,3,"weeded",0,0,0,0,0,0,"pre_closure",10.82086308,0.153082789,0.693437138496312,70.686346588577,0.302667305945306,"59.065426927431","103.244130713641","3.34363144346887",0.572094767219799,0.0566089439694887
"1021","Mai",3,24,2,"invaded",24,13,37,9,9,9,"pre_closure",9.43550077,0.156698312,0.724791336060073,60.2144378555909,0.205617718416257,"40.5886049211021","67.7561089223673","1.09485679869496",0.599039784997205,0.0269744870715116
"1153","Mai",7,32,2,"weeded",0,0,0,0,0,0,"pre_closure",8.134168374,0.107686801,0.675235285938203,75.5354258689512,0.358380913390863,"54.0846750226081","93.6159491775947","4.53530109048649",0.577729281150656,0.0838555670084118
"1159","Mai",7,31,3,"weeded",0,0,0,0,0,0,"pre_closure",11.48315241,0.181209419,0.716181988630119,63.3695117691426,0.281260146551604,"58.5825691620314","106.0025277235","2.67261556247149",0.552652568010829,0.0456213443811145
"1374","Tri",5,10,1,"invaded",6,27,33,4,4,4,"pre_closure",11.43326406,0.141725516,0.659646541668925,80.671881695601,0.442530363337981,"86.4088508204732","156.451133271634","7.05747735961685",0.552305688131055,0.0816753989042138
"141","Mai",3,13,2,"weeded",0,0,0,0,0,0,"pre_closure",11.31508766,0.164866201,0.695710282433746,68.6319426987949,0.263051256801974,"55.8808525095906","95.1405869552252","2.3390963078863",0.587350302304621,0.0418586367751789
"1647","Tri",7,11,NA,"invaded",0,0,0,0,0,0,"pre_closure",3.416657407,0.097454015,0.698624105935809,35.0591754172468,0.879243431863246,"119.778532486665","189.685708412528","9.78572518849408",0.631457865165946,0.081698489581875
"1669","Tri",7,11,NA,"invaded",0,0,0,0,0,0,"pre_closure",14.51949119,0.173981927,0.636739702730239,83.4540198534529,0.452251609740513,"104.233700126901","185.030135521042","6.68992220263148",0.563333642022044,0.0641819506981593
"1739","Tri",5,14,2,"weeded",0,0,0,0,0,0,"pre_closure",12.35615426,0.124491626,0.579474698728193,99.2528948091657,0.493219084298163,"102.776369214587","180.898887654357","8.37649253682432",0.568142626785862,0.0815021254480689
"1795","Tri",5,14,2,"weeded",0,0,0,0,0,0,"pre_closure",12.32494683,0.140087396,0.623427272890348,87.9804120993155,0.469110117956292,"94.9422551313885","168.064971802977","7.0606869495472",0.564913997919147,0.0743682245568748
"1817","Mai",7,32,3,"weeded",0,0,0,0,0,0,"pre_closure",13.92293903,0.250542981,0.742863796561864,55.5710600010782,0.241653642310935,"70.6818182906152","131.281664636511","4.16887264516362",0.538398248424996,0.0589808347604032
"1827","Tri",7,8,3,"weeded",0,0,0,0,0,0,"pre_closure",1.685088751,0.265677431,0.875731845935274,6.34261158223861,0.939755574817718,"107.007848536758","216.806299072649","6.13167796554823",0.49356429676843,0.0573011984578117
"1851","Tri",7,8,3,"weeded",0,0,0,0,0,0,"pre_closure",13.72632147,0.15115469,0.609478616372231,90.8097623037697,0.504340595822783,"110.366069911704","199.28383459472","7.57434845375428",0.553813459762823,0.0686293211293469
"2131_tri","Tri",7,11,1,"invaded",0,0,0,0,0,0,"pre_closure",9.934184237,0.081273207,0.49491118780857,122.231970457373,0.640245563197183,"119.811180153679","203.643946237884","10.5644200475914",0.588336566674676,0.0881755778888136
"2268","Mai",3,18,4,"invaded",15,36,51,7,7,7,"pre_closure",10.53298045,0.182500348,0.739833469415794,57.7148513163383,0.239478107005071,"51.0943356314668","91.2938197016336","2.47366453801921",0.559669162693086,0.0484136745775746
"2289","Tri",7,11,NA,"invaded",0,0,0,0,0,0,"pre_closure",15.03946649,0.16171153,0.598526819550224,93.0018192889524,0.507969065337373,"119.132834106618","203.619669041224","7.41945283828254",0.585075276212628,0.0622788242546341
"2310","Mai",3,4,2,"invaded",10,0,10,7,7,7,"pre_closure",8.566985343,0.121472262,0.693357366497856,70.5262683179474,0.315226224280384,"47.3425581490622","81.6218698582336","2.56347029651335",0.580022955015488,0.0541472703786314
"2329","Tri",3,20,3,"weeded",0,0,0,0,0,0,"pre_closure",11.30115501,0.113373987,0.569070667977844,99.6803174082605,0.600345265723709,"116.799463972774","185.222949414612","8.93756359077108",0.630588511531173,0.0765205873963123
"235","Mai",7,34,4,"invaded",0,1,1,0,0,0,"pre_closure",9.561452037,0.115646947,0.648361111949937,82.6779459815744,0.431599931630345,"61.5324104901004","98.4089080910928","2.77520175681907",0.625272769342614,0.0451014633542685
"2546","Mai",7,33,3,"weeded",0,0,0,0,0,0,"pre_closure",6.417388368,0.060805529,0.565496512353978,105.539553286347,0.690671148958255,"92.2129705724843","124.179857720043","8.55413568562717",0.742575907764153,0.0927649942575396
"2563","Tri",5,16,3,"invaded",2,27,29,0,0,0,"pre_closure",13.10096192,0.12722373,0.563632646201603,102.975772837347,0.537952061558954,"116.286657347745","211.337955480343","8.76059282909343",0.550240287332396,0.0753361824039335
"2573","Tri",5,31,4,"weeded",0,0,0,0,0,0,"pre_closure",11.41146449,0.149786527,0.6711479015495,76.1848526603464,0.396684369145423,"78.1420187289788","143.470351240356","6.03838462046389",0.544656216796092,0.0772744896878965
"2616","Mai",5,36,3,"invaded",26,19,45,6,6,6,"pre_closure",5.4085162,0.155748083,0.73975336586561,34.7260530969103,0.613404344732562,"51.0500364033064","89.5974067542607","2.37369977334403",0.569771361165861,0.0464975138233259
"2662","Mai",5,36,3,"invaded",26,19,45,6,6,6,"pre_closure",10.72873643,0.156451357,0.689550980905427,68.5755408947971,0.324607485923814,"59.6482890826057","106.105487102164","3.13506705393563",0.562160268160054,0.0525592117083851
"2912","Tri",5,11,NA,"invaded",10,61,71,0,0,0,"pre_closure",14.8357365,0.195182574,0.672285350229637,76.0095340273564,0.419756524233336,"104.83348231009","196.919140263089","7.87217724737584",0.532368169848953,0.0750922040736041
"2927","Tri",7,14,4,"weeded",0,0,0,0,0,0,"pre_closure",13.39094691,0.15014503,0.616519445063299,89.1867477065341,0.495756639965087,"104.426165954111","176.82106374633","6.73644096816599",0.59057537457145,0.0645091285945158
"2996","Tri",7,14,1,"weeded",0,0,0,0,0,0,"pre_closure",8.980399826,0.079476916,0.531923135283156,112.99381352442,0.617446189687424,"101.062199556937","170.603957131871","8.71024765449216",0.592378988482778,0.0861869986273644
"3071","Tri",7,8,NA,"weeded",0,0,0,0,0,0,"pre_closure",14.98949048,0.161360894,0.598829543320901,92.8941957894705,0.505593548414163,"118.378676221651","209.083538431393","7.45836618439994",0.566178844636757,0.0630043046809796
"3427","Tri",7,35,4,"invaded",0,4,4,0,0,0,"pre_closure",9.459114046,0.108760238,0.63181236151773,86.9721712635458,0.518295017316531,"80.8118666276095","139.983077784374","5.85041712352622",0.577297398419042,0.0723955202085063
"3539","Mai",7,31,NA,"weeded",0,0,0,0,0,0,"pre_closure",4.341236727,0.209049894,0.790107587338349,20.7665100609905,0.759054452531411,"68.9148139365458","128.737285618307","3.92688558812962",0.535313554309909,0.056981733880111
"3643","Mai",3,12,2,"invaded",33,26,59,3,3,3,"pre_closure",9.786999265,0.209068955,0.783075384742892,46.8123029791774,0.177435053146626,"43.4099063768525","75.2748232264837","1.89220134727949",0.57668559707198,0.0435891598303117
"4105","Tri",5,10,4,"invaded",6,27,33,0,0,0,"pre_closure",13.47562771,0.155224021,0.626041905975825,86.8140615298195,0.4840118104569,"105.497249198016","188.810094800092","7.51726442767212",0.558747927698009,0.0712555491713569
"4177","Tri",5,14,2,"weeded",0,0,0,0,0,0,"pre_closure",12.1739109,0.122523321,0.579410854108091,99.3599487888514,0.499545637241618,"102.776369214587","180.898887654357","8.37649253682432",0.568142626785862,0.0815021254480689
"42","Mai",7,36,1,"invaded",0,0,0,0,0,0,"pre_closure",9.957399663,0.10983631,0.616718913278863,90.656720559895,0.40933162718897,"66.8952827224511","110.420558280948","4.52105072934664",0.605822717833453,0.0675839991304694
"4250","Mai",3,2,4,"weeded",0,0,0,0,0,0,"pre_closure",12.21542417,0.206249216,0.730728057179917,59.2265241386421,0.234785480030327,"57.1204004446428","98.8954820445136","2.19201395711876",0.577583518111904,0.0383753254538737
"43","Tri",5,9,NA,"weeded",0,0,0,0,0,0,"pre_closure",13.09090347,0.153907765,0.633697952167191,85.0568096418007,0.3751627115887,"77.0619858150637","149.251382637948","3.62886458514969",0.516323429994613,0.0470902033832658
"4547","Tri",5,10,NA,"invaded",6,27,33,0,0,0,"pre_closure",14.8946045,0.175749399,0.631659833728379,84.7491063113109,0.466736850067748,"109.812198741449","191.906939590506","7.05859841434654",0.572215882217537,0.0642788187036114
"4781","Mai",5,23,1,"invaded",21,22,43,2,2,2,"pre_closure",10.30739841,0.16619658,0.715693610549306,62.0193171845052,0.258455587821745,"51.9209216801482","93.4773482430221","2.66456390789073",0.555438538384341,0.0513196573108893
"4834","Mai",7,30,2,"invaded",0,1,1,0,0,0,"pre_closure",9.269212474,0.1019603,0.616898461701632,90.91001570219,0.426850650726449,"67.3997701098924","112.467678091297","5.3195663206767",0.599281244653951,0.0789255855324637
"4874","Mai",7,28,2,"invaded",0,0,0,0,0,0,"pre_closure",5.363233632,0.047323408,0.537855495471515,113.331517290555,0.615148348829233,"64.0601368052322","106.102120804192","6.48582162617407",0.603759249293924,0.101245828523493
"4883","Mai",7,35,1,"invaded",0,4,4,0,0,0,"pre_closure",10.11377935,0.122718076,0.648471588856477,82.4147483374821,0.424702011979901,"70.0991634483245","113.905719332073","4.76604226386976",0.615413904230411,0.0679900020116956
"4934","Tri",3,23,4,"invaded",23,35,58,5,5,5,"pre_closure",20.78881586,0.15570227,0.670335743284999,133.51645971507,-0.0634047580072021,"73.1471154172154","136.788322352086","3.70891856186841",0.534746783639458,0.0507049189939143
"4942","Tri",3,27,1,"weeded",0,0,0,0,0,0,"pre_closure",13.85380139,0.155266711,0.616046885967775,89.2258314790992,0.44282958597612,"93.3411789297286","172.676570117415","4.91721465409633",0.540554974344576,0.0526800144424813
"5030","Mai",3,24,1,"invaded",24,13,37,2,2,2,"pre_closure",9.232821255,0.139375777,0.704946031428699,66.2440881316127,0.282028118370524,"47.5375535559532","80.0533885704031","2.37544389244289",0.593823127351395,0.0499698388905714
"5052","Mai",5,36,3,"invaded",26,19,45,6,6,6,"pre_closure",10.75396205,0.182379424,0.726178439520772,58.9647769147467,0.26152681096128,"54.6307186512205","101.273843275661","2.75041009861679",0.539435622113393,0.0503454863220135
"5069","Mai",3,24,2,"invaded",24,13,37,9,9,9,"pre_closure",21.26943664,0.328069752,0.774709255547813,64.8320563244124,-0.0263905690669732,"71.4696058279851","127.247260264441","2.08297755156717",0.561659289791068,0.0291449424889866
"5381","Tri",5,10,3,"invaded",6,27,33,2,2,2,"pre_closure",15.17961154,0.159310952,0.589588783205211,95.2829127529161,0.512593722152202,"120.754993344613","216.741282410886","7.3900641113739",0.557138870829842,0.0611988283605299
"545","Mai",7,32,2,"weeded",0,0,0,0,0,0,"pre_closure",8.942236413,0.120663449,0.682447622618269,74.1089077687478,0.311339392104103,"49.230931418096","84.9941327702252","2.63809118301601",0.579227410334168,0.0535860506195159
"5657","Mai",5,23,1,"invaded",21,22,43,2,2,2,"pre_closure",9.254566727,0.13231211,0.697477630360275,69.9449712275014,0.300382442998486,"49.9650941231844","86.2699096289201","2.74415984880432",0.579171745259771,0.0549215386653499
"5904","Tri",5,9,2,"weeded",0,0,0,0,0,0,"pre_closure",14.53834818,0.201105713,0.681269052238922,72.2920694948134,0.350450670690321,"87.2148628198659","174.783047920157","5.42673887779362",0.498989254722842,0.0622226384624607
"6000","Mai",7,32,2,"weeded",0,0,0,0,0,0,"pre_closure",10.38645518,0.13440446,0.664000177191437,77.2776080496138,0.389080899480513,"72.4410787246176","127.402724813424","6.05896798139333",0.568599131852985,0.0836399469481439
"6027","Mai",7,32,NA,"weeded",0,0,0,0,0,0,"pre_closure",10.46683143,0.150901559,0.694499090954181,69.3619833974015,0.33570416732936,"64.4924963605372","113.609103603171","4.7752471217511",0.56767014539438,0.0740434529787106
"6100","Mai",7,34,NA,"invaded",0,1,1,0,0,0,"pre_closure",7.586669497,0.06303157,0.50632765667334,120.363010107475,0.572078152043907,"70.1244076779604","103.119039617805","4.59618066251732",0.680033560609814,0.0655432368658975
"614","Tri",5,11,NA,"invaded",10,61,71,0,0,0,"pre_closure",14.02064582,0.166233808,0.634881819987763,84.3429263197773,0.478117348580349,"107.82905016811","191.038441971811","7.59459444103275",0.564436398533971,0.0704318032032412
"632","Tri",7,8,3,"weeded",0,0,0,0,0,0,"pre_closure",13.29474027,0.152281629,0.623749483720157,87.3036383791245,0.405611900155224,"83.4545458224784","150.872396016812","4.24241196143587",0.553146553151969,0.0508350014924314
"6558","Tri",3,22,4,"invaded",8,137,145,0,0,0,"pre_closure",12.02631641,0.119706454,0.564841366230897,100.465062727528,0.535714517715841,"107.010024798163","193.293227164642","8.37477467359516",0.5536149733121,0.0782615898780628
"6685","Mai",7,35,1,"invaded",0,4,4,0,0,0,"pre_closure",2.36975766,0.022598435,0.57551775280242,104.863795214138,NA,NA,NA,NA,NA,NA
"6808","Mai",7,25,3,"weeded",0,0,0,0,0,0,"pre_closure",9.230287051,0.13278156,0.696708720331252,69.5148260872971,0.372752054688756,"62.1052316616787","109.893343710692","5.0985186484762",0.565140977284107,0.0820948334312741
"7147","Tri",5,9,3,"weeded",0,0,0,0,0,0,"pre_closure",14.47001673,0.155405019,0.599673986580379,93.1116435177682,0.4309834287805,"99.0500559608138","191.729975477011","6.16706741489834",0.516612260103743,0.0622621295371924
"774","Tri",3,20,4,"weeded",0,0,0,0,0,0,"pre_closure",11.7377127,0.138353794,0.625756667580891,84.8383868678007,0.429714207950766,"80.1861729044833","144.871855068116","5.0241254563737",0.553497246699722,0.0626557581487069
"86","Tri",5,9,3,"weeded",0,0,0,0,0,0,"pre_closure",11.54586785,0.158067323,0.682986004776944,73.0439893006855,0.310920530623034,"64.2130299035776","126.391709173185","3.70137004362614",0.508047800948647,0.0576420400841406
"901","Mai",7,31,3,"weeded",0,0,0,0,0,0,"pre_closure",13.27785182,0.228908955,0.734308307289255,58.0049470760111,0.267839415686278,"69.4173080291545","137.311845411651","4.01037456048086",0.505544935479138,0.0577719688985425
"9412","Mai",3,3,1,"weeded",0,0,0,0,0,0,"pre_closure",8.885797271,0.128453075,0.697993254283376,69.1754344611836,0.319415624722187,"48.4401332053836","82.8400895870069","2.37471295988726",0.584742646306617,0.0490236670039408
"972","Tri",7,11,1,"invaded",0,0,0,0,0,0,"pre_closure",12.27074435,0.121507783,0.572907930370027,100.987311652291,0.564648332438847,"116.000348918769","190.590224767313","8.84946318868528",0.608637452736052,0.0762882462955543
"flag_8","Tri",5,16,3,"invaded",2,27,29,0,0,0,"pre_closure",12.33999092,0.123349028,0.576386204844925,100.041249777826,0.531727173328856,"109.237006444399","195.382016827473","8.42338830980801",0.559094476647039,0.0771111236382651
"flag3_tri","Tri",5,14,2,"weeded",0,0,0,0,0,0,"pre_closure",11.79445672,0.124648669,0.598525877679897,94.6216017757879,0.500968499914959,"97.2417820316464","167.18704367629","7.37511993154982",0.581634676308574,0.0758431178189398
"3829","Tri",5,33,3,"weeded",0,0,0,0,0,0,"post_closure",4.61443574980461,0.135520765536882,0.841758392047097,34.0496582315187,0.123942949277132,"19.870691430907","33.9954241109548","1.08080598466226",0.584510767274229,0.0543919666016839
"5877","Tri",5,27,3,"weeded",0,0,0,0,0,0,"post_closure",4.82148476957551,0.139832958095211,0.839739986219325,34.4803173390111,0.153046906848063,"23.2653919900208","43.3539768381258","1.73984640372201",0.536638013091363,0.0747825957313885
"2988","Tri",5,33,NA,"weeded",0,0,0,0,0,0,"post_closure",3.74526823039476,0.127950066402203,0.860930223632712,29.2713269770548,0.0900467222523887,"16.4737206321903","28.5497546833014","1.14696375431987",0.577017939906352,0.0696238439347246
"2662","Mai",5,36,3,"invaded",26,19,45,6,6,6,"post_closure",0.928410337294391,0.0132068117460442,0.70881422417811,70.2978398683146,0.865654609602702,"27.2442264814626","48.0994802772022","1.79308169000615",0.566414155089647,0.0658151073302151
"5381","Tri",5,10,3,"invaded",6,27,33,2,2,2,"post_closure",5.14737750922843,0.205868047100498,0.876057583332093,25.0032852680419,0.0710694851863801,"22.0184129540283","41.2543945496742","1.49302879498963",0.533722848059642,0.0678081929931502
"4547","Tri",5,10,NA,"invaded",6,27,33,0,0,0,"post_closure",3.78359391254274,0.179691445941692,0.892411122875609,21.0560602521418,0.0780973967872716,"16.1628111276938","29.0679726897691","1.05941371043569",0.556035032101931,0.0655463769307099
"2563","Tri",5,16,3,"invaded",2,27,29,0,0,0,"post_closure",3.24668840278419,0.072662396994074,0.802924177152324,44.6818235716746,0.298106945304714,"32.7175283348154","60.160700477377","5.82664175104146",0.543835561673997,0.178089300983082
"901","Mai",7,31,3,"weeded",0,0,0,0,0,0,"post_closure",5.59346948134898,0.102833503619433,0.7630138809906,54.3934543166917,0.170267633319178,"25.992943252201","43.3858404842341","1.56266398081728",0.599111206838243,0.0601187778411727
"5151","Ari",7,31,NA,"weeded",0,0,0,0,0,0,"post_closure",3.16549844964502,0.0349168541768657,0.628151916804014,90.6581799611929,0.497213962778222,"33.5834965364697","54.9400839736706","4.43299369494388",0.611274940034023,0.131999170787053
"275","Mai",7,34,4,"invaded",0,1,1,0,0,0,"post_closure",1.20998295217201,0.00904340852408867,0.468373138707297,133.797223574387,0.686581466775013,"17.4426332633529","32.2528256442601","1.71179470370003",0.540809461339617,0.0981385481111114
"2229","Mai",7,32,3,"weeded",0,0,0,0,0,0,"post_closure",5.54696831021327,0.0875323009941181,0.728440738902755,63.3705300467996,0.220184664488011,"25.4591511012748","42.1473312465425","1.02024527789072",0.604051320648287,0.0400738136881412
"1159","Mai",7,31,3,"weeded",0,0,0,0,0,0,"post_closure",4.6871488509951,0.0719283391809845,0.722936060431595,65.164146765594,0.174346900942093,"20.3493640908187","32.2738947795512","0.824106558033655",0.63052086616184,0.0404979022615001
"6808","Mai",7,25,3,"weeded",0,0,0,0,0,0,"post_closure",4.02853399028709,0.0472709729632864,0.647291110989545,85.222150883501,0.343431906606465,"25.8734223447467","40.2867281993108","2.13002987729178",0.642231908650982,0.0823250147935786
"2546","Mai",7,33,3,"weeded",0,0,0,0,0,0,"post_closure",6.028105386115,0.090672498054412,0.716205217199685,66.4821805449495,0.248641059925125,"32.5895153475166","55.4631866253233","2.38842549244144",0.58758822437795,0.0732881562359117
"4632","Mai",7,35,NA,"invaded",0,4,4,0,0,0,"post_closure",3.64154506944933,0.0512653444160672,0.702564489042674,71.0332703491606,0.257435355860446,"18.5159987533514","30.7825562896457","1.01128956580516",0.601509458120592,0.054617068151515
"3427","Tri",7,35,4,"invaded",0,4,4,0,0,0,"post_closure",4.269558421254,0.051950081927403,0.652984759379928,82.1857880266761,0.325902064291298,"23.276952552493","38.6192636962839","1.1025447685532",0.602729061215447,0.0473663709227742
"3526","Tri",7,35,4,"invaded",0,4,4,0,0,0,"post_closure",4.18135013160582,0.0516765181120446,0.653360856245355,80.9139292732504,0.305746939575523,"21.8991869915824","33.6170221209616","0.973322484062706",0.651431495412776,0.044445599027801
"42","Mai",7,36,1,"invaded",0,0,0,0,0,0,"post_closure",3.60190198987938,0.0292828799229807,0.495078202995501,123.003679943811,0.560251574470781,"32.3634157311121","52.7685905476688","2.14830637219646",0.613308322151914,0.0663807056104779
"652","Mai",7,30,3,"invaded",0,1,1,0,0,0,"post_closure",3.50417105126503,0.0323760126321265,0.551048118578765,108.233558316192,0.484503409114914,"27.3246665711006","40.847661490231","1.93174184383669",0.6689407807993,0.0706958981113335
"1997","Tri",7,24,2,"invaded",0,0,0,0,0,0,"post_closure",3.64765172504775,0.0432959600348957,0.643077641472779,84.2492399315736,0.394795660720207,"26.4416225034644","43.5656482328472","2.42015625559737",0.606937428364218,0.0915282810379839
"5069","Mai",3,24,2,"invaded",24,13,37,9,9,9,"post_closure",3.74769173451135,0.0485374345898505,0.678927348259963,77.2123983514987,0.305944166001093,"21.5076035415759","36.2202911991882","1.47132970871073",0.593799851671484,0.0684097466213069
"1021","Mai",3,24,2,"invaded",24,13,37,9,9,9,"post_closure",4.46195235670382,0.068688906069173,0.724549332483589,64.958850155663,0.222352638215546,"22.8944973153988","37.5868340048363","1.57634001712495",0.609109490638476,0.0688523532711376
"5030","Mai",3,24,1,"invaded",24,13,37,2,2,2,"post_closure",2.10656501065735,0.0159544845321087,0.469998134909214,132.035917952589,0.53418920810286,"16.7364635747673","24.5200286436043","0.824430887607897",0.682562969971602,0.0492595633435279
"2268","Mai",3,18,4,"invaded",15,36,51,7,7,7,"post_closure",3.51261941299911,0.0416338685627435,0.652090041735691,84.369277567985,0.411044938982236,"26.3281025211911","42.5432910832797","2.44687555533872",0.618854391627885,0.0929377859026972
"2416","Tri",3,17,2,"invaded",8,24,32,2,2,2,"post_closure",3.68979368939056,0.126344290965358,0.86140115296571,29.204277147768,0.11087610074838,"18.3916587398291","34.7289242078411","1.72565683011441",0.529577554137903,0.0938282323810911
"54","Mai",3,16,4,"invaded",25,103,128,7,7,7,"post_closure",1.97075265537838,0.0179776837085747,0.559031696708052,109.622167534208,0.570104379966675,"20.5479465696678","33.0099174690775","1.98018764324269",0.622477974654628,0.0963691255731498
"untagged_p3_sub17_q1","Tri",3,17,1,"invaded",8,24,32,1,1,1,"post_closure",3.3120053138193,0.0875471748090949,0.829035931294207,37.8310930197513,0.149872565907479,"17.4691647594906","31.5228656953013","1.68497592158392",0.554174386565829,0.0964542921646274
"untagged_p3_sub12_q4","Tri",3,12,4,"invaded",33,26,59,3,3,3,"post_closure",4.07266975047735,0.105127453681447,0.824619686308936,38.7403062459611,0.142369012796733,"20.4030836516666","36.8684337559721","1.76942313984092",0.553402506510373,0.0867233193790482
"5657","Mai",5,23,1,"invaded",21,22,43,2,2,2,"post_closure",4.59200200946812,0.114368494856671,0.818814778991158,40.1509350562226,0.171902475327259,"24.9306211357097","45.1256308624863","2.41933483848933",0.552471415007628,0.0970427020377749
"6867","Ari",5,9,NA,"weeded",0,0,0,0,0,0,"post_closure",2.56954627622675,0.0355320645812368,0.699072365631693,72.3162671944381,0.458746269949357,"27.3910777184219","48.5156917954919","4.00322226061568",0.564581823008594,0.146150593334387
"5052","Mai",5,36,3,"invaded",26,19,45,6,6,6,"post_closure",3.3773100732259,0.054437573569568,0.736989016477626,62.0400552737696,0.291242521588296,"26.4557545219489","44.6110489531061","3.68669789502281",0.593031438237609,0.139353345298247
"2671","Ari",5,19,3,"weeded",0,0,0,0,0,0,"post_closure",4.055470965,0.066546089,0.736131928274747,60.9422886595184,0.208648564976362,"17.9056432978149","30.7558288247279","0.595569570394416",0.582186986403652,0.0332615567331834
"5115","Tri",5,19,3,"weeded",0,0,0,0,0,0,"post_closure",6.043359586,0.144787652,0.811071795833669,41.7394681281246,0.153294774385908,"25.0502732004905","49.1931480373377","0.865301829600565",0.509222812524161,0.0345426104807361
"5337","Ari",5,25,NA,"weeded",0,0,0,0,0,0,"post_closure",6.335032886,0.107808324,0.745188613047318,58.7620014016728,0.22107516526875,"31.192710600333","52.5856799909504","1.83207787327767",0.593178800876988,0.0587341669902234
"2547","Tri",5,19,1,"weeded",0,0,0,0,0,0,"post_closure",5.298126851,0.124535122,0.808708122852335,42.5432341167177,0.187876174714563,"28.2998493621024","58.223292136825","2.51715222824116",0.486057183018741,0.088945781867376
"2508","Tri",5,21,NA,"weeded",0,0,0,0,0,0,"post_closure",4.590147772,0.09812845,0.793421468144703,46.7769313792279,0.221068292032015,"27.4850594948784","53.9553113191202","2.88776773351906",0.509404149895777,0.105066817630763
"3004","Tri",5,21,4,"weeded",0,0,0,0,0,0,"post_closure",4.875041966,0.101241239,0.787763974922307,48.1527292055365,0.21588001645055,"27.3154587735342","55.8896117973382","2.50924690336629",0.488739461504636,0.0918617887464327
"4990","Tri",5,22,NA,"invaded",39,25,64,0,0,0,"post_closure",5.247995538,0.131254379,0.818682142259494,39.9833939102329,0.169969070147035,"24.371521519749","49.7995079066655","1.4633118880435",0.489392818206683,0.0600418766164326
"482","Tri",5,22,1,"invaded",39,25,64,16,16,16,"post_closure",4.243861653,0.076053966,0.759544714505926,55.8006620325362,0.267681980609381,"26.8588351645457","48.3950078685255","2.78547627997331",0.554991854480383,0.10370800754793
"4959","Tri",5,22,4,"invaded",39,25,64,11,11,11,"post_closure",5.402678416,0.11900292,0.797596326320987,45.3995449523423,0.216030994844113,"30.7823987987454","60.5049107779511","2.9425995562829",0.508758684261426,0.0955935752610297
"4414","Tri",5,22,2,"invaded",39,25,64,6,6,6,"post_closure",5.624384689,0.118934007,0.79026472374173,47.2899621468232,0.316841479757967,"46.0866047407029","88.3336714375371","6.49036036787708",0.521733151024883,0.140829648970537
"4431","Tri",5,23,3,"invaded",21,22,43,9,9,9,"post_closure",4.861803126,0.139992967,0.839085252129571,34.7289098173053,0.116593518151404,"20.7245550738555","52.7692693492507","1.11739489294273",0.392739094731274,0.0539164719802525
"5404","Ari",7,7,1,"weeded",0,0,0,0,0,0,"post_closure",4.90950558377333,0.0573756011416127,0.645276780215752,85.5678282421101,0.295217749644681,"22.3810362111268","37.1901096612724","0.184073481771016",0.601800758722502,0.00822452901798637
"5176","Ari",7,7,1,"weeded",0,0,0,0,0,0,"post_closure",2.91849452632731,0.0206769180027273,0.437513874497208,141.147463366753,0.575686420920747,"21.0087900597283","35.0986835727502","-0.166483224800946",0.598563476495712,-0.00792445563631374
"6890","Ari",7,7,1,"weeded",0,0,0,0,0,0,"post_closure",1.21807524424955,0.0174534413551543,0.710892556757274,69.789975481817,0.79454215471117,"39.8726781297451","62.0685481428253","6.80952259114081",0.642397467361319,0.170781670821878
"5253","Ari",7,8,NA,"weeded",0,0,0,0,0,0,"post_closure",3.46350503719618,0.0550825606520838,0.731173803417933,62.8784318701631,0.354576046315431,"28.203259269138","51.2169652602041","3.64383848626545",0.550662444091589,0.129199198273258
"2438","Ari",7,14,2,"weeded",0,0,0,0,0,0,"post_closure",3.37043008458876,0.0604981469864422,0.759301246396045,55.7112945185591,0.331415765980687,"27.5346628032876","50.8815374102869","3.75534521194203",0.541152335497646,0.136386097726014
"2996","Tri",7,14,1,"weeded",0,0,0,0,0,0,"post_closure",4.6762159272725,0.0725805874040803,0.72558443403683,64.4279151564102,0.337729745560314,"37.3981395094328","63.7065114715095","4.88668434753561",0.587037943933844,0.130666509394219
"1851","Tri",7,8,3,"weeded",0,0,0,0,0,0,"post_closure",4.78673157717498,0.0695771872137948,0.708692379040767,68.7974287098794,0.371090481040774,"38.5230794898876","67.9697132509884","4.69579536844545",0.566768309697517,0.121895638423146
"3071","Tri",7,8,NA,"weeded",0,0,0,0,0,0,"post_closure",4.90324795443458,0.090610821394837,0.764974544379635,54.1132712291467,0.202813459719628,"29.2115738460416","48.7865509307762","3.18152164572718",0.598762841166826,0.10891305146704
"784","Ari",7,1,4,"weeded",0,0,0,0,0,0,"post_closure",6.41892783461789,0.100921160476142,0.727064117769702,63.6033890646287,0.258759415091362,"35.3951623047148","61.2111008581259","2.6479724934148",0.578247438920485,0.0748117064874167
"3785","Ari",7,4,NA,"invaded",4,0,4,0,0,0,"post_closure",7.21873972792719,0.144429293864693,0.780416972074971,49.981132876617,0.185483761301638,"33.8910737809276","56.8967920513388","1.96456093347478",0.595658780733142,0.0579669132401567
"421","Ari",7,4,1,"invaded",4,0,4,4,4,4,"post_closure",7.34500400060214,0.129277932521664,0.754028702614702,56.8156053963138,0.177375215357387,"40.1672870202831","69.5342387544597","3.90348936418544",0.577661994145394,0.0971808069142014
"818","Ari",7,16,2,"invaded",0,0,0,0,0,0,"post_closure",5.60679089746664,0.0751665728001212,0.68723643225865,74.5915463297217,0.345291650010897,"38.9751826211893","67.8832136623427","3.8875902931136",0.574150522912121,0.0997452745994336
"5488","Tri",3,1,1,"weeded",0,0,0,0,0,0,"post_closure",5.15649373862938,0.159261046660869,0.847741722988122,32.3776205590915,0.126522766357769,"23.6733878648818","48.9444128074995","1.65952049135136",0.483679065841289,0.0701006759498572
"4250","Mai",3,2,4,"weeded",0,0,0,0,0,0,"post_closure",4.01648274134635,0.0999527600720971,0.818957898704956,40.1838102164384,0.13636700991483,"15.8342068104334","29.5802053543376","0.407866774253413",0.535297392994991,0.0257585857717018
"5184","Mai",3,13,NA,"weeded",0,0,0,0,0,0,"post_closure",3.91708357885991,0.0598250999876879,0.722997676467813,65.4755876658134,0.26346559872459,"20.9825466494311","37.1977773663352","1.38502481139306",0.564080655755007,0.0660084228351096
"141","Mai",3,13,2,"weeded",0,0,0,0,0,0,"post_closure",2.63536133250938,0.0287950042169503,0.626215959636409,91.5214775679062,0.514094740013666,"25.9120034946556","44.1905992859801","2.85448831541218",0.586369135366681,0.110160849430301
"774","Tri",3,20,4,"weeded",0,0,0,0,0,0,"post_closure",4.42878299584637,0.125358227023068,0.837360758909015,35.329017496645,0.172516414778811,"24.8059127646364","52.9476747927367","2.57262751467151",0.468498623626797,0.103710254046329
"5479","Tri",3,21,3,"weeded",0,0,0,0,0,0,"post_closure",5.65883629545653,0.124865068516998,0.797750206213567,45.3196107019009,0.15393516872865,"23.2067892917417","50.2669648953088","0.725446580166481",0.461670787963319,0.0312601011301738
"3643","Mai",3,12,2,"invaded",33,26,59,3,3,3,"post_closure",3.44899130863986,0.0341225018983596,0.588355910130075,101.076741644365,0.392245063891536,"20.4207328508141","39.573944472361","0.848834768775073",0.516014593012739,0.0415673019659151
"3993","Mai",5,3,1,"weeded",0,0,0,0,0,0,"post_closure",4.54558044256544,0.0605731419898157,0.685927919642062,75.0428373573505,0.339523598194363,"29.0002349147987","47.98832516475","2.38242078223388",0.604318546547253,0.0821517752953836
"631","Mai",5,3,3,"weeded",0,0,0,0,0,0,"post_closure",5.94316782318752,0.0929242489251167,0.726231234820917,63.9571252061111,0.325376443245095,"41.1581692259324","72.7764471134","4.33918149932792",0.565542436577041,0.105426980376813
"flag2_mai","Mai",5,3,3,"weeded",0,0,0,0,0,0,"post_closure",4.29806315006099,0.0798313339030931,0.766843992315189,53.8393001835393,0.268353151702078,"27.3469304978849","50.0787041167669","2.86201034302977",0.546079036592499,0.104655633774004
"2215","Ari",5,8,2,"weeded",0,0,0,0,0,0,"post_closure",4.81915759168977,0.0703090791036492,0.710167821402243,68.5424649722036,0.350198341589487,"36.2503061332333","64.1398593417982","4.16452248865319",0.565175953069326,0.114882408809102
"flag2_tri","Tri",5,14,2,"weeded",0,0,0,0,0,0,"post_closure",6.55883400978807,0.0978842487826095,0.713524461136469,67.0060207986531,0.23209358583042,"29.3724526451457","47.0975322646466","0.842419140189867",0.623651627437684,0.0286805855257406
"flag3_tri","Tri",5,14,2,"weeded",0,0,0,0,0,0,"post_closure",4.77211290491802,0.112555546016949,0.809851786922456,42.3978477630895,0.183711399818973,"22.8038138949085","42.8192237211748","1.43901744729883",0.532560189399969,0.0631042444886873
"4177","Tri",5,14,2,"weeded",0,0,0,0,0,0,"post_closure",4.60603381844084,0.104326098577701,0.803688322396567,44.1503504994037,0.200182216355963,"23.9370046689916","47.122234874139","1.88829353144903",0.507976854937506,0.0788859574353995
"7147","Tri",5,9,3,"weeded",0,0,0,0,0,0,"post_closure",4.48019945305892,0.115524308290098,0.823972694110662,38.7814436578014,0.181253246459826,"22.5812013051572","42.9666568506281","1.74198838929527",0.525551740822188,0.0771433001174046
"43","Tri",5,9,NA,"weeded",0,0,0,0,0,0,"post_closure",4.43832381063237,0.0957772481962282,0.795339202339653,46.3400639945214,0.214168964221675,"23.6639185050393","44.2091169152569","1.91196822212923",0.535272363625809,0.0807967717486041
"2912","Tri",5,11,NA,"invaded",10,61,71,0,0,0,"post_closure",4.19666985531084,0.149474038016087,0.865103262189333,28.076245955563,0.130640639357137,"19.3770813635679","44.251448408249","1.36307707994527",0.437885810760395,0.0703448086102419
"1374","Tri",5,10,1,"invaded",6,27,33,4,4,4,"post_closure",4.72159072415199,0.137418071719449,0.840693281823647,34.3593143541668,0.176886628050335,"24.520047265756","49.4595979229931","2.09715386768954",0.495759130592466,0.0855281331622213
"4844","Mai",7,19,NA,"weeded",0,0,0,0,0,0,"post_closure",3.95049018635375,0.0381278592436929,0.57942883793379,103.611644207568,0.36807838572791,"20.0476131056556","33.5164411176829","0.153053798688331",0.598142655876393,0.0076345147864587
"4871","Mai",7,19,1,"weeded",0,0,0,0,0,0,"post_closure",5.72292677543467,0.0746714907269641,0.680983889153892,76.6413890993622,0.228079211439594,"21.7302166866971","33.7774236422466","-0.471732664452259",0.643335528394722,-0.0217086037959781
"2666","Mai",7,20,4,"weeded",0,0,0,0,0,0,"post_closure",6.03708462293291,0.0804388445649869,0.687427499539571,75.0518565449498,0.214809617858161,"23.0251619045205","35.6462607070686","-0.332847585922777",0.645934845557437,-0.0144558195639627
"5077","Mai",7,20,4,"weeded",0,0,0,0,0,0,"post_closure",3.92778018436196,0.048599759700221,0.669055758482514,80.8189219162765,0.284246439610681,"16.9804376036077","27.6002128246163","-0.062880127754492",0.615228502457889,-0.00370309230082105
"4874","Mai",7,28,2,"invaded",0,0,0,0,0,0,"post_closure",6.47053346101502,0.0686976769602518,0.614306389660413,94.1885336931967,0.325629205447687,"31.8130808731642","48.8437313827674","0.568395676143758",0.651323721028984,0.0178667284193536
"682","Mai",7,23,NA,"invaded",0,0,0,0,0,0,"post_closure",4.96033105645985,0.032579982773679,0.507391041639342,152.250880269564,0.414177407302599,"35.1975014831091","57.5284086959605","2.77724276920017",0.611828178128984,0.0789045429981142
"2265","Mai",7,23,NA,"invaded",0,0,0,0,0,0,"post_closure",5.76531386716819,0.0458808501067053,0.49438497375037,125.658392417747,0.431122829175127,"31.2631062439945","43.8491084493214","-0.146934622619621",0.712970168598224,-0.00469993677124923
"4859","Mai",7,24,3,"invaded",0,0,0,0,0,0,"post_closure",5.40560114097769,0.0478529875105938,0.544685761408349,112.962668000216,0.376408203330559,"27.4896009970176","40.1571995339242","0.113601328025955",0.684549752374908,0.00413252007689307
"3581","Mai",7,23,2,"invaded",0,0,0,0,0,0,"post_closure",1.91760609086634,0.014837742644423,0.489261288030012,129.238398105463,0.647742535644451,"19.3469528928501","39.8321554806428","0.737002246051889",0.485711924433819,0.0380939701530083
"179","Mai",3,30,2,"invaded",19,59,78,8,8,8,"post_closure",1.50165177575691,0.0168352735114173,0.636886249866138,89.1967555346531,0.548415924309405,"17.2318589156522","38.6663442222254","2.17975831811257",0.445655240035528,0.126495831284495
"untagged_p3_sub22_q4","Tri",3,22,4,"invaded",8,137,145,0,0,0,"post_closure",4.46820882603584,0.112314447637667,0.820568786615109,39.7830280967106,0.146227652517981,"22.7016963321009","40.6995774992534","2.0190141816385",0.557787026966492,0.0889367099313874
"6558","Tri",3,22,4,"invaded",8,137,145,0,0,0,"post_closure",4.25987048672771,0.143730285434375,0.859278429628469,29.6379463371531,0.0817256245569238,"20.4703106595745","34.9133134378544","1.90064856220412",0.586318187645283,0.0928490335985759
"1686","Tri",3,6,3,"invaded",14,20,34,5,5,5,"post_closure",2.60228250689903,0.129481485533307,0.897171762697914,20.0977189609833,0.0444480737063511,"13.9117800925748","24.338894091539","1.72106285087876",0.571586368725397,0.12371262623662
"1926","Tri",3,5,2,"invaded",43,22,65,3,3,3,"post_closure",3.18739562849506,0.11676385817009,0.869342501330587,27.2977929853258,0.0171034576657011,"15.0820566519096","25.6164768292663","1.57540024559163",0.588763894130775,0.104455266410378
"2616","Mai",5,36,3,"invaded",26,19,45,6,6,6,"post_closure",4.93332886861929,0.0652274134882632,0.68268710549599,75.632753236597,0.233593454708655,"18.8744357302005","29.0251664857909","-0.407150610261919",0.650278293474746,-0.0215715381419561
"1476","Mai",5,23,1,"invaded",21,22,43,2,2,2,"post_closure",1.26301933637161,0.0154858487458138,0.666137707697454,81.5595810796638,0.403763191210665,"9.62208714525353","24.9771493338908","0.95564692500545",0.385235601414193,0.0993180492526364
"4781","Mai",5,23,1,"invaded",21,22,43,2,2,2,"post_closure",4.80479126237351,0.0839698989188262,0.753117383668155,57.2204006940428,0.249049588683816,"25.4408572995597","45.7296145983758","1.72930248501384",0.556332204480536,0.0679734359833766
