"id","spp","plot","subplot","composite","gm.trt","rosette_subplot","adult_subplot","total_subplot","canopy","anet","gsw","ci.ca","iwue","stom.lim","vcmax25","jmax25","rd25","jmax.vcmax","rd.vcmax","FmPrime","FoPrime","Fs","FvP_over_FmP","NPQt","Phi2","PhiNO","PhiNPQ","SPAD","phosphate_ppm","nitrate_ppm","ammonium_ppm","inorg_n_ppm"
"1926","Tri",3,5,"C4","invaded",43,22,65,"pre_closure",11.83860636,0.148474062,0.656702587,79.73518203,0.526813088,93.34117893,172.6765701,4.917214654,0.540554974,0.052680014,2984.16,866,2829,0.71,0.995,0.052,0.475,0.473,31.842,0.935,16.769,0.180699482,16.949699482
"5495","Tri",3,3,"C2","weeded",0,0,0,"pre_closure",15.82502038,0.249590615,0.714524262,63.40390796,0.292789783,87.26806664,177.6301344,5.559808901,0.491290889,0.063709546,3214.53,910,2954.33,0.717,0.927,0.081,0.477,0.442,33.625,1.497,15.902,0.203256597,16.105256597
"552","Tri",3,14,"C5","weeded",0,0,0,"pre_closure",13.08396858,0.16532543,0.656420811,79.14068985,0.346162229,77.93302457,149.0287368,4.83163794,0.522939577,0.061997311,3137.29,858,2917.67,0.727,0.837,0.07,0.506,0.424,30.047,1.628,4.832,0.264896373,5.096896373
"916","Tri",3,16,"C7","invaded",25,103,128,"pre_closure",14.87148345,0.177952393,0.636455796,83.57001105,0.387635786,94.07081901,173.4160482,5.803038043,0.542457402,0.061687972,3132.37,872,3100.67,0.722,0.883,0.01,0.526,0.464,32.157,1.426,17.693,0.187176166,17.880176166
"1686","Tri",3,6,"C4","invaded",14,20,34,"pre_closure",14.05270869,0.144608857,0.592885741,97.17737199,0.396061313,87.65902449,155.172417,4.777893165,0.564913702,0.054505434,2811.64,833,2788.33,0.704,1.054,0.008,0.483,0.509,34.106,0.935,16.769,0.180699482,16.949699482
"2416","Tri",3,17,"C8","invaded",8,24,32,"pre_closure",13.18355301,0.152416776,0.626184461,86.4967319,0.441036536,84.17783532,142.179769,3.413946894,0.592052132,0.040556364,3367.84,946,3193.67,0.719,0.906,0.052,0.497,0.451,34.938,0.559,22.785,0.125,22.91
"3563","Tri",3,4,"C3","invaded",10,0,10,"pre_closure",11.79064329,0.14435188,0.647266196,81.67987345,0.437013227,75.56296208,136.3243626,3.5539916,0.554288028,0.047033514,NA,NA,NA,NA,NA,NA,NA,NA,NA,1.537,12.818,0.12888601,12.94688601
"4714","Tri",3,7,"C1","weeded",0,0,0,"pre_closure",13.78498817,0.182451938,0.667324699,75.55407918,0.311151856,74.76300771,143.7313537,3.787737717,0.52015796,0.05066326,2691.68,852,2599,0.683,1.26,0.034,0.427,0.538,34.01,1.366,12.362,0.19365285,12.55565285
"5488","Tri",3,1,"C1","weeded",0,0,0,"pre_closure",13.17314056,0.132422625,0.575686698,99.47802016,0.448622224,86.25247522,173.7486434,4.103927342,0.496421,0.047580401,2551.96,874,2387.33,0.658,1.542,0.065,0.368,0.567,35.715,1.366,12.362,0.19365285,12.55565285
"6578","Tri",3,1,"C1","weeded",0,0,0,"pre_closure",12.229702,0.129464452,0.59652232,94.46378377,0.410539382,76.17339806,139.9821943,3.641232749,0.544164909,0.047801895,NA,NA,NA,NA,NA,NA,NA,NA,NA,1.366,12.362,0.19365285,12.55565285
"902","Tri",3,7,"C1","weeded",0,0,0,"pre_closure",15.63029543,0.188616508,0.635616199,82.86812006,0.413834849,95.52456836,167.1763362,3.742719152,0.571400059,0.039180697,2260.67,748,2044.33,0.669,1.413,0.096,0.375,0.53,29.353,1.366,12.362,0.19365285,12.55565285
"1157","Mai",3,30,"C12","invaded",19,59,78,"pre_closure",8.970671885,0.161492435,0.7545181,55.54855796,0.199320291,41.35717264,72.31331091,1.884502369,0.571916458,0.045566518,2399.22,775,1322.33,0.677,1.329,0.449,0.237,0.314,23.793,0.501,13.944,0.641212802,14.585212802
"1240","Mai",7,21,"C6","weeded",0,0,0,"pre_closure",11.01176218,0.208843531,0.762603197,52.72733193,0.253183568,63.31919078,121.3417252,5.381717191,0.521825371,0.084993461,2378.85,721,1333.67,0.697,1.122,0.439,0.264,0.296,32.382,0.564,23.505,NA,NA
"1264","Mai",7,21,"C6","weeded",0,0,0,"pre_closure",10.82726997,0.199343102,0.756656801,54.31474609,0.279925287,66.49398058,138.7779047,6.181005353,0.479139534,0.092955863,2315.59,733,1367,0.683,1.26,0.41,0.261,0.329,27.386,0.564,23.505,NA,NA
"1432","Mai",5,17,"C8","invaded",7,30,37,"pre_closure",9.247133758,0.126158161,0.685682548,73.29794351,0.347727365,57.75210758,103.886287,4.368875069,0.555916563,0.075648756,2339.18,719,1348.67,0.693,1.166,0.423,0.266,0.31,28.536,1.238,10.342,0.102979275,10.444979275
"1499","Mai",5,17,"C8","invaded",7,30,37,"pre_closure",9.422513843,0.153379542,0.731160253,61.43266384,0.259107934,51.11479745,93.88579265,3.508904963,0.544435915,0.068647537,2404.55,744,1363,0.691,1.186,0.433,0.259,0.308,25.408,1.238,10.342,0.102979275,10.444979275
"1663","Mai",3,30,"C12","invaded",19,59,78,"pre_closure",5.831230438,0.079690377,0.692794118,73.17358328,0.28854203,31.51700071,54.91086441,1.881151138,0.573966574,0.05968687,2405.64,727,1289.33,0.698,1.113,0.464,0.254,0.282,27.009,0.501,13.944,0.641212802,14.585212802
"179","Mai",3,30,"C12","invaded",19,59,78,"pre_closure",11.90789853,0.184430619,0.716747314,64.56573531,0.318705653,72.29548503,134.3223149,5.726876769,0.538223936,0.079214861,2328.94,733,1225.33,0.685,1.241,0.474,0.235,0.291,29.412,0.501,13.944,0.641212802,14.585212802
"3665","Mai",3,30,"C12","invaded",19,59,78,"pre_closure",10.69930571,0.218064461,0.77782684,49.06487587,0.180819759,46.40948981,81.00889189,1.798726187,0.572893774,0.038757724,1313.69,614,1292,0.533,3.282,0.017,0.23,0.754,23.863,0.501,13.944,0.641212802,14.585212802
"1975","Tri",7,18,"C8","invaded",0,0,0,"pre_closure",10.88587845,0.098832521,0.54024625,110.1447008,0.753980477,193.4702505,276.6846176,17.57512054,0.699244693,0.090841463,NA,NA,NA,NA,NA,NA,NA,NA,NA,0.826,26.807,0.506457047,27.313457047
"1997","Tri",7,24,"C8","invaded",0,0,0,"pre_closure",13.6474419,0.147222405,0.602625013,92.69949027,0.462015816,103.6844544,195.3669197,7.59676049,0.530716533,0.073268076,2318.87,700,1449,0.698,1.11,0.375,0.296,0.329,34.146,0.826,26.807,0.506457047,27.313457047
"2131_mai","Mai",3,30,"C12","invaded",19,59,78,"pre_closure",10.44474996,0.153847259,0.705860921,67.89038705,0.281735019,55.77961663,103.4093743,3.275102144,0.539405803,0.058715035,NA,NA,NA,NA,NA,NA,NA,NA,NA,0.501,13.944,0.641212802,14.585212802
"2265","Mai",7,23,"C8","invaded",0,0,0,"pre_closure",9.878212792,0.147649817,0.692655184,66.90298026,0.350473162,65.12112169,114.6522354,5.534393742,0.567988243,0.084986155,1890.94,636,1169.67,0.664,1.473,0.381,0.25,0.368,25.571,0.826,26.807,0.506457047,27.313457047
"2285","Mai",7,23,"C8","invaded",0,0,0,"pre_closure",10.01741015,0.12995275,0.669999395,77.08501859,0.360521613,65.90127085,116.2684566,5.363142263,0.566802663,0.081381469,2241.41,657,1211.33,0.707,1.024,0.46,0.267,0.273,24.012,0.826,26.807,0.506457047,27.313457047
"2337","Mai",3,22,"C7","invaded",8,137,145,"pre_closure",7.417571292,0.14711737,0.776753443,50.41941201,0.223357529,37.44085894,67.23939636,2.40611794,0.556829195,0.064264496,2297.82,703,1311.33,0.694,1.151,0.429,0.265,0.305,23.521,1.426,17.693,0.187176166,17.880176166
"2337","Mai",3,22,"C7","invaded",8,137,145,"pre_closure",7.417571292,0.14711737,0.776753443,50.41941201,0.223357529,37.44085894,67.23939636,2.40611794,0.556829195,0.064264496,2726.35,738,1236.33,0.729,0.811,0.547,0.25,0.203,24.929,1.426,17.693,0.187176166,17.880176166
"2379","Tri",7,23,"C8","invaded",0,0,0,"pre_closure",12.28291562,0.140562986,0.62324741,87.38371295,0.449695155,97.00045179,178.354424,8.114068272,0.543863447,0.083649799,3000.16,788,1657,0.737,0.738,0.448,0.318,0.235,35.365,0.826,26.807,0.506457047,27.313457047
"2382","Tri",7,23,"C8","invaded",0,0,0,"pre_closure",11.60912672,0.119116337,0.585113221,97.4604073,0.521450245,108.6600484,195.5420742,9.510312779,0.555686283,0.087523546,NA,NA,NA,NA,NA,NA,NA,NA,NA,0.826,26.807,0.506457047,27.313457047
"2508","Tri",5,21,"C6","weeded",0,0,0,"pre_closure",11.57615661,0.1142837,0.573206888,101.2931556,0.637078705,145.8136971,230.0352236,14.5988756,0.633875521,0.100120057,2269.43,788,2147.67,0.653,1.596,0.054,0.365,0.582,31.529,1.259,22.947,0.012352611,22.959352611
"2547","Tri",5,19,"C5","weeded",0,0,0,"pre_closure",12.99489428,0.148668518,0.624742783,87.40851429,0.399101094,84.63312547,167.7407509,5.341814156,0.504547196,0.063117297,NA,NA,NA,NA,NA,NA,NA,NA,NA,1.29,22.569,0.242713004,22.811713004
"2666","Mai",7,20,"C5","weeded",0,0,0,"pre_closure",10.51541549,0.158485379,0.710622854,66.34943587,0.314026873,61.72684231,116.2687993,4.455249664,0.530897736,0.07217686,2289.41,691,1245.33,0.698,1.11,0.456,0.258,0.286,23.818,0.911,19.307,0.115932642,19.422932642
"2886","Tri",7,24,"C8","invaded",0,0,0,"pre_closure",10.8358556,0.123425719,0.626703866,87.79252564,0.468948738,87.96058442,148.089794,7.605286879,0.593967903,0.086462441,2413.77,706,1303,0.708,1.017,0.46,0.268,0.272,32.681,0.826,26.807,0.506457047,27.313457047
"2988","Tri",5,33,"C10","weeded",0,0,0,"pre_closure",13.10648159,0.133841194,0.583633192,97.92561765,0.587982855,135.9716045,220.8552443,11.58325113,0.615659388,0.085188751,1931.9,846,1899.67,0.562,2.802,0.017,0.259,0.725,38.954,1.172,23.237,0.394430052,23.631430052
"3004","Tri",5,21,"C6","weeded",0,0,0,"pre_closure",12.10690556,0.128637614,0.600160623,94.11637221,0.526999098,105.9838795,183.5553439,8.32068674,0.577394683,0.078508984,NA,NA,NA,NA,NA,NA,NA,NA,NA,1.259,22.947,0.012352611,22.959352611
"3043","Tri",7,24,"C8","invaded",0,0,0,"pre_closure",6.493201908,0.097623913,0.612341107,66.51241185,0.8089592,165.3413144,231.1926865,15.1415389,0.715166716,0.091577468,2023.41,646,1201.33,0.681,1.289,0.406,0.259,0.334,34.819,0.826,26.807,0.506457047,27.313457047
"3077","Tri",5,21,"C6","weeded",0,0,0,"pre_closure",12.66787838,0.136217622,0.603391288,92.99735375,0.63167944,156.901602,254.7804952,15.65727979,0.615830509,0.099790439,1608.44,621,1573,0.614,2.069,0.022,0.319,0.659,39.212,1.259,22.947,0.012352611,22.959352611
"3526","Tri",7,35,"C12","invaded",0,4,4,"pre_closure",13.10470354,0.15075639,0.623713138,86.92635543,0.507579559,112.9641073,197.9644835,9.436100217,0.570628152,0.083531844,2832.89,732,1502.33,0.742,0.7,0.47,0.312,0.218,38.313,1.117,28.775,0.197641774,28.972641774
"3526","Tri",7,35,"C12","invaded",0,4,4,"pre_closure",13.10470354,0.15075639,0.623713138,86.92635543,0.507579559,112.9641073,197.9644835,9.436100217,0.570628152,0.083531844,2972.04,781,2794,0.737,0.739,0.06,0.54,0.4,37.651,1.117,28.775,0.197641774,28.972641774
"3581","Mai",7,23,"C8","invaded",0,0,0,"pre_closure",9.256708301,0.121716506,0.674858968,76.05138042,0.386770757,66.10766869,117.0683809,6.049354717,0.564692773,0.091507609,2092.62,636,1142,0.696,1.131,0.454,0.256,0.29,29.911,0.826,26.807,0.506457047,27.313457047
"3960","Mai",5,3,"C2","weeded",0,0,0,"pre_closure",10.41522693,0.17474168,0.736673852,59.60356413,0.2718024,56.30381149,108.569036,3.684717276,0.518599166,0.065443478,2564.06,791,1474,0.692,1.177,0.425,0.264,0.311,29.199,1.378,18.064,0.174222798,18.238222798
"3993","Mai",5,3,"C2","weeded",0,0,0,"pre_closure",4.106476716,0.152641796,0.758608331,26.90270177,0.720388062,54.56645027,92.39657225,2.636642808,0.590567907,0.048319852,1087.41,617,969.33,0.433,5.401,0.109,0.139,0.752,27.245,1.378,18.064,0.174222798,18.238222798
"4000","Tri",5,20,"C5","weeded",0,0,0,"pre_closure",13.4198004,0.132360944,0.569258093,101.387917,0.556496989,131.9857156,234.6264312,11.66207685,0.56253558,0.088358629,931.7,601,909.67,0.355,7.869,0.024,0.11,0.866,33.293,1.29,22.569,0.242713004,22.811713004
"4081","Tri",7,18,"C8","invaded",0,0,0,"pre_closure",12.85478286,0.144540319,0.608132424,88.93561983,0.518149287,110.1748216,186.2304285,8.469284829,0.591604833,0.076871328,NA,NA,NA,NA,NA,NA,NA,NA,NA,0.826,26.807,0.506457047,27.313457047
"4109","Tri",5,32,"C9","weeded",0,0,0,"pre_closure",12.95343851,0.126199758,0.565306001,102.6423403,0.618572185,149.1865877,245.6986341,13.65770969,0.607193395,0.091547839,2768.11,842,2666.33,0.696,1.133,0.037,0.452,0.512,31.682,1.516,9.614,0.181053812,9.795053812
"4414","Tri",5,22,"C7","invaded",39,25,64,"pre_closure",14.54540431,0.177795274,0.643894766,81.80984783,0.461141055,114.7407659,214.9297259,9.576871623,0.533852474,0.083465293,2839.45,893,2602.33,0.686,1.239,0.084,0.409,0.507,36.54,1.097,37.42,0.764013453,38.184013453
"4431","Tri",5,23,"C8","invaded",21,22,43,"pre_closure",9.816215502,0.103144864,0.600303246,95.16921271,0.598101316,115.8960876,188.0096494,12.55702354,0.616436911,0.10834726,2638.52,854,2497,0.676,1.335,0.054,0.405,0.541,27.728,1.238,10.342,0.102979275,10.444979275
"4576","Tri",5,21,"C6","weeded",0,0,0,"pre_closure",10.46039928,0.098526445,0.55649893,106.1684432,0.662888817,139.9709318,217.1639993,13.59042084,0.644540219,0.097094594,2313.16,820,2248,0.646,1.68,0.028,0.363,0.609,28.144,1.259,22.947,0.012352611,22.959352611
"4676","Mai",7,24,"C8","invaded",0,0,0,"pre_closure",9.399316346,0.113101554,0.647356813,83.10510345,0.396324662,66.34340517,115.3147943,5.517762421,0.575324316,0.08316972,2435.24,652,1278.67,0.732,0.784,0.475,0.294,0.231,26.085,0.826,26.807,0.506457047,27.313457047
"4736","Mai",7,23,"C8","invaded",0,0,0,"pre_closure",2.158733461,0.01673686,0.485560348,128.9807922,NA,NA,NA,NA,NA,NA,2450.63,648,1272.67,0.736,0.754,0.481,0.296,0.223,34.243,0.826,26.807,0.506457047,27.313457047
"4802","Mai",7,30,"C12","invaded",0,1,1,"pre_closure",7.351220664,0.075345193,0.59532823,97.56721526,0.589136688,87.55589811,136.9505544,10.0069825,0.63932489,0.1142925,2239.76,659,1228,0.706,1.034,0.452,0.269,0.279,24.287,1.117,28.775,0.197641774,28.972641774
"482","Tri",5,22,"C7","invaded",39,25,64,"pre_closure",10.61920378,0.097918285,0.547295663,108.4496504,0.63047688,124.5201413,193.7522742,10.9824906,0.642677057,0.088198507,NA,NA,NA,NA,NA,NA,NA,NA,NA,1.097,37.42,0.764013453,38.184013453
"4844","Mai",7,19,"C5","weeded",0,0,0,"pre_closure",10.46466712,0.218365722,0.782200962,47.92266398,0.219739122,52.78822289,100.8826632,3.466603195,0.523263574,0.065670011,2229.27,680,1306.33,0.695,1.142,0.414,0.274,0.312,23.613,0.911,19.307,0.115932642,19.422932642
"4859","Mai",7,24,"C8","invaded",0,0,0,"pre_closure",10.92645993,0.149061119,0.683257591,73.3018778,0.347990395,69.72728976,124.4945696,5.507048943,0.560082982,0.078979822,2238.39,672,1211,0.7,1.094,0.459,0.258,0.283,28.732,0.826,26.807,0.506457047,27.313457047
"4865","Mai",7,24,"C8","invaded",0,0,0,"pre_closure",7.355956265,0.07530835,0.595307932,97.67783075,0.603961348,84.79653175,138.5723601,8.575489862,0.611929621,0.101130196,2634.58,703,1404,0.733,0.776,0.467,0.3,0.233,34.615,0.826,26.807,0.506457047,27.313457047
"4871","Mai",7,19,"C5","weeded",0,0,0,"pre_closure",10.89475907,0.195162921,0.750752362,55.82391888,0.245781923,56.3100136,105.2169441,3.478479446,0.53518009,0.061773728,2753.69,708,1864.33,0.743,0.689,0.323,0.401,0.276,32.15,0.911,19.307,0.115932642,19.422932642
"4959","Tri",5,22,"C7","invaded",39,25,64,"pre_closure",12.50744023,0.130841998,0.593642967,95.59193853,0.597425115,131.9186212,208.9739812,11.0047168,0.631268163,0.083420496,2275.86,828,2054,0.636,1.791,0.097,0.323,0.579,26.76,1.097,37.42,0.764013453,38.184013453
"4990","Tri",5,22,"C7","invaded",39,25,64,"pre_closure",12.07849609,0.131773586,0.609830186,91.66098045,0.564231141,118.5575311,202.1247804,10.11125356,0.58655614,0.085285629,2636.28,811,2473,0.692,1.168,0.062,0.433,0.505,26.4,1.097,37.42,0.764013453,38.184013453
"5015","Mai",7,20,"C5","weeded",0,0,0,"pre_closure",10.16626426,0.149802918,0.705017547,67.86426056,0.323876071,62.15891051,113.516368,4.788797194,0.547576633,0.077041202,2288.72,684,1333.33,0.701,1.08,0.417,0.28,0.302,23.958,0.911,19.307,0.115932642,19.422932642
"5073","Mai",7,20,"C5","weeded",0,0,0,"pre_closure",10.84307142,0.186560044,0.741956714,58.12108095,0.265870146,59.88512279,112.4819779,4.307951092,0.532397491,0.071936917,NA,NA,NA,NA,NA,NA,NA,NA,NA,0.911,19.307,0.115932642,19.422932642
"5077","Mai",7,20,"C5","weeded",0,0,0,"pre_closure",9.201127273,0.141935504,0.717968196,64.82611478,0.298043395,53.74398215,97.76035173,3.960578301,0.54975234,0.073693428,2304.23,658,1235.67,0.714,0.951,0.464,0.275,0.261,22.037,0.911,19.307,0.115932642,19.422932642
"511","Mai",3,30,"C12","invaded",19,59,78,"pre_closure",7.560785669,0.124262387,0.736971967,60.84532779,0.227674728,38.15985568,66.46862717,2.334955812,0.574103262,0.061188801,2263.48,725,1164.33,0.68,1.3,0.486,0.224,0.291,23.608,0.501,13.944,0.641212802,14.585212802
"5115","Tri",5,19,"C5","weeded",0,0,0,"pre_closure",12.37349003,0.133964131,0.606466727,92.3642018,0.503842231,102.1089579,185.1191674,7.642018949,0.551585011,0.074841807,1817.59,725,1645.33,0.601,2.238,0.095,0.28,0.626,28.808,1.29,22.569,0.242713004,22.811713004
"5228","Tri",5,19,"C5","weeded",0,0,0,"pre_closure",8.05144007,0.062371127,0.472707926,129.089219,0.738565878,132.4884635,202.4702031,11.44466655,0.654360303,0.086382363,2692.11,800,2628.33,0.703,1.063,0.024,0.473,0.503,31.791,1.29,22.569,0.242713004,22.811713004
"543","Mai",3,30,"C12","invaded",19,59,78,"pre_closure",7.053447862,0.137246145,0.773764877,51.39268474,0.188911327,31.9245186,57.4982446,1.495308844,0.555225969,0.046838885,2002.81,646,1079.33,0.677,1.323,0.461,0.232,0.307,21.667,0.501,13.944,0.641212802,14.585212802
"5479","Tri",3,21,"C6","weeded",0,0,0,"pre_closure",11.88229882,0.133525777,0.610261692,88.98880117,0.553025255,117.3171384,199.3538396,10.99747169,0.588486977,0.093741391,3083.27,860,1761,0.721,0.888,0.429,0.303,0.269,44.936,1.359,17.447,0.16126943,17.60826943
"583","Tri",3,23,"C8","invaded",23,35,58,"pre_closure",9.629140061,0.108066281,0.613797437,89.10401998,0.486777014,78.28474083,139.7158359,6.282220609,0.560314014,0.080248341,2770.51,836,1777.67,0.698,1.109,0.358,0.304,0.337,37.9,0.559,22.785,0.125,22.91
"5877","Tri",5,27,"C10","weeded",0,0,0,"pre_closure",10.70342709,0.099290376,0.549342437,107.7992402,0.624181368,125.5930339,211.5415399,11.54259982,0.593703884,0.091904777,3436.76,886,2958.33,0.742,0.695,0.139,0.508,0.353,34.217,1.172,23.237,0.394430052,23.631430052
"652","Mai",7,30,"C12","invaded",0,1,1,"pre_closure",8.225997185,0.089862942,0.616848343,91.53937098,0.440406503,66.8137327,110.216956,6.474779431,0.606201941,0.096907914,2384.08,671,1302,0.719,0.911,0.454,0.286,0.26,30.509,1.117,28.775,0.197641774,28.972641774
"631","Mai",5,3,"C2","weeded",0,0,0,"pre_closure",9.285244518,0.137449886,0.690785078,67.55367202,0.346102509,58.61093008,103.4562323,4.469683811,0.566528751,0.076260244,2504.6,716,1357.33,0.714,0.954,0.458,0.277,0.265,29.032,1.378,18.064,0.174222798,18.238222798
"6507","Tri",7,12,"C4","invaded",0,0,0,"pre_closure",13.10288945,0.131348588,0.576187938,99.75660682,0.497271435,103.1865193,178.5237037,6.85053069,0.577998984,0.066389784,2459.95,752,1408.67,0.694,1.149,0.427,0.267,0.306,39.863,0.776,19.391,0.186412128,19.577412128
"682","Mai",7,23,"C8","invaded",0,0,0,"pre_closure",19.48824075,0.153409562,0.818144965,127.0340681,NA,66.44069058,119.1720852,5.221365138,0.557518906,0.078586858,1258.43,639,992.33,0.492,4.034,0.211,0.157,0.632,28.726,0.826,26.807,0.506457047,27.313457047
"7574","Tri",7,12,"C4","invaded",0,0,0,"pre_closure",13.28578143,0.151334394,0.622483922,87.79089194,0.380772602,81.40333829,160.5620321,4.472563866,0.50698996,0.054943249,3258.11,792,1841,0.757,0.567,0.435,0.361,0.205,41.148,0.776,19.391,0.186412128,19.577412128
"860","Mai",7,28,"C11","invaded",0,0,0,"pre_closure",10.45538049,0.127718407,0.650069382,81.86275366,0.378467613,70.28045861,122.8669025,5.57746383,0.572004805,0.079360094,2469.66,690,1385.67,0.721,0.892,0.439,0.297,0.265,32.378,0.453,14.595,0.601683938,15.196683938
"flag2_mai","Mai",5,3,"C2","weeded",0,0,0,"pre_closure",10.82086308,0.153082789,0.693437138,70.68634659,0.302667306,59.06542693,103.2441307,3.343631443,0.572094767,0.056608944,2784.61,770,1511.67,0.723,0.865,0.457,0.291,0.252,25.132,1.378,18.064,0.174222798,18.238222798
"1021","Mai",3,24,"C8","invaded",24,13,37,"pre_closure",9.43550077,0.156698312,0.724791336,60.21443786,0.205617718,40.58860492,67.75610892,1.094856799,0.599039785,0.026974487,1990.08,680,1165,0.658,1.533,0.415,0.231,0.354,28.208,0.559,22.785,0.125,22.91
"1153","Mai",7,32,"C9","weeded",0,0,0,"pre_closure",8.134168374,0.107686801,0.675235286,75.53542587,0.358380913,54.08467502,93.61594918,4.53530109,0.577729281,0.083855567,1893.58,704,1795,0.628,1.888,0.052,0.328,0.62,22.02,0.285,21.275,0.251943005,21.526943005
"1159","Mai",7,31,"C9","weeded",0,0,0,"pre_closure",11.48315241,0.181209419,0.716181989,63.36951177,0.281260147,58.58256916,106.0025277,2.672615562,0.552652568,0.045621344,727.37,538,708.67,0.26,12.864,0.026,0.07,0.904,27.413,0.285,21.275,0.251943005,21.526943005
"1374","Tri",5,10,"C3","invaded",6,27,33,"pre_closure",11.43326406,0.141725516,0.659646542,80.6718817,0.442530363,86.40885082,156.4511333,7.05747736,0.552305688,0.081675399,3046.25,855,1682,0.719,0.904,0.448,0.29,0.262,39.998,1.337,20.847,0.141816143,20.988816143
"141","Mai",3,13,"C5","weeded",0,0,0,"pre_closure",11.31508766,0.164866201,0.695710282,68.6319427,0.263051257,55.88085251,95.14058696,2.339096308,0.587350302,0.041858637,1132.69,633,1112,0.441,5.182,0.018,0.159,0.823,26.976,1.628,4.832,0.264896373,5.096896373
"1647","Tri",7,11,"C4","invaded",0,0,0,"pre_closure",3.416657407,0.097454015,0.698624106,35.05917542,0.879243432,119.7785325,189.6857084,9.785725188,0.631457865,0.08169849,1945.11,664,1231.33,0.659,1.529,0.367,0.25,0.383,35.774,0.776,19.391,0.186412128,19.577412128
"1669","Tri",7,11,"C4","invaded",0,0,0,"pre_closure",14.51949119,0.173981927,0.636739703,83.45401985,0.45225161,104.2337001,185.0301355,6.689922203,0.563333642,0.064181951,2096.06,624,1096,0.702,1.069,0.477,0.253,0.27,27.742,0.776,19.391,0.186412128,19.577412128
"1739","Tri",5,14,"C5","weeded",0,0,0,"pre_closure",12.35615426,0.124491626,0.579474699,99.25289481,0.493219084,102.7763692,180.8988877,8.376492537,0.568142627,0.081502125,2681.25,847,1494.67,0.684,1.253,0.443,0.247,0.31,38.83,1.29,22.569,0.242713004,22.811713004
"1739","Tri",5,14,"C5","weeded",0,0,0,"pre_closure",12.35615426,0.124491626,0.579474699,99.25289481,0.493219084,102.7763692,180.8988877,8.376492537,0.568142627,0.081502125,2348.27,786,1340.33,0.665,1.455,0.429,0.232,0.338,36.482,1.29,22.569,0.242713004,22.811713004
"1795","Tri",5,14,"C5","weeded",0,0,0,"pre_closure",12.32494683,0.140087396,0.623427273,87.9804121,0.469110118,94.94225513,168.0649718,7.06068695,0.564913998,0.074368225,1388.06,686,1226,0.506,3.768,0.117,0.185,0.698,35.748,1.29,22.569,0.242713004,22.811713004
"1817","Mai",7,32,"C9","weeded",0,0,0,"pre_closure",13.92293903,0.250542981,0.742863797,55.57106,0.241653642,70.68181829,131.2816646,4.168872645,0.538398248,0.058980835,1291.17,669,1022,0.482,4.247,0.208,0.151,0.641,27.091,0.285,21.275,0.251943005,21.526943005
"1827","Tri",7,8,"C1","weeded",0,0,0,"pre_closure",1.685088751,0.265677431,0.875731846,6.342611582,0.939755575,107.0078485,216.8062991,6.131677966,0.493564297,0.057301198,3006.27,737,1575,0.755,0.585,0.476,0.331,0.193,34.562,1.394,17.481,0.038212435,17.519212435
"1851","Tri",7,8,"C1","weeded",0,0,0,"pre_closure",13.72632147,0.15115469,0.609478616,90.8097623,0.504340596,110.3660699,199.2838346,7.574348454,0.55381346,0.068629321,NA,NA,NA,NA,NA,NA,NA,NA,NA,1.394,17.481,0.038212435,17.519212435
"2131_tri","Tri",7,11,"C4","invaded",0,0,0,"pre_closure",9.934184237,0.081273207,0.494911188,122.2319705,0.640245563,119.8111802,203.6439462,10.56442005,0.588336567,0.088175578,NA,NA,NA,NA,NA,NA,NA,NA,NA,0.776,19.391,0.186412128,19.577412128
"2268","Mai",3,18,"C8","invaded",15,36,51,"pre_closure",10.53298045,0.182500348,0.739833469,57.71485132,0.239478107,51.09433563,91.2938197,2.473664538,0.559669163,0.048413675,1970.37,688,1180.33,0.651,1.618,0.401,0.229,0.37,26.272,0.559,22.785,0.125,22.91
"2289","Tri",7,11,"C4","invaded",0,0,0,"pre_closure",15.03946649,0.16171153,0.59852682,93.00181929,0.507969065,119.1328341,203.619669,7.419452838,0.585075276,0.062278824,NA,NA,NA,NA,NA,NA,NA,NA,NA,0.776,19.391,0.186412128,19.577412128
"2310","Mai",3,4,"C3","invaded",10,0,10,"pre_closure",8.566985343,0.121472262,0.693357366,70.52626832,0.315226224,47.34255815,81.62186986,2.563470297,0.580022955,0.05414727,2343.29,738,2022,0.685,1.243,0.137,0.385,0.478,25.782,1.537,12.818,0.12888601,12.94688601
"2329","Tri",3,20,"C5","weeded",0,0,0,"pre_closure",11.30115501,0.113373987,0.569070668,99.68031741,0.600345266,116.799464,185.2229494,8.937563591,0.630588512,0.076520587,3014.07,843,1478.67,0.72,0.895,0.509,0.259,0.232,45.757,1.628,4.832,0.264896373,5.096896373
"235","Mai",7,34,"C11","invaded",0,1,1,"pre_closure",9.561452037,0.115646947,0.648361112,82.67794598,0.431599932,61.53241049,98.40890809,2.775201757,0.625272769,0.045101463,2081.91,689,1844.33,0.669,1.414,0.114,0.367,0.519,28.059,0.453,14.595,0.601683938,15.196683938
"2546","Mai",7,33,"C10","weeded",0,0,0,"pre_closure",6.417388368,0.060805529,0.565496512,105.5395533,0.690671149,92.21297057,124.1798577,8.554135686,0.742575908,0.092764994,893.79,593,852,0.337,8.621,0.047,0.099,0.854,26.592,0.632,3.076,0.724775785,3.800775785
"2563","Tri",5,16,"C7","invaded",2,27,29,"pre_closure",13.10096192,0.12722373,0.563632646,102.9757728,0.537952062,116.2866573,211.3379555,8.760592829,0.550240287,0.075336182,NA,NA,NA,NA,NA,NA,NA,NA,NA,1.097,37.42,0.764013453,38.184013453
"2573","Tri",5,31,"C9","weeded",0,0,0,"pre_closure",11.41146449,0.149786527,0.671147902,76.18485266,0.396684369,78.14201873,143.4703512,6.03838462,0.544656217,0.07727449,NA,NA,NA,NA,NA,NA,NA,NA,NA,1.516,9.614,0.181053812,9.795053812
"2616","Mai",5,36,"C12","invaded",26,19,45,"pre_closure",5.4085162,0.155748083,0.739753366,34.7260531,0.613404345,51.0500364,89.59740675,2.373699773,0.569771361,0.046497514,1111.39,606,1014.67,0.455,4.851,0.087,0.156,0.757,22.452,1.492,27.185,0.130605381,27.315605381
"2662","Mai",5,36,"C12","invaded",26,19,45,"pre_closure",10.72873643,0.156451357,0.689550981,68.57554089,0.324607486,59.64828908,106.1054871,3.135067054,0.562160268,0.052559212,884.42,622,861,0.297,10.567,0.026,0.084,0.889,30.776,1.492,27.185,0.130605381,27.315605381
"2912","Tri",5,11,"C4","invaded",10,61,71,"pre_closure",14.8357365,0.195182574,0.67228535,76.00953403,0.419756524,104.8334823,196.9191403,7.872177247,0.53236817,0.075092204,2973.89,811,1594,0.727,0.83,0.464,0.293,0.243,43.226,1.598,22.941,0.130605381,23.071605381
"2927","Tri",7,14,"C5","weeded",0,0,0,"pre_closure",13.39094691,0.15014503,0.616519445,89.18674771,0.49575664,104.426166,176.8210637,6.736440968,0.590575375,0.064509129,1254.61,592,854.67,0.528,3.36,0.319,0.156,0.525,34.379,0.911,19.307,0.115932642,19.422932642
"2996","Tri",7,14,"C5","weeded",0,0,0,"pre_closure",8.980399826,0.079476916,0.531923135,112.9938135,0.61744619,101.0621996,170.6039571,8.710247654,0.592378988,0.086186999,NA,NA,NA,NA,NA,NA,NA,NA,NA,0.911,19.307,0.115932642,19.422932642
"3071","Tri",7,8,"C1","weeded",0,0,0,"pre_closure",14.98949048,0.161360894,0.598829543,92.89419579,0.505593548,118.3786762,209.0835384,7.458366184,0.566178845,0.063004305,2053.21,620,1207.67,0.698,1.111,0.412,0.279,0.31,28.031,1.394,17.481,0.038212435,17.519212435
"3427","Tri",7,35,"C12","invaded",0,4,4,"pre_closure",9.459114046,0.108760238,0.631812362,86.97217126,0.518295017,80.81186663,139.9830778,5.850417124,0.577297398,0.07239552,NA,NA,NA,NA,NA,NA,NA,NA,NA,1.117,28.775,0.197641774,28.972641774
"3539","Mai",7,31,"C9","weeded",0,0,0,"pre_closure",4.341236727,0.209049894,0.790107587,20.76651006,0.759054453,68.91481394,128.7372856,3.926885588,0.535313554,0.056981734,759.3,561,734.67,0.261,12.806,0.032,0.07,0.897,36.112,0.285,21.275,0.251943005,21.526943005
"3643","Mai",3,12,"C4","invaded",33,26,59,"pre_closure",9.786999265,0.209068955,0.783075385,46.81230298,0.177435053,43.40990638,75.27482323,1.892201347,0.576685597,0.04358916,1472.26,673,1446.67,0.543,3.109,0.017,0.239,0.743,23.822,0.935,16.769,0.180699482,16.949699482
"4105","Tri",5,10,"C3","invaded",6,27,33,"pre_closure",13.47562771,0.155224021,0.626041906,86.81406153,0.48401181,105.4972492,188.8100948,7.517264428,0.558747928,0.071255549,2887.24,770,1494.67,0.733,0.775,0.482,0.292,0.226,41.052,1.337,20.847,0.141816143,20.988816143
"4177","Tri",5,14,"C5","weeded",0,0,0,"pre_closure",12.1739109,0.122523321,0.579410854,99.35994879,0.499545637,102.7763692,180.8988877,8.376492537,0.568142627,0.081502125,2783.19,840,1807.33,0.698,1.11,0.351,0.308,0.342,43.396,1.29,22.569,0.242713004,22.811713004
"42","Mai",7,36,"C12","invaded",0,0,0,"pre_closure",9.957399663,0.10983631,0.616718913,90.65672056,0.409331627,66.89528272,110.4205583,4.521050729,0.605822718,0.067583999,992.72,608,962.67,0.388,6.712,0.03,0.126,0.844,27.723,1.117,28.775,0.197641774,28.972641774
"4250","Mai",3,2,"C1","weeded",0,0,0,"pre_closure",12.21542417,0.206249216,0.730728057,59.22652414,0.23478548,57.12040044,98.89548204,2.192013957,0.577583518,0.038375325,NA,NA,NA,NA,NA,NA,NA,NA,NA,1.366,12.362,0.19365285,12.55565285
"43","Tri",5,9,"C2","weeded",0,0,0,"pre_closure",13.09090347,0.153907765,0.633697952,85.05680964,0.375162712,77.06198582,149.2513826,3.628864585,0.51632343,0.047090203,2562.05,700,1568.67,0.727,0.835,0.388,0.334,0.279,37.513,1.378,18.064,0.174222798,18.238222798
"4547","Tri",5,10,"C3","invaded",6,27,33,"pre_closure",14.8946045,0.175749399,0.631659834,84.74910631,0.46673685,109.8121987,191.9069396,7.058598414,0.572215882,0.064278819,NA,NA,NA,NA,NA,NA,NA,NA,NA,1.337,20.847,0.141816143,20.988816143
"4781","Mai",5,23,"C8","invaded",21,22,43,"pre_closure",10.30739841,0.16619658,0.715693611,62.01931718,0.258455588,51.92092168,93.47734824,2.664563908,0.555438538,0.051319657,918.04,524,794.67,0.429,5.489,0.134,0.133,0.732,25.577,1.238,10.342,0.102979275,10.444979275
"4834","Mai",7,30,"C12","invaded",0,1,1,"pre_closure",9.269212474,0.1019603,0.616898462,90.9100157,0.426850651,67.39977011,112.4676781,5.319566321,0.599281245,0.078925586,829,585,777.33,0.294,10.7,0.062,0.08,0.858,26.758,1.117,28.775,0.197641774,28.972641774
"4874","Mai",7,28,"C11","invaded",0,0,0,"pre_closure",5.363233632,0.047323408,0.537855495,113.3315173,0.615148349,64.06013681,106.1021208,6.485821626,0.603759249,0.101245829,864.43,560,731,0.352,7.977,0.154,0.094,0.751,25.984,0.453,14.595,0.601683938,15.196683938
"4883","Mai",7,35,"C12","invaded",0,4,4,"pre_closure",10.11377935,0.122718076,0.648471589,82.41474834,0.424702012,70.09916345,113.9057193,4.766042264,0.615413904,0.067990002,790.15,546,655.67,0.309,9.913,0.17,0.076,0.754,24.176,1.117,28.775,0.197641774,28.972641774
"4934","Tri",3,23,"C8","invaded",23,35,58,"pre_closure",20.78881586,0.15570227,0.670335743,133.5164597,NA,73.14711542,136.7883224,3.708918562,0.534746784,0.050704919,3062.27,810,1828,0.735,0.755,0.403,0.34,0.257,40.006,0.559,22.785,0.125,22.91
"4942","Tri",3,27,"C10","weeded",0,0,0,"pre_closure",13.85380139,0.155266711,0.616046886,89.22583148,0.442829586,93.34117893,172.6765701,4.917214654,0.540554974,0.052680014,3199.07,870,1818.67,0.728,0.823,0.432,0.312,0.257,42.322,0.887,12.39,0.232512953,12.622512953
"5030","Mai",3,24,"C8","invaded",24,13,37,"pre_closure",9.232821255,0.139375777,0.704946031,66.24408813,0.282028118,47.53755356,80.05338857,2.375443892,0.593823127,0.049969839,2661.46,739,1399.33,0.722,0.876,0.474,0.28,0.245,25.362,0.559,22.785,0.125,22.91
"5052","Mai",5,36,"C12","invaded",26,19,45,"pre_closure",10.75396205,0.182379424,0.72617844,58.96477691,0.261526811,54.63071865,101.2738433,2.750410099,0.539435622,0.050345486,1160.06,624,1062.33,0.462,4.681,0.084,0.161,0.755,30.026,1.492,27.185,0.130605381,27.315605381
"5069","Mai",3,24,"C8","invaded",24,13,37,"pre_closure",21.26943664,0.328069752,0.774709256,64.83205632,NA,71.46960583,127.2472603,2.082977552,0.56165929,0.029144942,NA,NA,NA,NA,NA,NA,NA,NA,NA,0.559,22.785,0.125,22.91
"5381","Tri",5,10,"C3","invaded",6,27,33,"pre_closure",15.17961154,0.159310952,0.589588783,95.28291275,0.512593722,120.7549933,216.7412824,7.390064111,0.557138871,0.061198828,3272.96,842,1685.33,0.743,0.69,0.485,0.305,0.21,41.55,1.337,20.847,0.141816143,20.988816143
"545","Mai",7,32,"C9","weeded",0,0,0,"pre_closure",8.942236413,0.120663449,0.682447623,74.10890777,0.311339392,49.23093142,84.99413277,2.638091183,0.57922741,0.053586051,814.08,544,733.33,0.332,8.829,0.099,0.092,0.809,14.706,0.285,21.275,0.251943005,21.526943005
"5657","Mai",5,23,"C8","invaded",21,22,43,"pre_closure",9.254566727,0.13231211,0.69747763,69.94497123,0.300382443,49.96509412,86.26990963,2.744159849,0.579171745,0.054921539,1108.85,630,1013.67,0.432,5.42,0.086,0.142,0.772,24.015,1.238,10.342,0.102979275,10.444979275
"5904","Tri",5,9,"C2","weeded",0,0,0,"pre_closure",14.53834818,0.201105713,0.681269052,72.29206949,0.350450671,87.21486282,174.7830479,5.426738878,0.498989255,0.062222638,2757.71,822,2288.67,0.702,1.072,0.17,0.4,0.429,36.285,1.378,18.064,0.174222798,18.238222798
"5904","Tri",5,9,"C2","weeded",0,0,0,"pre_closure",14.53834818,0.201105713,0.681269052,72.29206949,0.350450671,87.21486282,174.7830479,5.426738878,0.498989255,0.062222638,2837.61,765,1339,0.73,0.801,0.528,0.262,0.21,38.157,1.378,18.064,0.174222798,18.238222798
"6000","Mai",7,32,"C9","weeded",0,0,0,"pre_closure",10.38645518,0.13440446,0.664000177,77.27760805,0.389080899,72.44107872,127.4027248,6.058967981,0.568599132,0.083639947,832.44,536,736,0.356,7.824,0.116,0.1,0.784,27.284,0.285,21.275,0.251943005,21.526943005
"6027","Mai",7,32,"C9","weeded",0,0,0,"pre_closure",10.46683143,0.150901559,0.694499091,69.3619834,0.335704167,64.49249636,113.6091036,4.775247122,0.567670145,0.074043453,802.1,565,756,0.296,10.629,0.057,0.081,0.861,21.49,0.285,21.275,0.251943005,21.526943005
"6100","Mai",7,34,"C11","invaded",0,1,1,"pre_closure",7.586669497,0.06303157,0.506327657,120.3630101,0.572078152,70.12440768,103.1190396,4.596180663,0.680033561,0.065543237,693.33,542,668.67,0.218,16.478,0.036,0.055,0.909,29.097,0.453,14.595,0.601683938,15.196683938
"614","Tri",5,11,"C4","invaded",10,61,71,"pre_closure",14.02064582,0.166233808,0.63488182,84.34292632,0.478117349,107.8290502,191.038442,7.594594441,0.564436399,0.070431803,NA,NA,NA,NA,NA,NA,NA,NA,NA,1.598,22.941,0.130605381,23.071605381
"632","Tri",7,8,"C1","weeded",0,0,0,"pre_closure",13.29474027,0.152281629,0.623749484,87.30363838,0.4056119,83.45454582,150.872396,4.242411961,0.553146553,0.050835001,2659.15,743,1372.67,0.721,0.892,0.484,0.273,0.243,37.839,1.394,17.481,0.038212435,17.519212435
"6558","Tri",3,22,"C7","invaded",8,137,145,"pre_closure",12.02631641,0.119706454,0.564841366,100.4650627,0.535714518,107.0100248,193.2932272,8.374774674,0.553614973,0.07826159,1661.07,688,1017.67,0.586,2.45,0.387,0.178,0.435,31.863,1.426,17.693,0.187176166,17.880176166
"6685","Mai",7,35,"C12","invaded",0,4,4,"pre_closure",2.36975766,0.022598435,0.575517753,104.8637952,NA,NA,NA,NA,NA,NA,593.76,517,575,0.129,31.866,0.032,0.029,0.939,26.123,1.117,28.775,0.197641774,28.972641774
"6808","Mai",7,25,"C9","weeded",0,0,0,"pre_closure",9.230287051,0.13278156,0.69670872,69.51482609,0.372752055,62.10523166,109.8933437,5.098518648,0.565140977,0.082094833,906.89,578,756.33,0.363,7.576,0.166,0.097,0.737,26.046,0.285,21.275,0.251943005,21.526943005
"7147","Tri",5,9,"C2","weeded",0,0,0,"pre_closure",14.47001673,0.155405019,0.599673987,93.11164352,0.430983429,99.05005596,191.7299755,6.167067415,0.51661226,0.06226213,2872.73,811,1524,0.718,0.92,0.469,0.276,0.254,37.87,1.378,18.064,0.174222798,18.238222798
"774","Tri",3,20,"C5","weeded",0,0,0,"pre_closure",11.7377127,0.138353794,0.625756668,84.83838687,0.429714208,80.1861729,144.8718551,5.024125456,0.553497247,0.062655758,2725.9,766,1576.67,0.719,0.907,0.422,0.303,0.275,39.638,1.628,4.832,0.264896373,5.096896373
"86","Tri",5,9,"C2","weeded",0,0,0,"pre_closure",11.54586785,0.158067323,0.682986005,73.0439893,0.310920531,64.2130299,126.3917092,3.701370044,0.508047801,0.05764204,2803,799,1425.33,0.715,0.946,0.491,0.261,0.247,33.061,1.378,18.064,0.174222798,18.238222798
"901","Mai",7,31,"C9","weeded",0,0,0,"pre_closure",13.27785182,0.228908955,0.734308307,58.00494708,0.267839416,69.41730803,137.3118454,4.01037456,0.505544935,0.057771969,627.8,522,591.33,0.169,23.077,0.058,0.039,0.903,34.187,0.285,21.275,0.251943005,21.526943005
"9412","Mai",3,3,"C2","weeded",0,0,0,"pre_closure",8.885797271,0.128453075,0.697993254,69.17543446,0.319415625,48.44013321,82.84008959,2.37471296,0.584742646,0.049023667,1006.71,558,865,0.446,5.069,0.141,0.142,0.718,20.583,1.497,15.902,0.203256597,16.105256597
"972","Tri",7,11,"C4","invaded",0,0,0,"pre_closure",12.27074435,0.121507783,0.57290793,100.9873117,0.564648332,116.0003489,190.5902248,8.849463189,0.608637453,0.076288246,2871.51,810,2578.67,0.718,0.917,0.102,0.468,0.43,40.229,0.776,19.391,0.186412128,19.577412128
"flag_8","Tri",5,16,"C7","invaded",2,27,29,"pre_closure",12.33999092,0.123349028,0.576386205,100.0412498,0.531727173,109.2370064,195.3820168,8.42338831,0.559094477,0.077111124,NA,NA,NA,NA,NA,NA,NA,NA,NA,1.097,37.42,0.764013453,38.184013453
"flag3_tri","Tri",5,14,"C5","weeded",0,0,0,"pre_closure",11.79445672,0.124648669,0.598525878,94.62160178,0.5009685,97.24178203,167.1870437,7.375119932,0.581634676,0.075843118,2421.6,745,1703.33,0.692,1.168,0.297,0.324,0.379,31.285,1.29,22.569,0.242713004,22.811713004
"3829","Tri",5,33,"C10","weeded",0,0,0,"post_closure",4.61443575,0.135520766,0.841758392,34.04965823,0.123942949,19.87069143,33.99542411,1.080805985,0.584510767,0.054391967,NA,NA,NA,NA,NA,NA,NA,NA,NA,1.353,1.415,0.30305109,1.71805109
"5877","Tri",5,27,"C10","weeded",0,0,0,"post_closure",4.82148477,0.139832958,0.839739986,34.48031734,0.153046907,23.26539199,43.35397684,1.739846404,0.536638013,0.074782596,3619.21,1036,1773,0.714,0.957,0.51,0.25,0.24,40.845,1.353,1.415,0.30305109,1.71805109
"2988","Tri",5,33,"C10","weeded",0,0,0,"post_closure",3.74526823,0.127950066,0.860930224,29.27132698,0.090046722,16.47372063,28.54975468,1.146963754,0.57701794,0.069623844,3232,916,1637,0.717,0.93,0.494,0.262,0.244,38.642,1.353,1.415,0.30305109,1.71805109
"2662","Mai",5,36,"C12","invaded",26,19,45,"post_closure",0.928410337,0.013206812,0.708814224,70.29783987,0.86565461,27.24422648,48.09948028,1.79308169,0.566414155,0.065815107,4227.33,1302,2807.67,0.692,1.172,0.336,0.306,0.358,43.197,0.947,1.915,0.035620294,1.950620294
"5381","Tri",5,10,"C3","invaded",6,27,33,"post_closure",5.147377509,0.205868047,0.876057583,25.00328527,0.071069485,22.01841295,41.25439455,1.493028795,0.533722848,0.067808193,4261.47,1109,2366.33,0.74,0.717,0.445,0.323,0.232,49.76,0.911,1.624,NA,NA
"5381","Tri",5,10,"C3","invaded",6,27,33,"post_closure",5.147377509,0.205868047,0.876057583,25.00328527,0.071069485,22.01841295,41.25439455,1.493028795,0.533722848,0.067808193,3495.25,1280,2224.33,0.634,1.82,0.364,0.226,0.411,38.713,0.911,1.624,NA,NA
"4547","Tri",5,10,"C3","invaded",6,27,33,"post_closure",3.783593913,0.179691446,0.892411123,21.05606025,0.078097397,16.16281113,29.06797269,1.05941371,0.556035032,0.065546377,4616.2,1344,2799,0.709,1.004,0.394,0.303,0.304,41.978,0.911,1.624,NA,NA
"2563","Tri",5,16,"C7","invaded",2,27,29,"post_closure",3.246688403,0.072662397,0.802924177,44.68182357,0.298106945,32.71752833,60.16070048,5.826641751,0.543835562,0.178089301,NA,NA,NA,NA,NA,NA,NA,NA,NA,0.777,2,1.1722488,3.1722488
"901","Mai",7,31,"C9","weeded",0,0,0,"post_closure",5.593469481,0.102833504,0.763013881,54.39345432,0.170267633,25.99294325,43.38584048,1.562663981,0.599111207,0.060118778,3951.72,1538,2618.33,0.611,2.109,0.337,0.213,0.449,37.794,0.73,7.397,2.03349282,9.43049282
"5151","Ari",7,31,"C9","weeded",0,0,0,"post_closure",3.16549845,0.034916854,0.628151917,90.65817996,0.497213963,33.58349654,54.94008397,4.432993695,0.61127494,0.131999171,4195.75,1053,2374,0.749,0.635,0.434,0.346,0.22,38.07,0.73,7.397,2.03349282,9.43049282
"275","Mai",7,34,"C11","invaded",0,1,1,"post_closure",1.209982952,0.009043409,0.468373139,133.7972236,0.686581467,17.44263326,32.25282564,1.711794704,0.540809461,0.098138548,4495.36,1674,2882,0.628,1.895,0.359,0.221,0.42,44.668,0.332,11.276,0.15980622,11.43580622
"2229","Mai",7,32,"C9","weeded",0,0,0,"post_closure",5.54696831,0.087532301,0.728440739,63.37053005,0.220184664,25.4591511,42.14733125,1.020245278,0.604051321,0.040073814,3573.94,896,1898.67,0.749,0.633,0.469,0.325,0.206,44.368,0.73,7.397,2.03349282,9.43049282
"1159","Mai",7,31,"C9","weeded",0,0,0,"post_closure",4.687148851,0.071928339,0.72293606,65.16414677,0.174346901,20.34936409,32.27389478,0.824106558,0.630520866,0.040497902,3873.61,1623,2656.67,0.581,2.519,0.314,0.195,0.491,38.688,0.73,7.397,2.03349282,9.43049282
"6808","Mai",7,25,"C9","weeded",0,0,0,"post_closure",4.02853399,0.047270973,0.647291111,85.22215088,0.343431907,25.87342234,40.2867282,2.130029877,0.642231909,0.082325015,4070.98,970,2400,0.762,0.526,0.41,0.386,0.203,40.096,0.73,7.397,2.03349282,9.43049282
"2546","Mai",7,33,"C10","weeded",0,0,0,"post_closure",6.028105386,0.090672498,0.716205217,66.48218054,0.24864106,32.58951535,55.46318663,2.388425492,0.587588224,0.073288156,NA,NA,NA,NA,NA,NA,NA,NA,NA,0.328,1.406,0.998803828,2.404803828
"4632","Mai",7,35,"C12","invaded",0,4,4,"post_closure",3.641545069,0.051265344,0.702564489,71.03327035,0.257435356,18.51599875,30.78255629,1.011289566,0.601509458,0.054617068,NA,NA,NA,NA,NA,NA,NA,NA,NA,0.844,9.741,0.411773592,10.152773592
"3427","Tri",7,35,"C12","invaded",0,4,4,"post_closure",4.269558421,0.051950082,0.652984759,82.18578803,0.325902064,23.27695255,38.6192637,1.102544769,0.602729061,0.047366371,3984.87,1242,2259,0.688,1.21,0.433,0.257,0.31,43.824,0.844,9.741,0.411773592,10.152773592
"3526","Tri",7,35,"C12","invaded",0,4,4,"post_closure",4.181350132,0.051676518,0.653360856,80.91392927,0.30574694,21.89918699,33.61702212,0.973322484,0.651431495,0.044445599,4099.41,1377,2416.33,0.664,1.468,0.411,0.239,0.351,49.73,0.844,9.741,0.411773592,10.152773592
"42","Mai",7,36,"C12","invaded",0,0,0,"post_closure",3.60190199,0.02928288,0.495078203,123.0036799,0.560251574,32.36341573,52.76859055,2.148306372,0.613308322,0.066380706,3908.03,1396,2203,0.643,1.712,0.436,0.208,0.356,42.81,0.844,9.741,0.411773592,10.152773592
"652","Mai",7,30,"C12","invaded",0,1,1,"post_closure",3.504171051,0.032376013,0.551048119,108.2335583,0.484503409,27.32466657,40.84766149,1.931741844,0.668940781,0.070695898,3954.25,1580,2484,0.6,2.248,0.372,0.193,0.435,42.539,0.844,9.741,0.411773592,10.152773592
"1997","Tri",7,24,"C8","invaded",0,0,0,"post_closure",3.647651725,0.04329596,0.643077641,84.24923993,0.394795661,26.4416225,43.56564823,2.420156256,0.606937428,0.091528281,3974.19,1028,2222.67,0.741,0.703,0.441,0.328,0.231,43.65,0.609,NA,0.443496059,NA
"5069","Mai",3,24,"C8","invaded",24,13,37,"post_closure",3.747691735,0.048537435,0.678927348,77.21239835,0.305944166,21.50760354,36.2202912,1.471329709,0.593799852,0.068409747,3825.85,982,2344,0.743,0.685,0.387,0.364,0.249,36.844,0.562,6.197,0.133397183,6.330397183
"1021","Mai",3,24,"C8","invaded",24,13,37,"post_closure",4.461952357,0.068688906,0.724549332,64.95885016,0.222352638,22.89449732,37.586834,1.576340017,0.609109491,0.068852353,4094.3,1079,2595.33,0.736,0.746,0.366,0.363,0.271,42.617,0.562,6.197,0.133397183,6.330397183
"5030","Mai",3,24,"C8","invaded",24,13,37,"post_closure",2.106565011,0.015954485,0.469998135,132.035918,0.534189208,16.73646357,24.52002864,0.824430888,0.68256297,0.049259563,4091.68,1027,2637,0.749,0.635,0.356,0.394,0.25,38.827,0.562,6.197,0.133397183,6.330397183
"2268","Mai",3,18,"C8","invaded",15,36,51,"post_closure",3.512619413,0.041633869,0.652090042,84.36927757,0.411044939,26.32810252,42.54329108,2.446875555,0.618854392,0.092937786,4539.79,1355,3032,0.702,1.076,0.332,0.322,0.346,41.402,0.562,6.197,0.133397183,6.330397183
"2416","Tri",3,17,"C8","invaded",8,24,32,"post_closure",3.689793689,0.126344291,0.861401153,29.20427715,0.110876101,18.39165874,34.72892421,1.72565683,0.529577554,0.093828232,4685.17,1456,3028.33,0.689,1.2,0.354,0.294,0.353,44.624,0.562,6.197,0.133397183,6.330397183
"54","Mai",3,16,"C7","invaded",25,103,128,"post_closure",1.970752655,0.017977684,0.559031697,109.6221675,0.57010438,20.54794657,33.00991747,1.980187643,0.622477975,0.096369126,3591.8,882,1982.67,0.754,0.588,0.448,0.348,0.204,37.342,1.288,1.648,0.06244475,1.71044475
"untagged_p3_sub17_q1","Tri",3,17,"C8","invaded",8,24,32,"post_closure",3.312005314,0.087547175,0.829035931,37.83109302,0.149872566,17.46916476,31.5228657,1.684975922,0.554174387,0.096454292,2973.59,1367,1212.33,0.54,3.152,0.592,0.098,0.31,35.796,0.562,6.197,0.133397183,6.330397183
"untagged_p3_sub12_q4","Tri",3,12,"C4","invaded",33,26,59,"post_closure",4.07266975,0.105127454,0.824619686,38.74030625,0.142369013,20.40308365,36.86843376,1.76942314,0.553402507,0.086723319,4412.01,1518,2620.33,0.656,1.56,0.406,0.232,0.362,42.619,0.401,12.234,0.48979204,12.72379204
"5657","Mai",5,23,"C8","invaded",21,22,43,"post_closure",4.592002009,0.114368495,0.818814779,40.15093506,0.171902475,24.93062114,45.12563086,2.419334838,0.552471415,0.097042702,3527.87,769,1780.33,0.782,0.36,0.495,0.371,0.134,41.922,1.141,2.277,0.039329542,2.316329542
"6867","Ari",5,9,"C2","weeded",0,0,0,"post_closure",2.569546276,0.035532065,0.699072366,72.31626719,0.45874627,27.39107772,48.5156918,4.003222261,0.564581823,0.146150593,4235.36,1116,2553,0.737,0.746,0.397,0.345,0.258,45.581,1.358,2.497,0.209155931,2.706155931
"5052","Mai",5,36,"C12","invaded",26,19,45,"post_closure",3.377310073,0.054437574,0.736989016,62.04005527,0.291242522,26.45575452,44.61104895,3.686697895,0.593031438,0.139353345,3734.62,860,1906.33,0.77,0.46,0.49,0.35,0.161,44.509,0.947,1.915,0.035620294,1.950620294
"2671","Ari",5,19,"C5","weeded",0,0,0,"post_closure",4.055470965,0.066546089,0.736131928,60.94228866,0.208648565,17.9056433,30.75582882,0.59556957,0.582186986,0.033261557,NA,NA,NA,NA,NA,NA,NA,NA,NA,0.64,1.502,0.04748836,1.54948836
"5115","Tri",5,19,"C5","weeded",0,0,0,"post_closure",6.043359586,0.144787652,0.811071796,41.73946813,0.153294774,25.0502732,49.19314804,0.86530183,0.509222813,0.03454261,4225.33,1199,2494.67,0.716,0.933,0.41,0.305,0.285,46.212,0.64,1.502,0.04748836,1.54948836
"5337","Ari",5,25,"C9","weeded",0,0,0,"post_closure",6.335032886,0.107808324,0.745188613,58.7620014,0.221075165,31.1927106,52.58567999,1.832077873,0.593178801,0.058734167,NA,NA,NA,NA,NA,NA,NA,NA,NA,0.506,0.8,0.147428988,0.947428988
"2547","Tri",5,19,"C5","weeded",0,0,0,"post_closure",5.298126851,0.124535122,0.808708123,42.54323412,0.187876175,28.29984936,58.22329214,2.517152228,0.486057183,0.088945782,5047.56,1356,2749,0.731,0.793,0.455,0.304,0.241,51.428,0.64,1.502,0.04748836,1.54948836
"2508","Tri",5,21,"C6","weeded",0,0,0,"post_closure",4.590147772,0.09812845,0.793421468,46.77693138,0.221068292,27.48505949,53.95531132,2.887767734,0.50940415,0.105066818,3527.51,895,1752.33,0.746,0.659,0.503,0.299,0.197,39.682,0.691,1.728,0.359973849,2.087973849
"3004","Tri",5,21,"C6","weeded",0,0,0,"post_closure",4.875041966,0.101241239,0.787763975,48.15272921,0.215880016,27.31545877,55.8896118,2.509246903,0.488739462,0.091861789,4092.6,1156,2285.33,0.718,0.921,0.442,0.291,0.268,41.542,0.691,1.728,0.359973849,2.087973849
"4990","Tri",5,22,"C7","invaded",39,25,64,"post_closure",5.247995538,0.131254379,0.818682142,39.98339391,0.16996907,24.37152152,49.79950791,1.463311888,0.489392818,0.060041877,4125.97,1039,2095,0.748,0.642,0.492,0.309,0.199,51.675,0.777,2,1.1722488,3.1722488
"482","Tri",5,22,"C7","invaded",39,25,64,"post_closure",4.243861653,0.076053966,0.759544715,55.80066203,0.267681981,26.85883516,48.39500787,2.78547628,0.554991854,0.103708008,4105.1,1011,2183.67,0.754,0.595,0.468,0.334,0.198,43.064,0.777,2,1.1722488,3.1722488
"4959","Tri",5,22,"C7","invaded",39,25,64,"post_closure",5.402678416,0.11900292,0.797596326,45.39954495,0.216030995,30.7823988,60.50491078,2.942599556,0.508758684,0.095593575,4150.01,1124,2237,0.729,0.813,0.461,0.297,0.242,47.481,0.777,2,1.1722488,3.1722488
"4414","Tri",5,22,"C7","invaded",39,25,64,"post_closure",5.624384689,0.118934007,0.790264724,47.28996215,0.31684148,46.08660474,88.33367144,6.490360368,0.521733151,0.140829649,4367.51,1056,2195,0.758,0.556,0.497,0.323,0.18,52.982,0.777,2,1.1722488,3.1722488
"4431","Tri",5,23,"C8","invaded",21,22,43,"post_closure",4.861803126,0.139992967,0.839085252,34.72890982,0.116593518,20.72455507,52.76926935,1.117394893,0.392739095,0.053916472,3326.64,866,1805,0.74,0.717,0.457,0.316,0.227,44.307,1.141,2.277,0.039329542,2.316329542
"5404","Ari",7,7,"C1","weeded",0,0,0,"post_closure",4.909505584,0.057375601,0.64527678,85.56782824,0.29521775,22.38103621,37.19010966,0.184073482,0.601800759,0.008224529,4657.76,1670,3062.67,0.641,1.728,0.342,0.241,0.416,45.23,0.922,7.409,2.16507177,9.57407177
"5176","Ari",7,7,"C1","weeded",0,0,0,"post_closure",2.918494526,0.020676918,0.437513874,141.1474634,0.575686421,21.00879006,35.09868357,-0.166483225,0.598563476,-0.007924456,5051.28,1610,3341.33,0.681,1.283,0.339,0.29,0.372,45.689,0.922,7.409,2.16507177,9.57407177
"6890","Ari",7,7,"C1","weeded",0,0,0,"post_closure",1.218075244,0.017453441,0.710892557,69.78997548,0.794542155,39.87267813,62.06854814,6.809522591,0.642397467,0.170781671,4272.4,1182,2484.33,0.723,0.866,0.419,0.312,0.27,42.369,0.922,7.409,2.16507177,9.57407177
"5253","Ari",7,8,"C1","weeded",0,0,0,"post_closure",3.463505037,0.055082561,0.731173803,62.87843187,0.354576046,28.20325927,51.21696526,3.643838486,0.550662444,0.129199198,3206.53,1318,2033.33,0.589,2.406,0.366,0.186,0.448,36.5,0.922,7.409,2.16507177,9.57407177
"2438","Ari",7,14,"C5","weeded",0,0,0,"post_closure",3.370430085,0.060498147,0.759301246,55.71129452,0.331415766,27.5346628,50.88153741,3.755345212,0.541152335,0.136386098,3783.67,1546,2533.67,0.591,2.372,0.33,0.199,0.471,36.718,0.894,6.993,0.624222493,7.617222493
"2996","Tri",7,14,"C5","weeded",0,0,0,"post_closure",4.676215927,0.072580587,0.725584434,64.42791516,0.337729746,37.39813951,63.70651147,4.886684348,0.587037944,0.130666509,3927.27,1157,2116.67,0.705,1.038,0.461,0.264,0.275,51.321,0.894,6.993,0.624222493,7.617222493
"1851","Tri",7,8,"C1","weeded",0,0,0,"post_closure",4.786731577,0.069577187,0.708692379,68.79742871,0.371090481,38.52307949,67.96971325,4.695795368,0.56676831,0.121895638,3301.74,1051,1960.67,0.682,1.279,0.406,0.261,0.333,31.327,0.922,7.409,2.16507177,9.57407177
"3071","Tri",7,8,"C1","weeded",0,0,0,"post_closure",4.903247954,0.090610821,0.764974544,54.11327123,0.20281346,29.21157385,48.78655093,3.181521646,0.598762841,0.108913051,4324.96,1315,2930,0.696,1.132,0.323,0.318,0.36,46.008,0.922,7.409,2.16507177,9.57407177
"3071","Tri",7,8,"C1","weeded",0,0,0,"post_closure",4.903247954,0.090610821,0.764974544,54.11327123,0.20281346,29.21157385,48.78655093,3.181521646,0.598762841,0.108913051,3905.6,1352,2439,0.654,1.584,0.376,0.242,0.383,40.13,0.922,7.409,2.16507177,9.57407177
"784","Ari",7,1,"C1","weeded",0,0,0,"post_closure",6.418927835,0.10092116,0.727064118,63.60338906,0.258759415,35.3951623,61.21110086,2.647972493,0.578247439,0.074811706,4958.66,1676,3282,0.662,1.492,0.338,0.266,0.396,48.492,0.922,7.409,2.16507177,9.57407177
"3785","Ari",7,4,"C3","invaded",4,0,4,"post_closure",7.218739728,0.144429294,0.780416972,49.98113288,0.185483761,33.89107378,56.89679205,1.964560933,0.595658781,0.057966913,4002.5,1036,2165,0.741,0.704,0.459,0.317,0.224,49.387,0.704,9.383,NA,NA
"421","Ari",7,4,"C3","invaded",4,0,4,"post_closure",7.345004001,0.129277933,0.754028703,56.8156054,0.177375215,40.16728702,69.53423875,3.903489364,0.577661994,0.097180807,3946.93,1024,1941.67,0.741,0.71,0.508,0.288,0.204,48.147,0.704,9.383,NA,NA
"818","Ari",7,16,"C7","invaded",0,0,0,"post_closure",5.606790897,0.075166573,0.687236432,74.59154633,0.34529165,38.97518262,67.88321366,3.887590293,0.574150523,0.099745275,3741.76,956,2124.33,0.745,0.675,0.432,0.339,0.229,43.585,0.162,1.204,0.007279947,1.211279947
"5488","Tri",3,1,"C1","weeded",0,0,0,"post_closure",5.156493739,0.159261047,0.847741723,32.37762056,0.126522766,23.67338786,48.94441281,1.659520491,0.483679066,0.070100676,3825.02,1086,2252,0.716,0.935,0.411,0.304,0.284,43.679,1.305,11.23,0.000661813,11.230661813
"4250","Mai",3,2,"C1","weeded",0,0,0,"post_closure",4.016482741,0.09995276,0.818957899,40.18381022,0.13636701,15.83420681,29.58020535,0.407866774,0.535297393,0.025758586,3892.39,998,1983.67,0.744,0.683,0.49,0.303,0.207,46.764,1.305,11.23,0.000661813,11.230661813
"5184","Mai",3,13,"C5","weeded",0,0,0,"post_closure",3.917083579,0.0598251,0.722997676,65.47558767,0.263465599,20.98254665,37.19777737,1.385024811,0.564080656,0.066008423,4176.16,2223,3267,0.468,4.554,0.218,0.141,0.641,37.003,1.222,13.55,0.018972348,13.568972348
"141","Mai",3,13,"C5","weeded",0,0,0,"post_closure",2.635361333,0.028795004,0.62621596,91.52147757,0.51409474,25.91200349,44.19059929,2.854488315,0.586369135,0.110160849,4073.88,2062,3184,0.494,4.002,0.218,0.156,0.625,31.464,1.222,13.55,0.018972348,13.568972348
"774","Tri",3,20,"C5","weeded",0,0,0,"post_closure",4.428782996,0.125358227,0.837360759,35.3290175,0.172516415,24.80591276,52.94767479,2.572627515,0.468498624,0.103710254,4285.04,1331,2441,0.689,1.199,0.43,0.259,0.311,51.446,1.222,13.55,0.018972348,13.568972348
"5479","Tri",3,21,"C6","weeded",0,0,0,"post_closure",5.658836295,0.124865069,0.797750206,45.3196107,0.153935169,23.20678929,50.2669649,0.72544658,0.461670788,0.031260101,3816.45,1334,2333,0.65,1.622,0.389,0.233,0.378,46.767,0.768,12.2,0.554509215,12.754509215
"3643","Mai",3,12,"C4","invaded",33,26,59,"post_closure",3.448991309,0.034122502,0.58835591,101.0767416,0.392245064,20.42073285,39.57394447,0.848834769,0.516014593,0.041567302,4074.64,1395,2742,0.658,1.54,0.327,0.265,0.408,37.927,0.401,12.234,0.48979204,12.72379204
"3993","Mai",5,3,"C2","weeded",0,0,0,"post_closure",4.545580443,0.060573142,0.68592792,75.04283736,0.339523598,29.00023491,47.98832516,2.382420782,0.604318547,0.082151775,3737.05,939,2004.33,0.749,0.638,0.464,0.327,0.209,37.221,1.358,2.497,0.209155931,2.706155931
"631","Mai",5,3,"C2","weeded",0,0,0,"post_closure",5.943167823,0.092924249,0.726231235,63.95712521,0.325376443,41.15816923,72.77644711,4.339181499,0.565542437,0.10542698,3474.25,916,1773,0.736,0.747,0.49,0.292,0.218,38.245,1.358,2.497,0.209155931,2.706155931
"flag2_mai","Mai",5,3,"C2","weeded",0,0,0,"post_closure",4.29806315,0.079831334,0.766843992,53.83930018,0.268353152,27.3469305,50.07870412,2.862010343,0.546079037,0.104655634,3456.55,1170,1918,0.662,1.497,0.445,0.222,0.333,38.464,1.358,2.497,0.209155931,2.706155931
"2215","Ari",5,8,"C1","weeded",0,0,0,"post_closure",4.819157592,0.070309079,0.710167821,68.54246497,0.350198342,36.25030613,64.13985934,4.164522489,0.565175953,0.114882409,3484.82,961,1897,0.724,0.858,0.456,0.293,0.251,28.829,1.381,0.773,1.0157758,1.7887758
"flag2_tri","Tri",5,14,"C5","weeded",0,0,0,"post_closure",6.55883401,0.097884249,0.713524461,67.0060208,0.232093586,29.37245265,47.09753226,0.84241914,0.623651627,0.028680586,NA,NA,NA,NA,NA,NA,NA,NA,NA,0.64,1.502,0.04748836,1.54948836
"flag3_tri","Tri",5,14,"C5","weeded",0,0,0,"post_closure",4.772112905,0.112555546,0.809851787,42.39784776,0.1837114,22.80381389,42.81922372,1.439017447,0.532560189,0.063104244,NA,NA,NA,NA,NA,NA,NA,NA,NA,0.64,1.502,0.04748836,1.54948836
"4177","Tri",5,14,"C5","weeded",0,0,0,"post_closure",4.606033818,0.104326099,0.803688322,44.1503505,0.200182216,23.93700467,47.12223487,1.888293531,0.507976855,0.078885957,NA,NA,NA,NA,NA,NA,NA,NA,NA,0.64,1.502,0.04748836,1.54948836
"7147","Tri",5,9,"C2","weeded",0,0,0,"post_closure",4.480199453,0.115524308,0.823972694,38.78144366,0.181253246,22.58120131,42.96665685,1.741988389,0.525551741,0.0771433,3802.7,1757,2886.67,0.538,3.191,0.241,0.181,0.578,45.309,1.358,2.497,0.209155931,2.706155931
"43","Tri",5,9,"C2","weeded",0,0,0,"post_closure",4.438323811,0.095777248,0.795339202,46.34006399,0.214168964,23.66391851,44.20911692,1.911968222,0.535272364,0.080796772,3708.07,946,1921.33,0.745,0.671,0.482,0.31,0.208,43.18,1.358,2.497,0.209155931,2.706155931
"2912","Tri",5,11,"C4","invaded",10,61,71,"post_closure",4.196669855,0.149474038,0.865103262,28.07624596,0.130640639,19.37708136,44.25144841,1.36307708,0.437885811,0.070344809,3572.85,852,1761.33,0.762,0.528,0.507,0.323,0.17,49.199,0.796,1.848,0.014970355,1.862970355
"1374","Tri",5,10,"C3","invaded",6,27,33,"post_closure",4.721590724,0.137418072,0.840693282,34.35931435,0.176886628,24.52004727,49.45959792,2.097153868,0.495759131,0.085528133,NA,NA,NA,NA,NA,NA,NA,NA,NA,0.911,1.624,NA,NA
"4844","Mai",7,19,"C5","weeded",0,0,0,"post_closure",3.950490186,0.038127859,0.579428838,103.6116442,0.368078386,20.04761311,33.51644112,0.153053799,0.598142656,0.007634515,3536.12,984,1848.33,0.722,0.882,0.477,0.278,0.245,38.892,0.894,6.993,0.624222493,7.617222493
"4871","Mai",7,19,"C5","weeded",0,0,0,"post_closure",5.722926775,0.074671491,0.680983889,76.6413891,0.228079211,21.73021669,33.77742364,-0.471732664,0.643335528,-0.021708604,3629.51,904,1893.33,0.751,0.619,0.478,0.322,0.199,39.09,0.894,6.993,0.624222493,7.617222493
"2666","Mai",7,20,"C5","weeded",0,0,0,"post_closure",6.037084623,0.080438845,0.6874275,75.05185654,0.214809618,23.0251619,35.64626071,-0.332847586,0.645934846,-0.01445582,4006.94,1148,2335,0.713,0.96,0.417,0.297,0.285,44.11,0.894,6.993,0.624222493,7.617222493
"5077","Mai",7,20,"C5","weeded",0,0,0,"post_closure",3.927780184,0.04859976,0.669055758,80.81892192,0.28424644,16.9804376,27.60021282,-0.062880128,0.615228502,-0.003703092,3686.99,1267,2334.33,0.656,1.555,0.367,0.248,0.385,34.923,0.894,6.993,0.624222493,7.617222493
"4874","Mai",7,28,"C11","invaded",0,0,0,"post_closure",6.470533461,0.068697677,0.61430639,94.18853369,0.325629205,31.81308087,48.84373138,0.568395676,0.651323721,0.017866728,3547.07,896,1840,0.747,0.649,0.481,0.315,0.204,43.919,0.332,11.276,0.15980622,11.43580622
"682","Mai",7,23,"C8","invaded",0,0,0,"post_closure",4.960331056,0.032579983,0.507391042,152.2508803,0.414177407,35.19750148,57.5284087,2.777242769,0.611828178,0.078904543,3282.04,835,1680,0.746,0.665,0.488,0.307,0.204,43.474,0.609,NA,0.443496059,NA
"2265","Mai",7,23,"C8","invaded",0,0,0,"post_closure",5.765313867,0.04588085,0.494384974,125.6583924,0.431122829,31.26310624,43.84910845,-0.146934623,0.712970169,-0.004699937,3136.61,863,1704.67,0.725,0.852,0.457,0.293,0.25,38.134,0.609,NA,0.443496059,NA
"4859","Mai",7,24,"C8","invaded",0,0,0,"post_closure",5.405601141,0.047852988,0.544685761,112.962668,0.376408203,27.489601,40.15719953,0.113601328,0.684549752,0.00413252,3323.13,819,1851.33,0.754,0.596,0.443,0.349,0.208,39.407,0.609,NA,0.443496059,NA
"3581","Mai",7,23,"C8","invaded",0,0,0,"post_closure",1.917606091,0.014837743,0.489261288,129.2383981,0.647742536,19.34695289,39.83215548,0.737002246,0.485711924,0.03809397,NA,NA,NA,NA,NA,NA,NA,NA,NA,0.609,NA,0.443496059,NA
"179","Mai",3,30,"C12","invaded",19,59,78,"post_closure",1.501651776,0.016835274,0.63688625,89.19675553,0.548415924,17.23185892,38.66634422,2.179758318,0.44565524,0.126495831,3744.71,791,2287,0.789,0.307,0.389,0.467,0.143,39.774,0.428,8.067,NA,NA
"untagged_p3_sub22_q4","Tri",3,22,"C7","invaded",8,137,145,"post_closure",4.468208826,0.112314448,0.820568787,39.7830281,0.146227653,22.70169633,40.6995775,2.019014182,0.557787027,0.08893671,3639.78,1078,2034.67,0.704,1.054,0.441,0.272,0.287,43.634,1.288,1.648,0.06244475,1.71044475
"6558","Tri",3,22,"C7","invaded",8,137,145,"post_closure",4.259870487,0.143730285,0.85927843,29.63794634,0.081725625,20.47031066,34.91331344,1.900648562,0.586318188,0.092849034,3864.85,1060,2194.33,0.726,0.844,0.432,0.308,0.26,45.953,1.288,1.648,0.06244475,1.71044475
"1686","Tri",3,6,"C4","invaded",14,20,34,"post_closure",2.602282507,0.129481486,0.897171763,20.09771896,0.044448074,13.91178009,24.33889409,1.721062851,0.571586369,0.123712626,4119.44,1132,2566,0.725,0.849,0.377,0.337,0.286,48.776,0.401,12.234,0.48979204,12.72379204
"1926","Tri",3,5,"C4","invaded",43,22,65,"post_closure",3.187395628,0.116763858,0.869342501,27.29779299,0.017103458,15.08205665,25.61647683,1.575400246,0.588763894,0.104455266,4808.63,2030,3194,0.578,2.565,0.336,0.186,0.478,47.533,0.401,12.234,0.48979204,12.72379204
"2616","Mai",5,36,"C12","invaded",26,19,45,"post_closure",4.933328869,0.065227413,0.682687105,75.63275324,0.233593455,18.87443573,29.02516649,-0.40715061,0.650278293,-0.021571538,NA,NA,NA,NA,NA,NA,NA,NA,NA,0.947,1.915,0.035620294,1.950620294
"1476","Mai",5,23,"C8","invaded",21,22,43,"post_closure",1.263019336,0.015485849,0.666137708,81.55958108,0.403763191,9.622087145,24.97714933,0.955646925,0.385235601,0.099318049,3446.44,778,1647.33,0.774,0.423,0.522,0.336,0.142,38.733,1.141,2.277,0.039329542,2.316329542
"4781","Mai",5,23,"C8","invaded",21,22,43,"post_closure",4.804791262,0.083969899,0.753117384,57.22040069,0.249049589,25.4408573,45.7296146,1.729302485,0.556332204,0.067973436,3469.99,780,1723,0.775,0.415,0.503,0.351,0.146,40.433,1.141,2.277,0.039329542,2.316329542
