id,spp,plot,subplot,quad,gm.trt,canopy,date.time,plot,ECS_tau,ECSt mAU,FmPrime,FoPrime,Fs,FvP_over_FmP,gH+,kP700,LEF,Light Intensity (PAR),NPQt,P700_DIRK_ampl,Phi2,PhiNO,PhiNPQ,PS1 Active Centers,PS1 Open Centers,PS1 Over Reduced Centers,PS1 Oxidized Centers,qL,SPAD,Any other notes?
42,Mai,7,36,1,invaded,post_closure,6/13/23 11:44,7,0.0179,0.00044,3908.03,1396,2203,0.643,55.909,85.5041,0.37,1.906,1.712,0.00009,0.436,0.208,0.356,0.891,0.25,0.537,0.213,0.43,42.81,none
42,Mai,7,36,1,invaded,pre_closure,5/6/23 14:27,7,0.0057,0.0012,992.72,608,962.67,0.388,175.05,214.9687,113.42,8401.719,6.712,0.00103,0.03,0.126,0.844,1.301,-0.21,-0.319,1.529,0.049,27.723,no
43,Tri,5,9,NA,weeded,post_closure,6/15/23 10:54,5,0.0229,0.00075,3708.07,946,1921.33,0.745,43.709,72.8075,3.39,15.637,0.671,0.0001,0.482,0.31,0.208,1.081,0.629,0.024,0.347,0.319,43.18,none
43,Tri,5,9,NA,weeded,pre_closure,5/5/23 11:14,5,0.0116,0.00088,2562.05,700,1568.67,0.727,86.299,72.502,25.49,145.981,0.835,0.00047,0.388,0.334,0.279,1.46,0.093,-0.226,1.133,0.238,37.513,na
54,Mai,3,16,4,invaded,post_closure,6/14/23 12:50,3,0.0124,0.0003,3591.8,882,1982.67,0.754,80.769,29.5968,0.53,2.605,0.588,0.00012,0.448,0.348,0.204,1.118,0.274,0.762,-0.036,0.264,37.342,none
86,Tri,5,9,3,weeded,pre_closure,5/5/23 11:13,5,0.0095,0.0003,2803,799,1425.33,0.715,105.476,284.205,4.98,22.537,0.946,0.00008,0.491,0.261,0.247,0.743,0.129,0.503,0.367,0.385,33.061,na
129,Mai,3,18,2,,post_closure,6/14/23 12:35,3,0.0107,0.0005,3936.56,1202,2302,0.695,93.488,11.1978,0.97,5.192,1.145,0.00045,0.415,0.273,0.312,1.563,0.136,0.649,0.215,0.312,45.91,none
141,Mai,3,13,2,weeded,post_closure,6/14/23 12:56,3,0.0064,0.0003,4073.88,2062,3184,0.494,157.006,53.0107,0.46,4.654,4.002,0.00023,0.218,0.156,0.625,0.139,-2.564,-2.363,5.927,0.286,31.464,none
141,Mai,3,13,2,weeded,pre_closure,5/5/23 13:29,3,0.0092,0.00122,1132.69,633,1112,0.441,108.141,196.8137,76.73,9472.505,5.182,0.00142,0.018,0.159,0.823,2.262,0.616,0.503,-0.119,0.024,26.976,no
179,Mai,3,30,2,invaded,post_closure,6/14/23 12:07,3,0.0159,0.00055,3744.71,791,2287,0.789,63.035,308.8467,4.76,27.21,0.307,0.00014,0.389,0.467,0.143,1.737,0.126,0.59,0.284,0.171,39.774,none
179,Mai,3,30,2,invaded,pre_closure,5/5/23 14:13,3,0.0158,0.0005,2328.94,733,1225.33,0.685,63.14,367.8969,14.53,68.126,1.241,0.00012,0.474,0.235,0.291,0.925,0.043,0.874,0.083,0.414,29.412,na
208,Mai,7,33,NA,,post_closure,6/13/23 9:58,7,0.0244,0.00062,3756.05,1246,2267.67,0.668,40.949,35.335,2.04,11.458,1.422,0.00028,0.396,0.249,0.355,1.101,0.086,0.52,0.394,0.326,40.281,none
235,Mai,7,34,4,invaded,pre_closure,5/6/23 12:32,7,0.0206,0.00238,2081.91,689,1844.33,0.669,48.516,80.1328,78.34,1527.138,1.414,0.00189,0.114,0.367,0.519,1.758,-0.101,-0.289,1.39,0.064,28.059,no
275,Mai,7,34,4,invaded,post_closure,6/13/23 8:44,7,0.0144,0.00046,4495.36,1674,2882,0.628,69.55,75.9886,0.94,5.847,1.895,0.00019,0.359,0.221,0.42,1.937,0.126,1.019,-0.145,0.332,44.668,none
421,Ari,7,4,1,invaded,post_closure,6/13/23 14:36,7,0.0299,0.00068,3946.93,1024,1941.67,0.741,33.466,26.8706,3.14,13.722,0.71,0.00021,0.508,0.288,0.204,1.986,0.127,0.691,0.182,0.362,48.147,none
425,Tri,3,6,NA,,pre_closure,5/5/23 12:59,3,0.0107,0.00093,3388,918,3319.33,0.729,93.432,116.638,17.96,1995.661,0.814,0.00065,0.02,0.54,0.44,1.477,-0.077,0.392,0.685,0.008,32.853,no
482,Tri,5,22,1,invaded,post_closure,6/15/23 9:39,5,0.0332,0.00091,4105.1,1011,2183.67,0.754,30.102,-138.6185,3.16,15.013,0.595,0.00006,0.468,0.334,0.198,0.895,0.186,0.383,0.431,0.288,43.064,none
511,Mai,3,30,2,invaded,post_closure,6/14/23 12:06,3,0.0147,0.0005,3515.57,792,1920,0.775,68.019,103.1505,4.52,22.148,0.419,0.00015,0.454,0.385,0.161,2.503,0.334,0.667,-0.002,0.242,38.344,none
511,Mai,3,30,2,invaded,pre_closure,5/5/23 14:12,3,0.0076,0.00037,2263.48,725,1164.33,0.68,130.853,88.9705,8.07,36.904,1.3,0.00007,0.486,0.224,0.291,1.222,0.114,0.549,0.338,0.445,23.608,na
533,Mai,7,28,1_2,,post_closure,6/13/23 11:51,7,0.0181,0.00027,4355.98,2485,3379.33,0.43,55.218,112.8526,0.14,1.399,5.482,0.00018,0.224,0.12,0.656,1.272,0.449,0.769,-0.218,0.384,37.137,none
543,Mai,3,30,NA,invaded,post_closure,6/14/23 12:03,3,0.0122,0.0004,3403.34,786,1772.67,0.769,82.055,-4206.8974,2.95,13.683,0.465,0.00017,0.479,0.355,0.165,1.494,0.125,0.608,0.266,0.276,34.46,none
543,Mai,3,30,NA,invaded,pre_closure,5/5/23 14:10,3,0.0065,0.00031,2002.81,646,1079.33,0.677,154.604,55.2711,6.26,30.191,1.323,0.00026,0.461,0.232,0.307,-0.317,-0.116,2.27,-1.153,0.407,21.667,na
545,Mai,7,32,2,weeded,post_closure,6/13/23 10:27,7,0.021,0.0006,3951.32,1218,2345.67,0.692,47.557,10.2614,0.73,3.971,1.175,0.0001,0.406,0.273,0.321,1.723,0.23,0.304,0.466,0.305,42.204,none
545,Mai,7,32,2,weeded,pre_closure,5/6/23 11:52,7,0.0176,0.00184,814.08,544,733.33,0.332,56.808,86.0029,58.43,1311.542,8.829,0.00132,0.099,0.092,0.809,0.828,0.293,-0.638,1.345,0.222,14.706,no
547,,,,,,pre_closure,5/5/23 11:09,5,0.0106,0.0016,1163.98,662,1130.67,0.431,93.93,133.4617,77.54,5941.876,5.436,0.0013,0.029,0.151,0.82,1.989,0.017,0.36,0.623,0.039,35.732,no
552,Tri,3,14,2,weeded,pre_closure,5/5/23 12:52,3,0.0152,0.00132,3137.29,858,2917.67,0.727,65.986,97.897,30.58,970.753,0.837,0.00084,0.07,0.506,0.424,0.54,-0.141,-2.028,3.169,0.028,30.047,no
583,Tri,3,23,NA,invaded,pre_closure,5/5/23 13:30,3,0.0098,0.0007,2770.51,836,1777.67,0.698,101.621,84.1085,28.37,176.102,1.109,0.00037,0.358,0.304,0.337,1.8,0.17,0.41,0.42,0.241,37.9,na
631,Mai,5,3,3,weeded,post_closure,6/15/23 11:23,5,0.0598,0.00093,3474.25,916,1773,0.736,16.727,1209.962,1.36,6.146,0.747,0.00017,0.49,0.292,0.218,1.001,0.069,0.472,0.459,0.344,38.245,none
631,Mai,5,3,3,weeded,pre_closure,5/5/23 10:54,5,0.0048,0.00025,2504.6,716,1357.33,0.714,209.78,0.0001,7.38,35.788,0.954,33.27182,0.458,0.277,0.265,1.166,0.347,0.547,0.106,0.338,29.032,na
632,Tri,7,8,3,weeded,pre_closure,5/6/23 9:35,7,0.0029,0.00026,2659.15,743,1372.67,0.721,350.86,600.335,7.71,35.403,0.892,0.0002,0.484,0.273,0.243,0.407,0.388,-4.683,5.296,0.363,37.839,na
652,Mai,7,30,3,invaded,post_closure,6/13/23 12:02,7,0.0189,0.00044,3954.25,1580,2484,0.6,52.838,-8.8659,1.03,6.162,2.248,0.00011,0.372,0.193,0.435,1.03,0.061,0.401,0.538,0.394,42.539,none
652,Mai,7,30,3,invaded,pre_closure,5/6/23 13:24,7,0.0041,0.00029,2384.08,671,1302,0.719,242.346,142.2896,16.75,81.968,0.911,0.00011,0.454,0.286,0.26,0.729,0.238,0.406,0.356,0.326,30.509,na
682,Mai,7,23,NA,invaded,post_closure,6/13/23 11:23,7,0.0129,0.0004,3282.04,835,1680,0.746,77.437,-694.5912,1.78,8.113,0.665,0.00004,0.488,0.307,0.204,1.275,-0.014,0.609,0.405,0.325,43.474,none
682,Mai,7,23,NA,invaded,pre_closure,5/6/23 12:06,7,0.0081,0.00112,1258.43,639,992.33,0.492,123.7,131.1215,29.17,307.219,4.034,0.00084,0.211,0.157,0.632,1.399,0.327,-0.14,0.812,0.277,28.726,na
684,Tri,6,2,2,,pre_closure,5/4/23 11:08,6,0.0133,0.00055,2796.05,848,1606.67,0.697,75.007,50.2765,24.91,130.255,1.124,0.00033,0.425,0.27,0.304,2.65,0.779,0.926,-0.705,0.322,44.301,munched by?
747,Ari,7,10,2,,post_closure,6/13/23 12:57,7,0.0119,-0.00068,3110.32,874,1768.67,0.719,83.819,103.666,3.04,15.656,0.907,0.00013,0.431,0.298,0.27,-0.771,-1.404,1.863,0.54,0.296,46.181,none
774,Tri,3,20,4,weeded,post_closure,6/14/23 13:08,3,0.1034,0.00104,4285.04,1331,2441,0.689,9.669,0,0.53,2.751,1.199,53.33702,0.43,0.259,0.311,-2.666,0.321,0.368,0.311,0.34,51.446,none
774,Tri,3,20,4,weeded,pre_closure,5/5/23 13:35,3,0.0087,0.0003,2725.9,766,1576.67,0.719,114.377,358.9149,13.43,70.73,0.907,0.0001,0.422,0.303,0.275,1.725,0.059,0.641,0.299,0.285,39.638,na
784,Ari,7,1,4,weeded,post_closure,6/13/23 9:20,7,0.0257,0.00028,4958.66,1676,3282,0.662,38.901,855.1922,0.32,2.131,1.492,0.00008,0.338,0.266,0.396,1.122,0.203,0.776,0.021,0.261,48.492,none
818,Ari,7,16,2,invaded,post_closure,6/13/23 13:07,7,0.0093,0.00049,3741.76,956,2124.33,0.745,107.106,309.8193,8.42,43.327,0.675,0.00016,0.432,0.339,0.229,1.434,0.116,0.785,0.099,0.261,43.585,none
824,Ari,7,12,4,,post_closure,6/13/23 11:11,7,0.0242,0.00053,4058.74,1145,2506.33,0.718,41.333,0.0013,1.19,6.894,0.918,8.45518,0.382,0.322,0.296,1.148,-0.538,0.186,1.352,0.243,38.626,none
860,Mai,7,28,1,invaded,pre_closure,5/6/23 11:39,7,0.0036,0.0002,2469.66,690,1385.67,0.721,277.706,-380.791,14.9,75.419,0.892,0.00005,0.439,0.297,0.265,0.261,0.547,-0.831,1.284,0.303,32.378,na
901,Mai,7,31,3,weeded,post_closure,6/13/23 8:41,7,0.0188,0.00031,3951.72,1538,2618.33,0.611,53.17,-150.2632,0.45,2.971,2.109,0.00001,0.337,0.213,0.449,1.002,0.066,0.571,0.364,0.324,37.794,none
901,Mai,7,31,3,weeded,pre_closure,5/6/23 10:13,7,0.0089,0.00124,627.8,522,591.33,0.169,111.777,165.4755,246.43,9441.9,23.077,0.0021,0.058,0.039,0.903,1.785,0.194,-0.051,0.857,0.304,34.187,no
902,Tri,3,7,4,weeded,pre_closure,5/5/23 12:54,3,0.0095,0.00089,2260.67,748,2044.33,0.669,105.563,133.9006,43.17,999.197,1.413,0.00066,0.096,0.375,0.53,1.579,0.017,0.373,0.61,0.052,29.353,no
916,Tri,3,16,NA,invaded,pre_closure,5/5/23 12:50,3,0.0114,0.00117,3132.37,872,3100.67,0.722,87.664,102.9236,12.68,2817.237,0.883,0.00089,0.01,0.526,0.464,2.182,2.31,0.538,-1.849,0.004,32.157,no
972,Tri,7,11,1,invaded,post_closure,6/13/23 10:59,7,0.0398,0.00078,3555.68,944,1834.67,0.735,25.109,-7.0631,3.49,16.029,0.764,0,0.484,0.293,0.223,1.02,0.815,0.47,-0.285,0.339,53.862,none
972,Tri,7,11,1,invaded,pre_closure,5/6/23 9:50,7,0.0127,0.00109,2871.51,810,2578.67,0.718,78.607,146.4987,21.89,476.914,0.917,0.00036,0.102,0.468,0.43,1.865,0.024,0.617,0.359,0.045,40.229,na
978,Tri,6,6,1,,pre_closure,5/4/23 11:29,6,0.0113,0.00069,2435.21,754,1548,0.69,88.631,66.9709,38.89,237.396,1.189,0.00052,0.364,0.29,0.345,1.563,0.287,0.275,0.438,0.257,39.329,na
1021,Mai,3,24,2,invaded,post_closure,6/14/23 12:30,3,0.0691,0.00101,4094.3,1079,2595.33,0.736,14.479,-84.2384,1.7,10.296,0.746,0.00008,0.366,0.363,0.271,1.231,0.073,0.509,0.418,0.207,42.617,none
1021,Mai,3,24,2,invaded,pre_closure,5/5/23 14:17,3,0.013,0.00061,1990.08,680,1165,0.658,77.186,78.7481,34.62,185.377,1.533,0.00027,0.415,0.231,0.354,1.033,0.603,-0.025,0.421,0.368,28.208,na
1153,Mai,7,32,2,weeded,post_closure,6/13/23 9:59,7,0.0071,0.00048,3920.14,1044,2317.33,0.734,140.174,14.944,2.96,16.082,0.771,0.00037,0.409,0.334,0.257,1.438,0.145,0.667,0.187,0.251,43.63,none
1153,Mai,7,32,2,weeded,pre_closure,5/6/23 11:04,7,0.0155,0.00145,1893.58,704,1795,0.628,64.593,92.5616,48.51,2072.885,1.888,0.00123,0.052,0.328,0.62,1.56,0.075,0.008,0.916,0.033,22.02,no
1157,Mai,3,30,1,invaded,post_closure,6/14/23 12:09,3,0.0396,0.00061,3961.04,960,2374.67,0.758,25.233,841.6223,0.42,2.355,0.561,0.00006,0.4,0.384,0.215,-1.203,-0.027,1.515,-0.488,0.214,37.15,none
1157,Mai,3,30,1,invaded,pre_closure,5/5/23 14:14,3,0.0084,0.0003,2399.22,775,1322.33,0.677,118.535,67.3996,7.5,37.144,1.329,0.00011,0.449,0.237,0.314,1.021,0.217,0.481,0.302,0.389,23.793,na
1159,Mai,7,31,3,weeded,post_closure,6/13/23 8:42,7,0.0108,0.00023,3873.61,1623,2656.67,0.581,93.015,96.2153,0.49,3.503,2.519,0.00016,0.314,0.195,0.491,1.768,0.235,0.715,0.05,0.33,38.688,none
1159,Mai,7,31,3,weeded,pre_closure,5/6/23 9:41,7,0.01,0.00118,727.37,538,708.67,0.26,100.31,144.001,144.15,12320.371,12.864,0.00176,0.026,0.07,0.904,1.017,0.28,-0.563,1.283,0.075,27.413,no
1240,Mai,7,21,1,weeded,post_closure,6/13/23 10:36,7,0.019,0.00053,3729.89,816,1895.67,0.781,52.725,212.3745,4.87,21.99,0.367,0.00007,0.492,0.372,0.136,1.788,0.18,0.625,0.196,0.271,41.955,none
1240,Mai,7,21,1,weeded,pre_closure,5/6/23 11:07,7,0.005,0.00037,2378.85,721,1333.67,0.697,200.269,59.4735,23.47,118.83,1.122,0.00018,0.439,0.264,0.296,1.626,-0.202,1.255,-0.053,0.341,32.382,na
1264,Mai,7,21,1,weeded,post_closure,6/13/23 10:37,7,0.0095,0.00039,3747.11,843,1962.33,0.775,105.586,158.7297,3.71,17.34,0.417,0.00018,0.476,0.37,0.154,1.526,0.163,0.7,0.137,0.264,40.319,none
1264,Mai,7,21,1,weeded,pre_closure,5/6/23 11:08,7,0.0105,0.00044,2315.59,733,1367,0.683,95.002,142.6499,27.77,150.488,1.26,0.00018,0.41,0.261,0.329,0.673,0.077,-0.018,0.942,0.321,27.386,na
1374,Tri,5,10,1,invaded,pre_closure,5/5/23 11:58,5,0.0142,0.00028,3046.25,855,1682,0.719,70.306,-201.7875,12.21,60.562,0.904,0.00005,0.448,0.29,0.262,-0.792,-0.12,2.779,-1.66,0.316,39.998,na
1401,Mai,7,10,2,,post_closure,6/13/23 10:56,7,0.0103,0.00042,3203.64,874,1854.67,0.727,96.789,37.7727,5.09,26.853,0.831,0.00022,0.421,0.316,0.263,1.568,0.494,0.728,-0.221,0.273,37.907,none
1432,Mai,5,17,2,invaded,post_closure,6/15/23 10:23,5,0.0167,0.00067,3172.64,709,1585,0.777,59.772,75.5859,11.17,49.666,0.404,0.00019,0.5,0.356,0.144,0.985,0.137,0.65,0.213,0.288,46.838,none
1432,Mai,5,17,2,invaded,pre_closure,5/5/23 12:11,5,0.0106,0.00054,2339.18,719,1348.67,0.693,94.604,116.7108,29.41,154.503,1.166,0.00028,0.423,0.266,0.31,1.151,0.297,0.394,0.309,0.326,28.536,na
1468,Mai,7,11,3,,post_closure,6/13/23 11:06,7,0.0116,0.00043,3040.13,833,1668,0.726,86.277,124.0857,7.13,35.155,0.842,0.00016,0.451,0.298,0.251,1.896,0.02,0.676,0.304,0.31,39.963,none
1476,Mai,5,23,1,invaded,post_closure,6/15/23 10:14,5,0.0176,0.00058,3446.44,778,1647.33,0.774,56.718,8583.5153,3.68,15.682,0.423,0.00011,0.522,0.336,0.142,0.976,0.31,0.294,0.396,0.318,38.733,none
1499,Mai,5,17,NA,invaded,post_closure,6/15/23 10:22,5,0.0117,0.00059,3119.01,708,1499,0.773,85.113,765.2147,10.03,42.926,0.433,0.00015,0.519,0.335,0.145,1.256,0.48,0.401,0.119,0.317,42.209,none
1499,Mai,5,17,NA,invaded,pre_closure,5/5/23 12:11,5,0.0126,0.00038,2404.55,744,1363,0.691,79.208,336.2187,11.83,60.715,1.186,0.00008,0.433,0.259,0.308,0.497,0.343,0.326,0.331,0.342,25.408,na
1647,Tri,7,11,NA,invaded,post_closure,6/13/23 11:04,7,0.0624,0.0009,3443.86,945,1873.67,0.726,16.026,164.2319,0.66,3.229,0.845,0.0001,0.456,0.295,0.249,0.163,3.947,-2.129,-0.818,0.317,46.531,none
1647,Tri,7,11,NA,invaded,pre_closure,5/6/23 9:53,7,0.0128,0.00081,1945.11,664,1231.33,0.659,78.287,-20.1009,44.98,272.375,1.529,0.00013,0.367,0.25,0.383,16.943,0.373,0.541,0.086,0.3,35.774,na
1663,Mai,3,30,NA,invaded,pre_closure,5/5/23 14:11,3,0.0102,0.00038,2405.64,727,1289.33,0.698,97.668,199.7633,7.34,35.159,1.113,0.00014,0.464,0.254,0.282,1.203,0.172,0.829,-0.001,0.375,27.009,na
1669,Tri,7,11,NA,invaded,post_closure,6/13/23 10:58,7,0.0143,0.00033,3276.68,877,1760.33,0.732,69.809,1225.0248,3.82,18.341,0.783,-0.00004,0.463,0.301,0.236,4.778,0.047,1.014,-0.061,0.315,39.807,none
1669,Tri,7,11,NA,invaded,pre_closure,5/6/23 9:49,7,0.0055,0.00038,2096.06,624,1096,0.702,181.954,1819.8714,14.15,65.944,1.069,0.00009,0.477,0.253,0.27,1.307,0.032,0.648,0.32,0.387,27.742,na
1686,Tri,3,6,3,invaded,post_closure,6/14/23 12:38,3,0.0988,0.00191,4119.44,1132,2566,0.725,10.118,121.4172,2.05,12.096,0.849,0.00022,0.377,0.337,0.286,0.243,0.811,3.512,-3.322,0.229,48.776,none
1686,Tri,3,6,3,invaded,pre_closure,5/5/23 12:59,3,0.0095,0.00109,2811.64,833,2788.33,0.704,105.815,119.0769,20.53,5702.444,1.054,0.001,0.008,0.483,0.509,2.015,0.022,0.605,0.373,0.004,34.106,no
1689,Mai,7,15,NA,,post_closure,6/13/23 10:42,7,0.03,0.00064,3808.37,881,2114.33,0.769,33.328,81.9593,3.54,17.684,0.469,0.00018,0.445,0.378,0.177,1.503,0.175,0.661,0.164,0.241,42.393,none
1700,Mai,7,15,NA,,post_closure,6/13/23 10:43,7,0.0185,0.0005,4014.06,970,2233.33,0.758,54.114,5.305,2.39,11.957,0.555,0.00071,0.444,0.358,0.199,1.246,0.424,0.679,-0.103,0.254,48.823,none
1739,Tri,5,14,2,weeded,pre_closure,5/5/23 11:36,5,0.008,0.00049,2681.25,847,1494.67,0.684,125.225,74.9732,24.51,122.971,1.253,0.00017,0.443,0.247,0.31,1.571,0.049,0.633,0.319,0.367,38.83,na
1739,Tri,5,14,2,weeded,pre_closure,5/5/23 11:38,5,0.0077,0.00035,2348.27,786,1340.33,0.665,129.934,-382.8206,15.36,79.59,1.455,-0.00001,0.429,0.232,0.338,-0.069,4.437,16.943,-20.38,0.378,36.482,na
1795,Tri,5,14,2,weeded,pre_closure,5/5/23 11:32,5,0.0144,0.00164,1388.06,686,1226,0.506,69.597,78.1166,40.47,768.575,3.768,0.0014,0.117,0.185,0.698,-0.374,-0.356,5.566,-4.21,0.129,35.748,na
1817,Mai,7,32,3,weeded,pre_closure,5/6/23 10:47,7,0.0151,0.00181,1291.17,669,1022,0.482,66.324,83.3749,82.02,876.263,4.247,0.00142,0.208,0.151,0.641,0.821,0.005,-1.061,2.056,0.283,27.091,no
1827,Tri,7,8,3,weeded,post_closure,6/13/23 9:23,7,0.03,0.0006,4942.62,1683,3486,0.659,33.371,0.0001,0.64,4.825,1.52,19.25413,0.295,0.28,0.425,0.562,-0.015,0.452,0.563,0.216,44.742,none
1827,Tri,7,8,3,weeded,pre_closure,5/6/23 9:34,7,0.0041,0.00028,3006.27,737,1575,0.755,243.831,666.3612,8.97,41.878,0.585,0.00013,0.476,0.331,0.193,1.279,0.179,0.729,0.092,0.295,34.562,na
1851,Tri,7,8,3,weeded,post_closure,6/13/23 12:25,7,0.0016,0.00004,3301.74,1051,1960.67,0.682,612.698,0.0001,0.99,5.41,1.279,44.99425,0.406,0.261,0.333,0.179,-6.123,4.155,2.968,0.319,31.327,none
1926,Tri,3,5,2,invaded,post_closure,6/14/23 12:40,3,0.6972,0.00691,4808.63,2030,3194,0.578,1.434,199.3401,0.52,3.439,2.565,0.00011,0.336,0.186,0.478,0.621,4.133,0.838,-3.971,0.369,47.533,none
1926,Tri,3,5,2,invaded,pre_closure,5/5/23 13:00,3,0.0092,0.00095,2984.16,866,2829,0.71,108.615,125.3922,59.74,2553.186,0.995,0.00067,0.052,0.475,0.473,2.886,0.1,2.154,-1.254,0.022,31.842,no
1975,Tri,7,18,3,invaded,post_closure,6/13/23 11:38,7,0.0109,0.00042,3183.3,868,1515,0.727,91.879,29.3244,2.45,10.37,0.829,0.00038,0.524,0.26,0.216,0.819,0.295,6.631,-5.925,0.413,42.594,none
1997,Tri,7,24,2,invaded,post_closure,6/13/23 11:21,7,0.0135,0.00037,3974.19,1028,2222.67,0.741,73.964,545.6039,1.37,6.907,0.703,0.00007,0.441,0.328,0.231,-1.166,-0.959,3.423,-1.463,0.275,43.65,none
1997,Tri,7,24,2,invaded,pre_closure,5/6/23 9:56,7,0.0114,0.00055,2318.87,700,1449,0.698,87.635,85.9227,30.87,182.927,1.11,0.00035,0.375,0.296,0.329,1.255,0.347,0.406,0.248,0.26,34.146,na
2131,Mai,3,30,2,invaded,post_closure,6/14/23 12:05,3,0.0181,0.00048,3625.21,827,1974.67,0.772,55.272,101.9408,4.09,19.967,0.442,0.00018,0.455,0.378,0.167,1.331,0.172,0.384,0.444,0.247,37.305,none
2131,Tri,7,11,1,invaded,post_closure,6/13/23 11:00,7,0.0209,0.00046,3857.6,1028,2046.67,0.734,47.934,95.3872,1.73,8.214,0.773,0.00012,0.469,0.299,0.231,1.579,0.111,0.472,0.417,0.321,50.751,none
2131,Mai,3,30,2,invaded,pre_closure,5/5/23 14:12,3,0.0049,0.0004,2131.53,714,1140.33,0.665,203.354,238.8641,12.48,59.634,1.458,0.00017,0.465,0.218,0.317,0.879,-0.33,1.797,-0.467,0.438,25.158,na
2131,Tri,7,11,1,invaded,pre_closure,5/6/23 9:50,7,0.0072,0.00035,2686.69,744,1457.67,0.723,139.668,246.9626,14.54,70.685,0.869,0.0001,0.457,0.29,0.252,1.169,-0.055,2.381,-1.326,0.323,38.155,na
2215,Ari,5,8,2,weeded,post_closure,6/15/23 11:14,5,0.0185,0.00051,3484.82,961,1897,0.724,53.962,204.5077,3.2,15.609,0.858,0.00012,0.456,0.293,0.251,0.483,0.217,1.046,-0.262,0.319,28.829,none
2229,Mai,7,32,3,weeded,post_closure,6/13/23 10:08,7,0.0226,0.00065,3573.94,896,1898.67,0.749,44.292,308.6283,4.37,20.699,0.633,0.00011,0.469,0.325,0.206,1.63,0.435,0.737,-0.172,0.295,44.368,none
2247,Mai,7,21,1,,post_closure,6/13/23 10:38,7,0.0221,0.00047,3662.2,818,1805,0.777,45.311,3.2185,3.52,15.448,0.404,0.00065,0.507,0.351,0.142,1.571,0.118,0.688,0.194,0.296,45.562,none
2265,Mai,7,23,NA,invaded,post_closure,6/13/23 11:25,7,0.0092,0.00036,3136.61,863,1704.67,0.725,109.181,196.0887,1.98,9.632,0.852,0.00008,0.457,0.293,0.25,1.166,0.306,0.454,0.24,0.319,38.134,none
2265,Mai,7,23,NA,invaded,pre_closure,5/6/23 12:58,7,0.0116,0.00056,1890.94,636,1169.67,0.664,86.476,133.5748,27.2,158.651,1.473,0.00025,0.381,0.25,0.368,0.702,0.554,-0.016,0.462,0.313,25.571,na
2268,Mai,3,18,4,invaded,post_closure,6/14/23 12:29,3,0.0143,0.00032,4539.79,1355,3032,0.702,69.871,0.0002,1.56,10.416,1.076,20.10028,0.332,0.322,0.346,0.666,0.161,0.392,0.446,0.212,41.402,none
2268,Mai,3,18,4,invaded,pre_closure,5/5/23 14:18,3,0.0125,0.00059,1970.37,688,1180.33,0.651,80.101,99.2737,31.14,172.565,1.618,0.00027,0.401,0.229,0.37,1.024,0.157,0.275,0.568,0.359,26.272,na
2285,Mai,7,23,2,invaded,pre_closure,5/6/23 12:57,7,0.0062,0.0002,2241.41,657,1211.33,0.707,160.019,null,18.23,88.07,1.024,null,0.46,0.267,0.273,0.602,0.263,0.242,0.495,0.353,24.012,na
2289,Tri,7,11,NA,invaded,post_closure,6/13/23 11:02,7,0.0136,0.00048,2534.96,912,1432,0.64,73.312,56.6665,6.46,33.021,1.742,0.00021,0.435,0.206,0.359,-5.523,-0.393,1.123,0.27,0.433,39.891,none
2310,Mai,3,4,2,invaded,post_closure,6/14/23 12:45,3,0.0222,0.00038,3395.78,1328,2223,0.609,45.109,46.8796,1.2,7.704,2.134,0.00017,0.345,0.209,0.446,0.865,0.022,0.114,0.864,0.339,36.854,none
2310,Mai,3,4,2,invaded,pre_closure,5/5/23 14:10,3,0.0186,0.00169,2343.29,738,2022,0.685,53.758,61.5826,34.12,553.429,1.243,0.00127,0.137,0.385,0.478,0.968,0.051,-0.959,1.908,0.073,25.782,no
2329,Tri,3,20,3,weeded,post_closure,6/14/23 13:11,3,522.5487,-10.7049,5219.98,2308,3516.33,0.558,0.002,108.2799,1.24,8.444,2.868,-0.00525,0.326,0.174,0.499,-3.833,-0.246,1.097,0.149,0.384,54.07,none
2329,Tri,3,20,3,weeded,pre_closure,5/5/23 13:50,3,0.0215,0.00054,3014.07,843,1478.67,0.72,46.51,249.6266,11.56,50.463,0.895,0.0001,0.509,0.259,0.232,1.872,0.153,0.736,0.111,0.403,45.757,na
2337,Mai,3,22,2,invaded,post_closure,6/14/23 12:19,3,0.0392,0.00069,3909.79,1206,2536.33,0.692,25.54,72.9778,1.14,7.221,1.177,0.0002,0.351,0.298,0.351,0.465,-0.117,-0.422,1.538,0.242,33.226,none
2337,Mai,3,22,2,invaded,pre_closure,5/5/23 14:15,3,0.0064,0.00035,2297.82,703,1311.33,0.694,157.426,104.9158,19.54,101.23,1.151,0.00014,0.429,0.265,0.305,0.651,0.233,0.194,0.573,0.332,23.521,na
2337,Mai,3,22,2,invaded,pre_closure,5/5/23 15:04,3,0.0022,0.00023,2726.35,738,1236.33,0.729,458.867,0.0033,2.77,11.258,0.811,0.51696,0.547,0.25,0.203,0.692,0.229,0.305,0.466,0.447,24.929,na
2379,Tri,7,23,3,invaded,post_closure,6/13/23 12:07,7,0.0431,0.00083,4299.2,1194,2232.67,0.722,23.208,-105.8873,0.63,2.918,0.876,0.00006,0.481,0.277,0.243,1.499,0.091,0.617,0.292,0.356,47.679,none
2379,Tri,7,23,3,invaded,pre_closure,5/6/23 10:05,7,0.0058,0.00032,3000.16,788,1657,0.737,170.965,229.2044,11.73,58.163,0.738,0.00012,0.448,0.318,0.235,0.586,1.309,-1.53,1.221,0.289,35.365,na
2382,Tri,7,23,3,invaded,post_closure,6/13/23 12:05,7,0.0204,0.00049,4088.82,1084,2105,0.735,49.046,1364.495,1.67,7.672,0.76,0.00012,0.485,0.292,0.222,1.117,0.156,0.573,0.272,0.34,49.149,none
2409,Ari,7,8,NA,,post_closure,6/13/23 9:32,7,0.275,0.00237,4575.65,1472,2994.33,0.678,3.636,0,0.63,4.062,1.314,0.0001,0.346,0.283,0.372,0.83,0.145,0.485,0.37,0.25,37.048,"small leaves, plant just coming out"
2416,Tri,3,17,NA,invaded,post_closure,6/14/23 12:26,3,0.0587,0.00077,4685.17,1456,3028.33,0.689,17.028,79.8616,1.8,11.31,1.2,0.00013,0.354,0.294,0.353,2.643,0.355,-0.291,0.936,0.247,44.624,none
2416,Tri,3,17,2,invaded,pre_closure,5/5/23 12:49,3,0.0149,0.00132,3367.84,946,3193.67,0.719,67.24,58.9542,33.84,1446.197,0.906,0.00128,0.052,0.497,0.451,2.204,0.027,0.337,0.636,0.021,34.938,no
2438,Ari,7,14,2,weeded,post_closure,6/13/23 12:33,7,0.0774,0.00077,3783.67,1546,2533.67,0.591,12.914,0.0001,0.44,2.967,2.372,17.89016,0.33,0.199,0.471,-0.736,-0.009,2.726,-1.717,0.341,36.718,none
2508,Tri,5,21,NA,weeded,post_closure,6/15/23 9:52,5,0.0614,0.00144,3527.51,895,1752.33,0.746,16.279,46.6184,5.47,24.187,0.659,0.00023,0.503,0.299,0.197,0.708,0.137,0.381,0.482,0.344,39.682,none
2508,Tri,5,21,NA,weeded,pre_closure,5/5/23 11:01,5,0.0151,0.00165,2269.43,788,2147.67,0.653,66.375,69.8207,51.02,2099.397,1.596,0.00137,0.054,0.365,0.582,1.82,0.074,0.296,0.631,0.03,31.529,no
2546,Mai,7,33,3,weeded,pre_closure,5/6/23 12:12,7,0.0135,0.00175,893.79,593,852,0.337,74.257,118.1617,109.72,5187.858,8.621,0.00119,0.047,0.099,0.854,3.372,-0.05,0.4,0.65,0.097,26.592,no
2547,Tri,5,19,1,weeded,post_closure,6/15/23 10:02,5,0.0443,0.00086,5047.56,1356,2749,0.731,22.584,1075.7261,2.05,9.997,0.793,0.00008,0.455,0.304,0.241,1.62,-0.121,0.817,0.304,0.307,51.428,none
2616,Mai,5,36,3,invaded,pre_closure,5/5/23 10:30,5,0.0169,0.00196,1111.39,606,1014.67,0.455,59.23,83.8414,67.85,1733.055,4.851,0.00146,0.087,0.156,0.757,3.618,0.008,0.369,0.623,0.114,22.452,no
2637,Mai,5,36,NA,,post_closure,6/15/23 9:23,5,0.0355,0.00072,3965.76,1331,2474.67,0.664,28.189,0.0114,3.74,22.113,1.465,0.91333,0.376,0.253,0.371,-2.874,-0.037,1.228,-0.191,0.304,38.081,none
2662,Mai,5,36,3,invaded,post_closure,6/15/23 9:26,5,0.0114,0.00035,4227.33,1302,2807.67,0.692,87.572,138.1313,1.49,9.863,1.172,0.00017,0.336,0.306,0.358,-1.779,-0.225,1.284,-0.059,0.225,43.197,none
2662,Mai,5,36,3,invaded,pre_closure,5/5/23 10:45,5,0.0079,0.00148,884.42,622,861,0.297,126.818,190.5565,151.09,12914.091,10.567,0.00133,0.026,0.084,0.889,1.688,1.009,-0.082,0.072,0.064,30.776,no
2666,Mai,7,20,4,weeded,post_closure,6/13/23 10:34,7,1956.4429,28.12498,4006.94,1148,2335,0.713,0.001,418.1139,2.13,11.363,0.96,0.00011,0.417,0.297,0.285,1.549,0.055,-0.167,1.112,0.288,44.11,none
2666,Mai,7,20,4,weeded,pre_closure,5/6/23 10:01,7,0.0049,0.00032,2289.41,691,1245.33,0.698,203.178,133.3142,12.21,59.482,1.11,0.00007,0.456,0.258,0.286,0.526,0.059,0.393,0.548,0.362,23.818,na
2726,Mai,6,30,4,,pre_closure,5/4/23 11:05,6,0.0145,0.00107,2557.73,766,2554.33,0.701,69.082,70.564,1.43,3178.435,1.086,0.00139,0.001,0.479,0.52,1.149,-0.023,-0.423,1.446,0.001,18.847,no
2753,Mai,7,10,NA,,post_closure,6/13/23 10:53,7,0.0083,0.00034,3405.46,793,1849,0.767,119.9,634.1,3.61,17.565,0.481,0.0001,0.457,0.367,0.176,1.794,0.146,0.73,0.124,0.256,43.344,none
2776,Mai,7,10,4,,post_closure,6/13/23 13:05,7,0.0006,-0.00006,3685.3,1040,2075.33,0.718,1567.251,676.1372,2.89,14.675,0.919,0.00583,0.437,0.294,0.27,0.691,-0.582,2.59,-1.008,0.305,42.902,none
2803,Mai,5,18,NA,,pre_closure,5/5/23 10:19,5,0.0196,0.00212,2402.78,863,2226.67,0.641,51.129,57.8161,49.94,1520.185,1.735,0.00199,0.073,0.339,0.588,1.896,-0.01,-0.282,1.292,0.044,30.847,no
2886,Tri,7,24,3,invaded,post_closure,6/13/23 11:31,7,0.0393,0.00081,4055.92,1089,2189.67,0.732,25.458,0.0004,0.91,4.42,0.791,8.6625,0.46,0.301,0.238,-1.028,-0.188,1.441,-0.253,0.313,44.763,none
2886,Tri,7,24,3,invaded,pre_closure,5/6/23 10:08,7,0.0072,0.00027,2413.77,706,1303,0.708,138.585,2.5766,12.41,59.972,1.017,0.00011,0.46,0.268,0.272,1.245,0.466,0.499,0.035,0.352,32.681,na
2912,Tri,5,11,NA,invaded,post_closure,6/15/23 10:30,5,0.0133,0.00046,3572.85,852,1761.33,0.762,74.993,117.6614,4.24,18.594,0.528,0.00012,0.507,0.323,0.17,0.351,5.467,-8.938,4.471,0.322,49.199,none
2912,Tri,5,11,NA,invaded,pre_closure,5/5/23 11:57,5,0.0069,0.00039,2973.89,811,1594,0.727,144.569,316.142,13.58,65.042,0.83,0.00014,0.464,0.293,0.243,1.712,0.443,0.848,-0.291,0.325,43.226,na
2927,Tri,7,14,4,weeded,post_closure,6/13/23 10:39,7,0.0202,0.00055,4055.43,976,2332.33,0.759,49.399,-308.4112,1.91,9.979,0.547,0.00009,0.425,0.372,0.203,1.27,-0.438,2.261,-0.823,0.234,50.022,none
2927,Tri,7,14,4,weeded,pre_closure,5/6/23 9:47,7,0.0126,0.00085,1254.61,592,854.67,0.528,79.449,82.9371,51.45,358.407,3.36,0.00071,0.319,0.156,0.525,0.89,1.414,-0.257,-0.157,0.418,34.379,na
2988,Tri,5,33,NA,weeded,pre_closure,5/5/23 10:20,5,0.0116,0.00123,1931.9,846,1899.67,0.562,85.982,129.0933,49.87,6518.411,2.802,0.00128,0.017,0.259,0.725,2.646,0.372,0.499,0.129,0.013,38.954,no
2988,Tri,5,33,NA,weeded,post_closure,6/15/23 11:52,5,0.02,0.00065,3232,916,1637,0.717,50.106,116.7119,4.49,20.188,0.93,0.00015,0.494,0.262,0.244,-2.414,-0.12,1.624,-0.504,0.385,38.642,none
2996,Tri,7,14,1,weeded,post_closure,6/13/23 12:22,7,0.0124,0.00041,3927.27,1157,2116.67,0.705,80.346,36.6478,1.52,7.327,1.038,0.00017,0.461,0.264,0.275,0.599,0.119,0.292,0.589,0.357,51.321,none
3004,Tri,5,21,4,weeded,post_closure,6/15/23 9:40,5,0.0279,0.00046,4092.6,1156,2285.33,0.718,35.894,0,2.5,12.561,0.921,100.93671,0.442,0.291,0.268,1.004,0.145,0.445,0.41,0.311,41.542,none
3043,Tri,7,24,3,invaded,post_closure,6/13/23 11:27,7,0.0104,0.00042,4155.23,1003,2210.33,0.759,96.181,476.8528,1.88,8.904,0.553,0.00012,0.468,0.343,0.189,1.659,0.057,0.766,0.178,0.28,51.946,none
3043,Tri,7,24,3,invaded,post_closure,6/13/23 11:35,7,0.0224,0.00066,3805.67,964,1887.33,0.747,44.69,117.7691,2.19,9.671,0.655,0.0001,0.504,0.3,0.196,4.59,-0.476,0.717,0.76,0.345,46.957,none
3043,Tri,7,24,3,invaded,pre_closure,5/6/23 10:07,7,-0.0009,0.00018,2023.41,646,1201.33,0.681,-1094.896,174.0857,30.21,165.367,1.289,0.00016,0.406,0.259,0.334,12.497,0.037,0.946,0.017,0.321,34.819,na
3071,Tri,7,8,NA,weeded,post_closure,6/13/23 9:22,7,0.0701,0.00097,4324.96,1315,2930,0.696,14.27,292.111,0.8,5.531,1.132,0.00012,0.323,0.318,0.36,0.518,0.764,0.221,0.015,0.208,46.008,none
3071,Tri,7,8,NA,weeded,post_closure,6/13/23 12:27,7,0.0272,0.00042,3905.6,1352,2439,0.654,36.817,106.5283,1.43,8.478,1.584,0.00009,0.376,0.242,0.383,0.223,1.14,0.092,-0.232,0.318,40.13,none
3071,Tri,7,8,NA,weeded,pre_closure,5/6/23 9:39,7,0.0097,0.00046,2053.21,620,1207.67,0.698,103.492,23.5437,29.43,158.74,1.111,0.00045,0.412,0.279,0.31,1.548,0.275,0.816,-0.091,0.303,28.031,na
3077,Tri,5,21,NA,weeded,pre_closure,5/5/23 11:03,5,0.0104,0.00107,1608.44,621,1573,0.614,96.155,129.9764,54.86,5541.557,2.069,0.00097,0.022,0.319,0.659,1.677,0.187,0.552,0.262,0.014,39.212,no
3427,Tri,7,35,4,invaded,post_closure,6/13/23 11:48,7,0.0213,0.00038,3984.87,1242,2259,0.688,46.944,589.4871,0.69,3.541,1.21,0.00019,0.433,0.257,0.31,1.906,0.059,0.418,0.523,0.346,43.824,none
3468,Mai,6,9,1,,pre_closure,5/4/23 11:27,6,0.0097,0.00071,2285.59,726,1440,0.682,102.599,80.9842,32.42,194.739,1.272,0.00048,0.37,0.277,0.353,1.517,0.208,0.342,0.45,0.273,28.387,na
3526,Tri,7,35,4,invaded,post_closure,6/13/23 11:48,7,0.0134,0.0004,4099.41,1377,2416.33,0.664,74.78,54.888,0.36,1.937,1.468,0.00013,0.411,0.239,0.351,0.799,0.723,0.898,-0.62,0.352,49.73,none
3526,Tri,7,35,4,invaded,pre_closure,5/6/23 10:09,7,0.0058,0.00028,2832.89,732,1502.33,0.742,173.662,-76.02,14.51,68.591,0.7,0.00009,0.47,0.312,0.218,1.746,0.06,0.439,0.501,0.309,38.313,na
3526,Tri,7,35,4,invaded,pre_closure,5/6/23 13:53,7,0.0104,0.00104,2972.04,781,2794,0.737,96.308,189.7117,59.99,2221.821,0.739,0.0005,0.06,0.54,0.4,1.85,-0.022,0.017,1.005,0.023,37.651,no
3536,Ari,5,26,NA,,post_closure,6/15/23 10:09,5,0.0167,0.00067,3766.69,937,2032,0.751,59.863,66.9935,2.7,13.025,0.616,0.00019,0.461,0.334,0.206,0.896,0.235,0.447,0.318,0.283,38.379,none
3539,Mai,7,31,NA,weeded,post_closure,6/13/23 8:44,7,0.0175,0.00043,4466.44,1301,2764.33,0.709,57.253,123.1782,0.62,3.597,1.006,0.0001,0.381,0.309,0.31,1.593,0.08,0.829,0.09,0.253,40.559,none
3539,Mai,7,31,NA,weeded,pre_closure,5/6/23 9:57,7,0.0062,0.00113,759.3,561,734.67,0.261,161.345,162.71,155.68,10810.895,12.806,0.0018,0.032,0.07,0.897,2.854,0.179,0.401,0.42,0.095,36.112,no
3563,Tri,3,4,1,invaded,post_closure,6/14/23 13:17,3,3.9706,0.04539,4755.49,1571,3075.33,0.67,0.252,636.2635,1.41,8.904,1.407,0.0001,0.353,0.269,0.378,2.003,-0.118,0.576,0.542,0.27,49.605,none
3581,Mai,7,23,2,invaded,pre_closure,5/6/23 12:07,7,0.0088,0.00035,2092.62,636,1142,0.696,113.894,-0.0501,25.85,126.529,1.131,0.00013,0.454,0.256,0.29,1.402,1.563,0.717,-1.28,0.363,29.911,na
3643,Mai,3,12,2,invaded,post_closure,6/14/23 12:36,3,0.0159,0.00038,4074.64,1395,2742,0.658,62.872,22.7147,1.54,10.442,1.54,0.00039,0.327,0.265,0.408,0.849,0.116,0.51,0.374,0.253,37.927,none
3643,Mai,3,12,2,invaded,pre_closure,5/5/23 13:03,3,0.0147,0.00165,1472.26,673,1446.67,0.543,67.945,91.5095,34.51,4511.015,3.109,0.00141,0.017,0.239,0.743,0.443,0.409,-1.539,2.13,0.015,23.822,no
3665,Mai,3,30,1,invaded,post_closure,6/14/23 12:11,3,3.2156,0.03471,3784.26,867,2114,0.771,0.311,58.1862,0.54,2.743,0.45,0.00006,0.441,0.385,0.173,1.575,0.331,0.761,-0.092,0.235,36.416,none
3665,Mai,3,30,1,invaded,pre_closure,5/5/23 14:15,3,0.0232,0.00195,1313.69,614,1292,0.533,43.15,57.8148,12.34,1612.925,3.282,0.00162,0.017,0.23,0.754,4.255,-0.497,0.869,0.629,0.015,23.863,na
3785,Ari,7,4,NA,invaded,post_closure,6/13/23 14:35,7,0.0315,0.00041,4002.5,1036,2165,0.741,31.747,-39.5397,1.24,6.024,0.704,0.00001,0.459,0.317,0.224,-1.028,1.479,0.56,-1.039,0.296,49.387,none
3829,Tri,5,33,3,weeded,pre_closure,5/5/23 10:21,5,0.0183,0.00213,2318.02,843,2213.67,0.636,54.669,65.0561,50.11,2474.437,1.789,0.00195,0.045,0.342,0.613,1.723,-0.061,-0.285,1.346,0.027,33.536,no
3960,Mai,5,3,1,weeded,pre_closure,5/5/23 10:44,5,0.0068,0.00032,2564.06,791,1474,0.692,146.453,143.8111,14.96,78.239,1.177,0.00015,0.425,0.264,0.311,1.296,0.346,0.551,0.103,0.33,29.199,na
3993,Mai,5,3,1,weeded,post_closure,6/15/23 11:24,5,0.0266,0.00069,3737.05,939,2004.33,0.749,37.609,82.1883,1.53,7.316,0.638,0.00013,0.464,0.327,0.209,0.873,0.061,0.042,0.897,0.29,37.221,none
3993,Mai,5,3,1,weeded,pre_closure,5/5/23 10:46,5,0.0216,0.00186,1087.41,617,969.33,0.433,46.227,51.2877,38.49,784.677,5.401,0.00157,0.109,0.139,0.752,1.953,0.091,0.253,0.656,0.16,27.245,na
4000,Tri,5,20,4,weeded,post_closure,6/15/23 9:56,5,0.036,0.00079,3859.97,913,1826.67,0.763,27.796,127.2633,1.99,8.383,0.512,0.0001,0.527,0.313,0.16,-3.975,-0.352,0.976,0.377,0.345,50.546,none
4000,Tri,5,20,4,weeded,pre_closure,5/5/23 11:05,5,0.0065,0.00083,931.7,601,909.67,0.355,153.526,149.3095,97.88,9063.001,7.869,0.00149,0.024,0.11,0.866,2.421,0.173,0.261,0.566,0.044,33.293,not sure of label. plot 20? second plot in fourth row
4061,Mai,7,15,2,,post_closure,6/13/23 10:45,7,0.013,0.00053,3817.21,866,2026.67,0.773,77.065,139.7366,4.33,20.536,0.432,0.00004,0.469,0.371,0.16,1.25,0.244,0.524,0.232,0.259,44.177,none
4081,Tri,7,18,3,invaded,post_closure,6/13/23 11:39,7,0.0132,0.00046,3220.2,944,1642.67,0.707,75.911,265.1952,3.62,16.435,1.024,0.00009,0.49,0.252,0.258,-0.49,-3.756,4.568,0.188,0.398,47.28,none
4105,Tri,5,10,4,invaded,post_closure,6/15/23 10:43,5,0.0262,0.00066,4625.61,1279,2678.33,0.723,38.143,0.0002,3.22,16.99,0.865,26.37754,0.421,0.31,0.269,-0.734,-0.606,2.913,-1.307,0.278,47.241,none
4105,Tri,5,10,4,invaded,pre_closure,5/5/23 11:59,5,-0.0018,-0.00008,2887.24,770,1494.67,0.733,-552.963,46.1563,6.47,29.81,0.775,0.00018,0.482,0.292,0.226,0.955,0.14,0.214,0.646,0.339,41.052,na
4109,Tri,5,32,NA,weeded,post_closure,6/15/23 11:55,5,0.0242,0.00082,3613.94,919,1759.67,0.746,41.265,63.9582,7.33,31.761,0.664,0.00008,0.513,0.293,0.194,1.705,-0.042,0.529,0.513,0.359,46.805,none
4109,Tri,5,32,NA,weeded,pre_closure,5/5/23 10:23,5,0.011,0.00132,2768.11,842,2666.33,0.696,90.601,90.3704,53.93,3239.16,1.133,0.00168,0.037,0.452,0.512,1.921,0.062,0.112,0.826,0.017,31.682,no
4163,Ari,7,1,4,,post_closure,6/13/23 9:18,7,0.0381,-0.00065,4859.06,1363,3022.33,0.719,26.214,0.0002,0.89,5.204,0.903,26.8752,0.378,0.327,0.295,0,null,null,null,0.237,39.946,none
4177,Tri,5,14,2,weeded,pre_closure,5/5/23 11:34,5,0.0103,0.00068,2783.19,840,1807.33,0.698,97.153,116.8865,40.19,254.47,1.11,0.00042,0.351,0.308,0.342,1.877,0.232,0.457,0.311,0.233,43.396,na
4250,Mai,3,2,4,weeded,post_closure,6/14/23 12:58,3,0.026,0.0005,3892.39,998,1983.67,0.744,38.415,852.8321,0.45,2.057,0.683,0.00004,0.49,0.303,0.207,-1.01,0.012,-0.881,1.869,0.332,46.764,none
4414,Tri,5,22,2,invaded,post_closure,6/15/23 9:34,5,0.0186,0.00071,4367.51,1056,2195,0.758,53.873,565.317,3.48,15.553,0.556,0.00008,0.497,0.323,0.18,1.21,0.081,0.704,0.215,0.316,52.982,none
4414,Tri,5,22,2,invaded,pre_closure,5/5/23 10:56,5,0.0142,0.00148,2839.45,893,2602.33,0.686,70.61,76.5209,61.89,1637.34,1.239,0.00131,0.084,0.409,0.507,1.76,0.051,0.093,0.856,0.042,36.54,no
4431,Tri,5,23,3,invaded,post_closure,6/15/23 10:18,5,0.0143,0.00053,3326.64,866,1805,0.74,70.135,91.7768,5.78,28.093,0.717,0.00021,0.457,0.316,0.227,0.895,0.371,0.367,0.262,0.297,44.307,none
4431,Tri,5,23,3,invaded,pre_closure,5/5/23 11:15,5,0.0163,0.00119,2638.52,854,2497,0.676,61.388,80.9613,38.99,1604.694,1.335,0.0011,0.054,0.405,0.541,2.237,0.2,0.275,0.525,0.027,27.728,no
4547,Tri,5,10,NA,invaded,post_closure,6/15/23 10:42,5,0.0325,0.00098,4616.2,1344,2799,0.709,30.747,223.9322,3.71,20.898,1.004,0.00012,0.394,0.303,0.304,0.97,-0.701,2.417,-0.715,0.267,41.978,none
4576,Tri,5,21,3,weeded,post_closure,6/15/23 9:54,5,0.0055,0.00041,3960.07,1153,2296.33,0.709,182.673,26.0972,2.94,15.58,1.004,0.00016,0.42,0.289,0.291,1.167,-0.054,0.35,0.704,0.298,44.809,none
4576,Tri,5,21,3,weeded,pre_closure,5/5/23 11:02,5,0.0133,0.0014,2313.16,820,2248,0.646,74.927,92.322,41.27,3275.34,1.68,0.00111,0.028,0.363,0.609,1.56,-0.056,0.345,0.712,0.016,28.144,no
4676,Mai,7,24,3,invaded,post_closure,6/13/23 11:41,7,0.021,0.0005,3841.63,1336,2295.67,0.652,47.679,105.4748,0.77,4.271,1.602,0.00016,0.402,0.23,0.368,0.977,0.145,0.691,0.164,0.359,39.735,none
4676,Mai,7,24,3,invaded,pre_closure,5/6/23 13:17,7,0.0022,0.00036,2435.24,652,1278.67,0.732,454.043,166.4584,13.76,64.372,0.784,0.00009,0.475,0.294,0.231,1.013,0.183,0.552,0.265,0.331,26.085,na
4698,Mai,7,34,4,,pre_closure,5/6/23 12:32,7,0.0178,0.00211,1489.64,642,1355,0.569,56.183,96.4332,99.67,2460.961,2.696,0.00156,0.09,0.246,0.664,-0.212,-3.584,9.289,-4.705,0.075,21.184,no
4712,Tri,6,2,NA,,pre_closure,5/4/23 11:12,6,0.0133,0.00036,2256.52,714,1412.67,0.684,75.041,59.4461,19.99,118.801,1.259,0.00031,0.374,0.277,0.349,-1.241,-0.069,1.992,-0.922,0.276,14.167,munched by?
4714,Tri,3,7,4,weeded,pre_closure,5/5/23 12:53,3,0.0081,0.00082,2691.68,852,2599,0.683,123.344,97.1426,32.09,2097.528,1.26,0.00074,0.034,0.427,0.538,2.221,-0.059,0.536,0.523,0.017,34.01,no
4736,Mai,7,23,4,invaded,post_closure,6/13/23 11:27,7,0.0102,0.00043,3726,1234,2277.33,0.669,97.912,8.9983,2.31,13.19,1.416,0.00076,0.389,0.253,0.358,1.22,0.088,0.895,0.017,0.315,44.404,none
4736,Mai,7,23,4,invaded,pre_closure,5/6/23 12:58,7,0.0138,0.00038,2450.63,648,1272.67,0.736,72.638,-770.173,14.13,65.275,0.754,0.00003,0.481,0.296,0.223,-3.1,-0.061,1.413,-0.353,0.333,34.243,na
4777,Tri,6,2,1,,pre_closure,5/4/23 11:17,6,0.0095,0.00037,3073.84,893,1666.67,0.709,105.646,2451.109,10.46,50.739,0.998,0.00012,0.458,0.271,0.271,1.926,-0.023,0.681,0.343,0.346,29.115,"veg, brown spots"
4778,Ari,7,8,4,,post_closure,6/13/23 9:37,7,0.0103,0.00045,4730.71,1604,3220.33,0.661,96.833,0.5306,1.68,11.688,1.503,0.00471,0.319,0.272,0.409,0.629,0.078,0.291,0.631,0.241,38.027,none
4781,Mai,5,23,1,invaded,post_closure,6/15/23 10:15,5,0.0195,0.00054,3469.99,780,1723,0.775,51.256,0.0562,4.47,19.763,0.415,0.03674,0.503,0.351,0.146,1.022,0.763,0.402,-0.165,0.294,40.433,none
4781,Mai,5,23,1,invaded,pre_closure,5/5/23 11:13,5,0.0168,0.00195,918.04,524,794.67,0.429,59.557,62.7658,74.67,1238.386,5.489,0.00165,0.134,0.133,0.732,0.981,0.025,-0.952,1.926,0.206,25.577,no
4802,Mai,7,30,1,invaded,post_closure,6/13/23 12:02,7,0.0212,0.00052,3319.61,1116,1934.67,0.664,47.228,140.4828,1.1,5.85,1.471,0.0001,0.417,0.236,0.347,1.516,0.128,0.637,0.235,0.363,39.303,none
4802,Mai,7,30,1,invaded,pre_closure,5/6/23 13:24,7,0.0042,0.00028,2239.76,659,1228,0.706,237.79,675.0304,22.9,112.597,1.034,0.00015,0.452,0.269,0.279,0.686,0.287,0.407,0.306,0.343,24.287,na
4804,Mai,7,15,2,,post_closure,6/13/23 10:44,7,0.0142,0.00029,4062.33,1466,2657,0.639,70.535,184.0243,1.59,10.238,1.755,0.00011,0.346,0.237,0.417,1.437,0.045,0.531,0.424,0.299,42.278,none
4834,Mai,7,30,2,invaded,post_closure,6/13/23 11:43,7,0.0037,0.00038,3889.44,1624,2503.33,0.582,268.913,127.9474,0.52,3.244,2.498,0.00019,0.356,0.184,0.46,0.105,-2.035,-3.459,6.493,0.397,40.191,none
4834,Mai,7,30,2,invaded,pre_closure,5/6/23 14:28,7,0.0158,0.0022,829,585,777.33,0.294,63.198,108.1681,128.8,4616.583,10.7,0.00134,0.062,0.08,0.858,1.403,0.017,-0.061,1.044,0.159,26.758,no
4844,Mai,7,19,NA,weeded,post_closure,6/13/23 12:13,7,0.0276,0.00058,3536.12,984,1848.33,0.722,36.228,171.5472,1.67,7.791,0.882,0.00013,0.477,0.278,0.245,1.365,0.144,0.654,0.201,0.352,38.892,none
4844,Mai,7,19,NA,weeded,pre_closure,5/6/23 9:44,7,0.0059,0.00038,2229.27,680,1306.33,0.695,169.89,242.6317,26.12,140.217,1.142,0.00022,0.414,0.274,0.312,0.997,-0.043,0.097,0.945,0.31,23.613,na
4859,Mai,7,24,3,invaded,post_closure,6/13/23 11:34,7,0.0157,0.00043,3323.13,819,1851.33,0.754,63.555,-10.2097,1.11,5.577,0.596,0.00009,0.443,0.349,0.208,1.719,0.774,1.141,-0.915,0.26,39.407,none
4859,Mai,7,24,3,invaded,pre_closure,5/6/23 12:59,7,0.0022,0.00021,2238.39,672,1211,0.7,456.406,-1176.3521,21.23,102.773,1.094,0.00012,0.459,0.258,0.283,0.568,0.215,0.372,0.413,0.364,28.732,na
4865,Mai,7,24,3,invaded,post_closure,6/13/23 11:32,7,0.0122,0.00042,3962.94,1528,2456.33,0.614,82.297,21.964,0.77,4.526,2.062,0.00035,0.38,0.202,0.417,0.473,0.577,-0.035,0.457,0.385,40.498,none
4865,Mai,7,24,3,invaded,pre_closure,5/6/23 13:16,7,0.0051,0.00024,2634.58,703,1404,0.733,195.849,456.848,12.34,58.734,0.776,0.00004,0.467,0.3,0.233,0.711,0.68,0.502,-0.182,0.319,34.615,na
4871,Mai,7,19,1,weeded,post_closure,6/13/23 12:17,7,0.0261,0.00053,3629.51,904,1893.33,0.751,38.274,0.0214,1.04,4.819,0.619,0.20874,0.478,0.322,0.199,1.16,0.269,0.747,-0.016,0.304,39.09,none
4871,Mai,7,19,1,weeded,pre_closure,5/6/23 9:45,7,0.0155,0.00113,2753.69,708,1864.33,0.743,64.669,98.4656,50.49,347.342,0.689,0.0005,0.323,0.401,0.276,0.71,0.029,-0.553,1.524,0.165,32.15,na
4874,Mai,7,28,2,invaded,post_closure,6/13/23 11:50,7,0.0138,0.00036,3547.07,896,1840,0.747,72.497,1014.8373,1.2,5.528,0.649,0.00015,0.481,0.315,0.204,1.834,0.038,0.755,0.207,0.314,43.919,none
4874,Mai,7,28,2,invaded,pre_closure,5/6/23 13:41,7,0.0133,0.00211,864.43,560,731,0.352,74.931,102.72,132.71,1914.955,7.977,0.00158,0.154,0.094,0.751,1.052,0.05,-1.09,2.04,0.336,25.984,no
4883,Mai,7,35,1,invaded,pre_closure,5/6/23 13:25,7,0.0096,0.00178,790.15,546,655.67,0.309,104.587,123.7648,136.84,1788.807,9.913,0.00148,0.17,0.076,0.754,0.694,-0.094,-1.608,2.702,0.459,24.176,no
4934,Tri,3,23,4,invaded,pre_closure,5/5/23 13:27,3,0.0085,0.00043,3062.27,810,1828,0.735,118.297,261.7392,18.93,104.403,0.755,0.00013,0.403,0.34,0.257,1.279,-0.022,0.366,0.656,0.243,40.006,na
4942,Tri,3,27,1,weeded,pre_closure,5/5/23 13:33,3,0.0075,0.00039,3199.07,870,1818.67,0.728,132.655,81.1567,17.65,90.797,0.823,0.00014,0.432,0.312,0.257,1.944,0.103,0.778,0.118,0.284,42.322,na
4959,Tri,5,22,4,invaded,post_closure,6/15/23 9:34,5,0.0361,0.00066,4150.01,1124,2237,0.729,27.687,-2469.4587,2.3,11.071,0.813,0.00007,0.461,0.297,0.242,0.106,1.683,-12.488,11.805,0.318,47.481,none
4959,Tri,5,22,4,invaded,pre_closure,5/5/23 10:57,5,0.0207,0.00208,2275.86,828,2054,0.636,48.317,69.4522,43.56,997.928,1.791,0.00169,0.097,0.323,0.579,0.723,1.312,-4.538,4.226,0.062,26.76,no
4990,Tri,5,22,NA,invaded,post_closure,6/15/23 9:38,5,0.0141,0.00046,4125.97,1039,2095,0.748,70.683,0.2746,4.69,21.175,0.642,-0.00107,0.492,0.309,0.199,3.623,0.131,2.262,-1.393,0.326,51.675,none
4990,Tri,5,22,NA,invaded,pre_closure,5/5/23 10:59,5,0.0176,0.00187,2636.28,811,2473,0.692,56.76,85.3604,35.54,1273.829,1.168,0.00117,0.062,0.433,0.505,1.2,-0.099,-0.173,1.271,0.029,26.4,no
5009,Mai,6,8,NA,,pre_closure,5/5/23 15:06,3,0.0068,0.00027,2594.53,724,1232.67,0.721,147.666,358.5604,5.26,22.247,0.889,0.00014,0.525,0.252,0.224,0.832,0.227,0.626,0.147,0.428,26.747,na
5015,Mai,7,20,4,weeded,post_closure,6/13/23 10:32,7,-1140.8044,-14.74735,4136.48,1261,2508.33,0.695,-0.001,8.7208,2.01,11.339,1.14,0.00076,0.394,0.283,0.323,2.251,0.008,0.462,0.53,0.285,48.156,none
5015,Mai,7,20,4,weeded,pre_closure,5/6/23 10:44,7,0.0086,0.00041,2288.72,684,1333.33,0.701,116.754,103.0016,26.4,140.714,1.08,0.00018,0.417,0.28,0.302,0.864,0.136,0.101,0.764,0.305,23.958,na
5030,Mai,3,24,1,invaded,post_closure,6/14/23 12:32,3,1097.6484,12.48942,4091.68,1027,2637,0.749,0.001,120.8668,1.44,9.003,0.635,0.00009,0.356,0.394,0.25,0.811,-0.132,-0.036,1.168,0.185,38.827,none
5030,Mai,3,24,1,invaded,pre_closure,5/5/23 15:06,3,0.0147,0.00049,2661.46,739,1399.33,0.722,68.24,95.4005,10.07,47.221,0.876,0.00015,0.474,0.28,0.245,1.029,0.151,0.503,0.346,0.347,25.362,na
5052,Mai,5,36,3,invaded,post_closure,6/15/23 9:24,5,0.0167,0.00051,3734.62,860,1906.33,0.77,59.84,118.3421,6.27,28.445,0.46,0.00014,0.49,0.35,0.161,-1.306,-0.016,1.983,-0.967,0.287,44.509,none
5052,Mai,5,36,3,invaded,pre_closure,5/5/23 10:16,5,0.0171,0.00178,1160.06,624,1062.33,0.462,58.643,50.0825,62.53,1654.137,4.681,0.00181,0.084,0.161,0.755,7.814,-0.058,0.703,0.356,0.107,30.026,no
5054,Ari,5,8,NA,,post_closure,6/15/23 11:13,5,0.0098,0.00043,3698.61,961,1964.67,0.74,101.691,176.0124,3.25,15.388,0.713,0.00007,0.469,0.31,0.221,0.324,0.233,-7.282,8.049,0.31,40.842,none
5069,Mai,3,24,2,invaded,post_closure,6/14/23 12:32,3,0.0294,0.00059,3825.85,982,2344,0.743,34.004,0,0.71,4.104,0.685,0.00009,0.387,0.364,0.249,1.024,0.286,0.469,0.245,0.218,36.844,none
5073,Mai,7,20,4,weeded,post_closure,6/13/23 10:31,7,0.042,0.00086,4007.23,1539,2709.67,0.616,23.798,79.7553,0.38,2.639,2.043,0.00018,0.324,0.222,0.454,2.713,-0.028,1.088,-0.061,0.299,33.54,none
5077,Mai,7,20,4,weeded,post_closure,6/13/23 10:33,7,0.016,0.00041,3686.99,1267,2334.33,0.656,62.629,41.798,1.26,7.623,1.555,0.00033,0.367,0.248,0.385,1.119,-0.158,-0.538,1.696,0.303,34.923,none
5077,Mai,7,20,4,weeded,pre_closure,5/6/23 10:46,7,0.0105,0.00025,2304.23,658,1235.67,0.714,95.664,116.2547,16.62,79.579,0.951,0.00012,0.464,0.275,0.261,0.788,0.817,0.41,-0.227,0.346,22.037,na
5115,Tri,5,19,3,weeded,post_closure,6/15/23 10:00,5,0.0166,0.00053,4225.33,1199,2494.67,0.716,60.237,36.6463,3.39,18.383,0.933,0.00022,0.41,0.305,0.285,1.023,0.09,0.615,0.295,0.275,46.212,none
5115,Tri,5,19,3,weeded,pre_closure,5/5/23 11:07,5,0.0106,0.0012,1817.59,725,1645.33,0.601,94.562,95.7664,54.83,1282.575,2.238,0.00111,0.095,0.28,0.626,2.265,0.08,0.066,0.854,0.069,28.808,not sure of label. plot 20? second plot in fourth row
5119,Ari,7,12,NA,,post_closure,6/13/23 11:12,7,0.0133,0.00035,2697.43,1019,1743.67,0.622,75.359,108.5936,1.18,7.413,1.963,0.00011,0.354,0.218,0.428,0.597,0.308,0.511,0.182,0.332,28.128,none
5124,Ari,7,12,2,,post_closure,6/13/23 11:15,7,0.0156,0.00036,4134.66,1346,2506,0.674,63.982,552.7232,1.09,6.127,1.355,0.0001,0.394,0.257,0.349,0.076,-6.182,-10.612,17.794,0.314,38.966,none
5141,Ari,7,12,,,post_closure,6/13/23 11:16,7,0.0561,0.00084,4458.25,1421,2806,0.681,17.835,55.4753,0.96,5.78,1.283,0.0002,0.371,0.276,0.354,0.289,0.229,-0.674,1.446,0.275,42.42,none
5151,Ari,7,31,NA,weeded,post_closure,6/13/23 10:05,7,0.0096,0.00041,4195.75,1053,2374,0.749,104.648,9.3346,3.4,17.393,0.635,0.00031,0.434,0.346,0.22,0.64,0.108,0.65,0.242,0.257,38.07,none
5153,Ari,7,31,NA,,post_closure,6/13/23 12:52,7,0.0134,0.00035,3872.46,1007,1981.33,0.74,74.629,115.6758,1.59,7.24,0.715,0.00007,0.488,0.298,0.213,1.143,0.134,0.681,0.185,0.335,43.941,none
5176,Ari,7,7,1,weeded,post_closure,6/13/23 9:12,7,0.0158,0.00039,5051.28,1610,3341.33,0.681,63.487,26.4281,0.82,5.401,1.283,0.00023,0.339,0.29,0.372,1.126,0.034,0.611,0.355,0.239,45.689,none
5180,Ari,7,7,1,,post_closure,6/13/23 9:10,7,0.0133,0.00033,4808.71,1514,3167,0.685,74.946,37.6949,0.6,3.936,1.242,0.00028,0.341,0.294,0.365,1.23,0.128,0.722,0.15,0.238,43.204,none
5184,Mai,3,13,NA,weeded,post_closure,6/14/23 12:55,3,10063.5682,43.14463,4176.16,2223,3267,0.468,0,-15301.3486,0.43,4.419,4.554,0.00007,0.218,0.141,0.641,-1.499,-1.188,2.119,0.068,0.317,37.003,none
5228,Tri,5,19,1,weeded,post_closure,6/15/23 10:01,5,0.0464,0.00167,3985.02,1014,2270.33,0.746,21.54,34.3646,1.32,6.799,0.666,0.00094,0.43,0.342,0.228,-6.721,-0.018,1.085,-0.067,0.258,40.204,none
5228,Tri,5,19,1,weeded,pre_closure,5/5/23 11:08,5,0.013,0.0013,2692.11,800,2628.33,0.703,77.122,134.6455,48.86,4524.257,1.063,0.00101,0.024,0.473,0.503,-1.763,0.385,1.12,-0.505,0.01,31.791,not sure of label. plot 20? second plot in fourth row
5229,Tri,6,1,3,,pre_closure,5/4/23 11:26,6,0.0127,0.00075,3166.92,944,1880.33,0.702,78.81,46.8112,23.13,126.577,1.072,0.00035,0.406,0.287,0.307,1.194,0.265,0.321,0.414,0.291,39.75,"munched, rightmost, flower removed by munching"
5253,Ari,7,8,NA,weeded,post_closure,6/13/23 12:36,7,-7643.1579,-77.71385,3206.53,1318,2033.33,0.589,0,46.8385,0.34,2.085,2.406,0.00014,0.366,0.186,0.448,-1.62,-0.324,1.243,0.082,0.403,36.5,none
5260,Ari,7,10,NA,,post_closure,6/13/23 12:56,7,0.0815,0.00136,3543.92,1052,2014,0.703,12.269,41.3657,2.45,12.622,1.06,0.00034,0.432,0.276,0.292,2.328,0.202,0.786,0.012,0.321,35.647,none
5267,Tri,6,2,NA,,pre_closure,5/4/23 11:14,6,0.009,0.00049,3294.3,916,1850,0.722,111.027,83.6899,21.45,108.846,0.88,0.00026,0.438,0.299,0.263,2.507,0.309,0.688,0.003,0.301,37.39,na
5285,Ari,7,8,NA,,post_closure,6/13/23 9:24,7,0.0423,0.00062,4120.96,1472,2733.33,0.643,23.643,0.0013,0.76,4.988,1.712,2.17302,0.337,0.245,0.419,0.429,0.336,0.595,0.069,0.282,34.549,none
5381,Tri,5,10,3,invaded,post_closure,6/15/23 10:40,5,0.0108,0.00039,4261.47,1109,2366.33,0.74,92.49,357.6179,1.85,9.253,0.717,0.00017,0.445,0.323,0.232,8.811,0.141,0.838,0.022,0.282,49.76,none
5381,Tri,5,10,3,invaded,post_closure,6/13/23 12:31,7,0.02,0.00038,3495.25,1280,2224.33,0.634,50.015,18.8504,0.62,3.762,1.82,0.00021,0.364,0.226,0.411,0.673,0.178,0.743,0.079,0.33,38.713,none
5381,Tri,5,10,3,invaded,pre_closure,5/5/23 11:59,5,0.0099,0.0002,3272.96,842,1685.33,0.743,101.037,382.1778,10.7,49.008,0.69,0.00011,0.485,0.305,0.21,1.809,0.251,0.807,-0.058,0.326,41.55,na
5395,Ari,7,8,4,,post_closure,6/13/23 9:33,7,0.0084,0.00027,4936.26,2087,3628.67,0.577,119.051,0,0.4,3.342,2.574,-1251.14401,0.265,0.206,0.529,0.345,0.086,-0.125,1.039,0.264,39.043,none
5404,Ari,7,7,1,weeded,post_closure,6/13/23 9:14,7,0.0624,0.00068,4657.76,1670,3062.67,0.641,16.034,6.3329,0.48,3.111,1.728,0.00042,0.342,0.241,0.416,1.005,0.17,0.694,0.136,0.291,45.23,none
5479,Tri,3,21,3,weeded,post_closure,6/14/23 13:09,3,2765.9825,17.63387,3816.45,1334,2333,0.65,0,7.0221,0.85,4.879,1.622,0.00093,0.389,0.233,0.378,0.682,0.331,0.219,0.45,0.342,46.767,none
5479,Tri,3,21,3,weeded,pre_closure,5/5/23 13:36,3,0.0065,0.00046,3083.27,860,1761,0.721,152.784,32.0273,15.74,81.51,0.888,0.00016,0.429,0.303,0.269,2.401,0.244,0.869,-0.113,0.29,44.936,na
5488,Tri,3,1,1,weeded,post_closure,6/14/23 13:00,3,0.0279,0.0007,3825.02,1086,2252,0.716,35.825,0.0061,5.7,30.821,0.935,1.17744,0.411,0.304,0.284,-0.977,0.142,2.851,-1.993,0.277,43.679,none
5488,Tri,3,1,1,weeded,pre_closure,5/5/23 13:50,3,0.0143,0.00141,2551.96,874,2387.33,0.658,69.95,90.2723,59.48,2033.362,1.542,0.00103,0.065,0.368,0.567,1.791,0.023,0.49,0.488,0.036,35.715,no
5490,Ari,7,12,4,,post_closure,6/13/23 11:11,7,0.0135,0.00042,4339.2,1261,2683.67,0.709,73.944,588.7171,1.38,8.038,0.999,0.00001,0.382,0.309,0.309,-3.951,0.803,1.745,-1.548,0.253,38.817,none
5494,Ari,7,35,2,,post_closure,6/13/23 11:54,7,0.0463,0.00075,3651,1233,2043.33,0.662,21.592,26.7638,1.85,9.326,1.488,0.00024,0.44,0.225,0.335,0.241,-0.324,-2.432,3.756,0.401,41.747,none
5495,Tri,3,3,2,weeded,pre_closure,5/5/23 14:07,3,0.0146,0.0011,3214.53,910,2954.33,0.717,68.433,52.0987,26.7,732.531,0.927,0.00114,0.081,0.477,0.442,1.583,-0.152,-0.292,1.444,0.035,33.625,no
5657,Mai,5,23,1,invaded,post_closure,6/15/23 10:16,5,0.0089,0.00046,3527.87,769,1780.33,0.782,112.064,93.274,4.33,19.417,0.36,0.00014,0.495,0.371,0.134,1.893,0.264,0.622,0.114,0.274,41.922,none
5657,Mai,5,23,1,invaded,pre_closure,5/5/23 11:27,5,0.016,0.00188,1108.85,630,1013.67,0.432,62.69,66.1187,73.85,1908.388,5.42,0.00153,0.086,0.142,0.772,0.608,0.096,-1.615,2.52,0.124,24.015,no
5666,Mai,7,25,3,,post_closure,6/13/23 10:13,7,0.0391,0.00071,4018.8,894,2241,0.778,25.572,-2.4181,0.5,2.521,0.396,0,0.442,0.399,0.158,1.728,0.244,0.76,-0.004,0.227,44.891,none
5865,Tri,6,2,2,,pre_closure,5/4/23 11:16,6,0.0117,0.00049,3144.13,896,1701.67,0.715,85.731,187.9181,14.2,68.759,0.945,0.0001,0.459,0.278,0.263,1.691,0.261,0.75,-0.011,0.338,38.962,uphill twin
5877,Tri,5,27,3,weeded,post_closure,6/15/23 11:49,5,0.025,0.00058,3619.21,1036,1773,0.714,40.013,24.8969,0.55,2.417,0.957,0.00021,0.51,0.25,0.24,0.185,-0.295,-0.6,1.895,0.418,40.845,none
5877,Tri,5,27,3,weeded,pre_closure,5/5/23 10:22,5,0.0156,0.00118,3436.76,886,2958.33,0.742,64.064,51.413,31.86,509.294,0.695,0.001,0.139,0.508,0.353,-1.097,0.043,2.416,-1.458,0.056,34.217,no
5904,Tri,5,9,2,weeded,pre_closure,5/5/23 11:15,5,0.0179,0.00147,2757.71,822,2288.67,0.702,55.947,64.7798,35.27,460.988,1.072,0.00092,0.17,0.4,0.429,2.043,0.039,0.215,0.746,0.087,36.285,na
5904,Tri,5,9,2,weeded,pre_closure,5/5/23 12:02,5,24442.9212,244.54927,2837.61,765,1339,0.73,0,1903.8678,5.27,22.201,0.801,0.00005,0.528,0.262,0.21,0.342,1.807,-2.874,2.066,0.413,38.157,na
6000,Mai,7,32,2,weeded,post_closure,6/13/23 10:00,7,0.0121,0.00049,3855.56,940,2123.33,0.756,82.737,299.4873,1.53,7.574,0.573,0.00008,0.449,0.35,0.201,1.533,0.217,0.589,0.194,0.263,38.543,none
6000,Mai,7,32,2,weeded,pre_closure,5/6/23 11:19,7,0.0227,0.00308,832.44,536,736,0.356,43.976,78.2556,148.54,2845.632,7.824,0.00218,0.116,0.1,0.784,0.3,1.733,-5.173,4.441,0.237,27.284,no
6026,Mai,7,32,3,,post_closure,6/13/23 10:03,7,0.0278,0.00052,3641.45,802,1989.33,0.78,36.005,14.8729,2.94,14.382,0.378,0.00026,0.454,0.396,0.15,1.083,0.401,0.495,0.104,0.235,36.541,none
6027,Mai,7,32,NA,weeded,post_closure,6/13/23 10:02,7,0.009,0.00048,3584.68,777,1850.33,0.783,111.014,-145.4985,5.46,25.063,0.35,0.00001,0.484,0.382,0.134,1.784,0.221,0.682,0.097,0.259,41.339,none
6027,Mai,7,32,NA,weeded,pre_closure,5/6/23 10:51,7,0.0182,0.002,802.1,565,756,0.296,54.872,126.8221,120.98,4716.57,10.629,0.00138,0.057,0.081,0.861,1.086,0.043,-0.544,1.502,0.145,21.49,no
6100,Mai,7,34,NA,invaded,post_closure,6/13/23 11:56,7,0.0276,0.00054,4135.45,1600,2811.33,0.613,36.243,64.2041,2.24,15.554,2.08,0.00031,0.32,0.221,0.459,0.545,0.16,-0.234,1.073,0.297,41.113,none
6100,Mai,7,34,NA,invaded,pre_closure,5/6/23 12:48,7,0.0098,0.00171,693.33,542,668.67,0.218,101.724,198.5162,188.09,11610.289,16.478,0.0019,0.036,0.055,0.909,1.752,0.055,0.066,0.879,0.132,29.097,no
6448,Mai,6,36,4,,pre_closure,5/4/23 11:00,6,0.0117,0.00125,1484.97,712,1481.67,0.521,85.482,94.2899,5.68,6315.396,3.495,0.00144,0.002,0.222,0.776,1.528,0.322,0.225,0.453,0.002,20.321,no
6462,Mai,6,36,4,,pre_closure,5/4/23 11:02,6,0.0005,0.00112,1351.23,663,1354,0.509,2197.838,111.3545,-7.98,8868.104,3.701,0.00197,-0.002,0.213,0.789,1.729,0.309,0.574,0.117,-0.002,23.184,no
6507,Tri,7,12,NA,invaded,post_closure,6/13/23 11:18,7,0.0117,0.00031,3759.76,978,2175,0.74,85.246,103.7342,1.98,10.437,0.716,0.00018,0.422,0.337,0.241,-4.958,-0.046,1.334,-0.288,0.256,45.145,none
6507,Tri,7,12,NA,invaded,pre_closure,5/6/23 9:54,7,0.0069,0.00056,2459.95,752,1408.67,0.694,144.812,48.6021,30.74,159.961,1.149,0.00036,0.427,0.267,0.306,0.335,1.077,-0.748,0.671,0.329,39.863,na
6558,Tri,3,22,4,invaded,post_closure,6/14/23 12:15,3,0.034,0.00071,3864.85,1060,2194.33,0.726,29.421,63.0875,3.15,16.21,0.844,0.00022,0.432,0.308,0.26,0.335,3.678,-1.167,-1.512,0.288,45.953,none
6558,Tri,3,22,4,invaded,pre_closure,5/5/23 13:31,3,0.008,0.00056,1661.07,688,1017.67,0.586,124.429,56.7969,25,143.544,2.45,0.00029,0.387,0.178,0.435,1.084,0.4,0.186,0.414,0.447,31.863,na
6685,Mai,7,35,1,invaded,pre_closure,5/6/23 13:11,7,0.0085,0.00109,593.76,517,575,0.129,117.283,193.376,130.22,9043.271,31.866,0.0012,0.032,0.029,0.939,1.15,0.237,-0.099,0.862,0.22,26.123,no
6808,Mai,7,25,3,weeded,post_closure,6/13/23 10:11,7,0.015,0.00042,4070.98,970,2400,0.762,66.533,38.4354,0.44,2.411,0.526,0.00015,0.41,0.386,0.203,1.055,0.111,0.56,0.329,0.218,40.096,none
6808,Mai,7,25,3,weeded,pre_closure,5/6/23 11:31,7,0.0126,0.00188,906.89,578,756.33,0.363,79.195,92.0388,109.38,1464.233,7.576,0.00151,0.166,0.097,0.737,0.206,0.609,-9.08,9.471,0.35,26.046,no
6867,Ari,5,9,NA,weeded,post_closure,6/15/23 10:49,5,0.0274,0.00059,4235.36,1116,2553,0.737,36.562,56.3316,1.76,9.877,0.746,0.00012,0.397,0.345,0.258,1.385,0.176,0.597,0.227,0.236,45.581,none
6869,Mai,3,21,3,,post_closure,6/14/23 13:06,3,0.0494,0.00102,3411.8,1192,1867,0.651,20.229,0.8673,0.45,2.196,1.62,0.00237,0.453,0.209,0.338,0.376,0.466,-0.804,1.338,0.444,34.926,none
6875,Tri,5,29,NA,,post_closure,6/15/23 9:32,5,0.0195,0.00066,4067.65,1130,2518,0.722,51.202,0.0006,4.6,26.819,0.877,8.44536,0.381,0.33,0.289,1.759,0.313,0.821,-0.134,0.237,37.35,none
6876,Mai,3,18,2,,post_closure,6/14/23 12:28,3,0.0715,0.00139,3434.42,1042,2073.33,0.697,13.993,0.0006,0.75,4.207,1.125,6.99298,0.396,0.284,0.32,1.093,0.05,0.495,0.455,0.286,29.815,none
6882,Mai,7,30,NA,,post_closure,6/13/23 12:01,7,0.0151,0.00034,3853.35,1220,2320.33,0.683,66.415,263.2403,0.82,4.591,1.261,0.00009,0.398,0.266,0.336,1.575,0.082,0.677,0.241,0.306,43.104,none
6886,Mai,7,25,3,,post_closure,6/13/23 10:10,7,0.0098,0.00011,4355.34,1091,1210.67,0.75,101.597,-0.0003,0.18,0.557,0.631,-1.43003,0.722,0.17,0.108,0.882,0.248,0.713,0.039,0.868,37.754,none
6887,Tri,5,2,NA,,post_closure,6/15/23 11:32,5,0.022,0.00072,3361.13,856,1747,0.745,45.515,100.6129,7.1,32.848,0.667,0.00014,0.48,0.312,0.208,0.509,0.24,-0.2,0.96,0.316,38.779,none
6889,Ari,7,7,1,,post_closure,6/15/23 11:47,5,0.0018,0.00008,106.11,58,94,0.453,545.418,-0.8996,0.12,2.354,4.883,0.00014,0.114,0.151,0.735,-1.055,-0.105,1.026,0.079,0.155,8.334,none
6890,Ari,7,7,1,weeded,post_closure,6/13/23 9:07,7,0.0114,0.00035,4272.4,1182,2484.33,0.723,87.818,247.9258,1.24,6.599,0.866,0.0001,0.419,0.312,0.27,1.11,0.162,0.669,0.17,0.275,42.369,none
6900,Mai,5,12,4,,post_closure,6/15/23 11:33,5,0.0149,0.00036,3290.5,884,1688.67,0.731,67.077,984.7956,1.71,7.8,0.793,0.00011,0.487,0.286,0.227,0.395,0.021,-0.768,1.747,0.348,37.436,none
7147,Tri,5,9,3,weeded,post_closure,6/15/23 10:52,5,0.0049,0.00028,3802.7,1757,2886.67,0.538,204.731,107.4541,0.99,9.1,3.191,0.0001,0.241,0.181,0.578,-0.438,0.074,1.049,-0.123,0.273,45.309,none
7147,Tri,5,9,3,weeded,pre_closure,5/5/23 11:12,5,0.0083,0.00029,2872.73,811,1524,0.718,119.907,-1981.9376,12.89,61.053,0.92,0.0001,0.469,0.276,0.254,3.27,0.153,0.92,-0.073,0.348,37.87,na
7574,Tri,7,12,NA,invaded,pre_closure,5/6/23 9:55,7,0.0092,0.0004,3258.11,792,1841,0.757,108.232,210.3894,14.86,75.932,0.567,0.00011,0.435,0.361,0.205,-0.465,0.815,5.039,-4.853,0.247,41.148,na
7704,Ari,7,10,NA,,post_closure,6/13/23 10:50,7,0.0183,0.00037,4266.29,1063,2437.33,0.751,54.66,-636.041,3.5,18.131,0.619,0.00008,0.429,0.353,0.219,2.152,0.114,0.888,-0.002,0.249,50.609,none
7760,Ari,7,10,2,,post_closure,6/13/23 10:52,7,0.0118,0.00047,4224.54,1068,2514,0.747,84.872,164.7832,3.04,16.699,0.651,0.0001,0.405,0.36,0.235,1.258,0.169,0.694,0.137,0.23,41.708,none
7820,Ari,7,8,NA,,post_closure,6/13/23 9:45,7,0.0146,0.00033,4452.33,1652,3120,0.629,68.357,12.8195,0.26,1.916,1.879,0.00035,0.299,0.243,0.457,0.441,0.221,0.296,0.484,0.252,30.938,"small leaves, plant just coming out"
7874,Ari,7,8,4,,post_closure,6/13/23 9:39,7,0.0133,0.0003,4935.12,1748,3446.67,0.646,75.413,182.1692,0.81,5.934,1.676,0.00013,0.302,0.261,0.437,0.326,0.283,0.177,0.54,0.237,36.022,"small leaves, plant just coming out"
8056,Ari,7,31,NA,,post_closure,6/13/23 10:07,7,0.0157,0.00059,3799.81,1137,2288.67,0.701,63.772,-0.0003,2.74,15.304,1.084,-14.52737,0.398,0.289,0.313,0.572,0.186,0.342,0.471,0.282,32.781,none
8099,Ari,7,31,NA,,post_closure,6/13/23 10:06,7,0.0186,0.00043,3751.03,1027,2164.33,0.726,53.691,80.0499,2.64,13.861,0.84,0.00012,0.423,0.314,0.263,0.522,0.191,0.584,0.225,0.276,32.134,none
8164,Ari,7,31,NA,,post_closure,6/13/23 10:06,7,0.0157,0.00049,4043.75,1160,2379.33,0.713,63.888,94.7749,1.31,7.065,0.963,0.00011,0.412,0.3,0.289,0.525,0.243,0.385,0.372,0.281,35.797,none
9412,Mai,3,3,1,weeded,post_closure,6/14/23 13:19,3,0.01,0.00051,3914.6,1322,2438.33,0.662,100.391,79.5795,0.42,2.461,1.488,0.00015,0.377,0.25,0.373,0.457,1.006,-0.778,0.772,0.309,36.443,none
9412,Mai,3,3,1,weeded,pre_closure,5/5/23 14:05,3,0.0221,0.00236,1006.71,558,865,0.446,45.204,58.6407,52.9,833.679,5.069,0.00167,0.141,0.142,0.718,3.681,0.004,0.494,0.502,0.204,20.583,untagged Mai to the right of tagged individual when facing road
flag3_tri,Tri,5,14,NA,,pre_closure,5/5/23 11:35,5,0.0175,0.00114,2421.6,745,1703.33,0.692,57.116,74.2285,34.04,254.726,1.168,0.00069,0.297,0.324,0.379,1.541,0.053,-0.021,0.968,0.187,31.285,na
flag2_mai,Mai,5,3,3,,pre_closure,5/5/23 10:55,5,0.0073,0.00022,2784.61,770,1511.67,0.723,137.413,-6020.0849,5.61,27.257,0.865,0.00007,0.457,0.291,0.252,0.682,0.183,0.477,0.34,0.322,25.132,na
flag2_mai,Mai,5,3,3,,post_closure,6/15/23 11:22,5,0.0217,0.00035,3456.55,1170,1918,0.662,46.108,95.1238,0.28,1.412,1.497,0.00018,0.445,0.222,0.333,1.214,0.813,0.575,-0.388,0.41,38.464,none
flag3_ari,Ari,5,2,2,,post_closure,6/15/23 11:21,5,0.0213,0.00039,3211.74,911,1847.33,0.716,47.018,43.2362,2.56,13.401,0.932,0.00016,0.425,0.298,0.278,0.596,0.093,0.031,0.876,0.292,23.076,none
flag4_ari,Ari,5,2,2,,post_closure,6/15/23 11:26,5,0.0166,0.0005,3300.61,980,1797.33,0.703,60.406,306.6265,0.47,2.274,1.061,0.00008,0.455,0.264,0.28,0.281,0.082,-0.542,1.46,0.353,32.024,none
flag5_ari,Ari,5,2,4,,post_closure,6/15/23 11:35,5,0.0129,0.0005,3521.77,975,1926.67,0.723,77.716,0.0003,2.6,12.732,0.868,6.80609,0.453,0.293,0.254,0.309,0.351,-0.413,1.062,0.317,40.295,none
flag6_ari,Ari,5,2,NA,,post_closure,6/15/23 11:27,5,0.015,0.00048,3385.66,916,1920,0.729,66.635,59.2221,3.12,16.032,0.81,0.00015,0.433,0.313,0.254,0.617,0.32,0.29,0.39,0.283,29.445,none
untagged_p3_sub17_q1,Tri,3,17,1,invaded,post_closure,6/14/23 16:39,3,0.0005,0.00008,2973.59,1367,1212.33,0.54,2028.125,-182.9985,0.27,1.005,3.152,0,0.592,0.098,0.31,1.278,-0.202,0.198,1.004,1.236,35.796,none
untagged_p3_sub22_q4,Tri,3,22,4,invaded,post_closure,6/14/23 15:03,3,0.0294,0.00065,3639.78,1078,2034.67,0.704,33.995,235.5655,1.01,5.094,1.054,0.00014,0.441,0.272,0.287,1.035,0.287,0.458,0.255,0.332,43.634,none
untagged_p3_sub12_q4,Tri,3,12,4,invaded,post_closure,6/14/23 16:38,3,5900.3214,31.79126,4412.01,1518,2620.33,0.656,0,96.1337,0.22,1.207,1.56,0.0002,0.406,0.232,0.362,-0.123,-5.346,4.637,1.709,0.359,42.619,none