date,solar.rad.wm2,precip.mm,wind.direction.degrees,wind.spd.ms,gust.speed.ms,air.temp.c,vapor.pressure.kpa,atm.pressure.kpa,min.airtemp.c,max.airtemp.c,rh.degc,max.precip.rate.mmhr,vpd.kpa
2023-04-24 00:00:00,0,0,35.7,0.46,0.8,4.9,0.61,98.37,4.7,5.1,4.8,0,0.26
2023-04-24 01:00:00,0,0,38.3,0.46,0.71,4.8,0.592,98.34,4.5,5.1,4.8,0,0.27
2023-04-24 02:00:00,0,0,77.5,0.28,0.6,4.2,0.608,98.29,3.8,4.6,4.4,0,0.22
2023-04-24 03:00:00,0,0,0.2,0.25,0.57,3.3,0.605,98.27,2.7,3.8,3.6,0,0.17
2023-04-24 04:00:00,0,0,39.8,0.32,0.79,2.4,0.599,98.26,2.2,2.8,2.7,0,0.13
2023-04-24 05:00:00,0,0,332.2,0.54,0.92,2.2,0.604,98.27,2.1,2.4,2.3,0,0.11
2023-04-24 06:00:00,0,0,28.8,0.6,0.98,2.2,0.615,98.27,2.1,2.3,2.2,0,0.1
2023-04-24 07:00:00,1.7,0,20.5,0.45,0.84,2.2,0.627,98.29,2.1,2.4,2.2,0,0.09
2023-04-24 08:00:00,42.9,0,8.5,0.39,0.86,2.7,0.664,98.33,2.2,4.1,2.8,0,0.08
2023-04-24 09:00:00,94.8,0,0.4,0.73,1.95,5.2,0.688,98.35,3.9,6.6,5.3,0,0.2
2023-04-24 10:00:00,146.2,0,2,0.66,2.06,6.3,0.663,98.37,5.1,7,7.6,0,0.29
2023-04-24 11:00:00,139.2,0,56.5,0.69,2.63,6.2,0.614,98.4,5.4,6.9,7.6,0,0.33
2023-04-24 12:00:00,85.1,0.17,10.2,0.66,2.22,5.4,0.625,98.46,3.8,7,7.1,1.2,0.27
2023-04-24 13:00:00,159.6,0.255,18.5,0.81,2.73,5.4,0.684,98.44,4.1,7.9,5.9,1.2,0.21
2023-04-24 14:00:00,105.1,0.017,21.3,0.56,2.19,7.5,0.59,98.44,7,8.4,8.3,1.2,0.44
2023-04-24 15:00:00,133.5,0,341.1,0.75,2.52,6.4,0.617,98.47,5,8.2,7.6,0,0.34
2023-04-24 16:00:00,181.4,0,357.5,0.88,2.73,7.6,0.598,98.44,6.7,8.6,9.1,0,0.45
2023-04-24 17:00:00,70.7,0,338,0.86,2.27,7.8,0.596,98.46,6,8.7,8.8,0,0.46
2023-04-24 18:00:00,45.2,0,29.3,0.66,1.51,5.8,0.659,98.51,5,6.5,6.6,0,0.26
2023-04-24 19:00:00,24.9,0,284.4,0.46,1.97,6.3,0.617,98.54,5.5,6.7,6.5,0,0.34
2023-04-24 20:00:00,8,0,26.4,0.45,1.94,5.2,0.628,98.57,4.6,5.8,5.6,0,0.26
2023-04-24 21:00:00,0,0,127.4,0.37,0.94,4.1,0.628,98.6,3.3,4.8,4.4,0,0.19
2023-04-24 22:00:00,0,0,79.2,0.41,0.77,2.9,0.628,98.61,2.5,3.4,3.2,0,0.12
2023-04-24 23:00:00,0,0,16.9,0.47,0.92,2.4,0.631,98.61,2.2,2.6,2.5,0,0.09
2023-04-25 00:00:00,0,0,21.1,0.36,1.13,1.9,0.627,98.58,1.7,2.3,2,0,0.07
2023-04-25 01:00:00,0,0,359.9,0.39,1.03,1.8,0.633,98.58,1.5,2.1,1.9,0,0.06
2023-04-25 02:00:00,0,0,117.7,0.31,0.67,1,0.605,98.57,0.5,1.5,1.2,0,0.05
2023-04-25 03:00:00,0,0,289.8,0.4,1.15,0.1,0.574,98.55,-0.4,0.5,0.3,0,0.04
2023-04-25 04:00:00,0,0,345.5,0.74,1.09,-0.6,0.553,98.57,-0.8,-0.2,-0.4,0,0.03
2023-04-25 05:00:00,0,0,5.4,0.75,1.14,-0.9,0.542,98.58,-1,-0.7,-0.9,0,0.03
2023-04-25 06:00:00,0,0,39.1,0.51,1.04,-1.1,0.537,98.6,-1.2,-0.9,-1.1,0,0.03
2023-04-25 07:00:00,3.4,0,76.2,0.36,0.7,-1.3,0.532,98.6,-1.4,-1.2,-1.3,0,0.02
2023-04-25 08:00:00,51.8,0,27.3,0.82,1.52,-0.7,0.557,98.65,-1.4,0.4,-0.7,0,0.02
2023-04-25 09:00:00,99.7,0,44.3,0.71,1.76,1.6,0.652,98.7,0.1,3.9,1.6,0,0.04
2023-04-25 10:00:00,134.6,0,36.2,0.94,2.31,5.1,0.71,98.75,3.7,6.8,5.2,0,0.17
2023-04-25 11:00:00,259.9,0,15.5,1.02,2.81,7.2,0.617,98.75,6,8.8,8.4,0,0.4
2023-04-25 12:00:00,294.7,0,33,1.31,4.44,8.7,0.543,98.73,7.4,9.9,11.3,0,0.58
2023-04-25 13:00:00,153.9,0,34.6,0.83,2.71,9.1,0.497,98.7,8.3,10.4,10.6,0,0.66
2023-04-25 14:00:00,197.4,0,55,0.87,2.97,10,0.473,98.65,8.6,11.3,11.5,0,0.75
2023-04-25 15:00:00,159.3,0,27.4,1.02,2.88,10.8,0.461,98.61,9.7,12.1,12,0,0.84
2023-04-25 16:00:00,268.9,0,22.5,1.16,3.3,11.6,0.459,98.56,10.6,12.6,13.6,0,0.91
2023-04-25 17:00:00,75.8,0,359.7,0.89,2.61,11.9,0.453,98.52,11.3,12.4,12.6,0,0.94
2023-04-25 18:00:00,59.3,0,1,0.77,2.34,12.1,0.46,98.5,11.8,12.4,12.4,0,0.95
2023-04-25 19:00:00,34,0,9,0.65,1.48,12,0.47,98.48,11.7,12.2,12.2,0,0.93
2023-04-25 20:00:00,5.7,0,29.8,0.42,1.1,11.4,0.485,98.47,10.8,11.9,11.5,0,0.86
2023-04-25 21:00:00,0,0,151.7,0.4,0.87,10.2,0.55,98.51,9.6,10.9,10.3,0,0.69
2023-04-25 22:00:00,0,0,291.7,0.47,1.31,9.4,0.585,98.54,8.8,9.9,9.4,0,0.59
2023-04-25 23:00:00,0,0,358.7,0.67,1.53,8.8,0.62,98.53,8.5,9.3,8.8,0,0.51
2023-04-26 00:00:00,0,0,6.4,0.46,1.15,7.9,0.622,98.5,6.8,8.7,8.1,0,0.44
2023-04-26 01:00:00,0,0,313.1,0.3,0.87,6.4,0.625,98.48,5.8,6.9,6.7,0,0.33
2023-04-26 02:00:00,0,0,355.4,0.54,0.89,5.2,0.606,98.47,4.6,5.8,5.5,0,0.28
2023-04-26 03:00:00,0,0,252.1,0.25,0.82,4.2,0.598,98.43,3.6,4.7,4.4,0,0.22
2023-04-26 04:00:00,0,0,5.8,0.19,0.44,3.1,0.587,98.4,2.6,3.6,3.3,0,0.18
2023-04-26 05:00:00,0,0,356.9,0.34,0.77,2.2,0.58,98.39,1.8,2.6,2.4,0,0.14
2023-04-26 06:00:00,0,0,318.3,0.32,0.69,1.5,0.573,98.39,1.3,1.8,1.6,0,0.11
2023-04-26 07:00:00,2,0,345.8,0.28,0.88,1.7,0.593,98.44,1.4,1.9,1.5,0,0.1
2023-04-26 08:00:00,45.7,0,32.7,0.48,1.38,2.8,0.635,98.49,1.8,5.8,2.4,0,0.11
2023-04-26 09:00:00,76.5,0,85.4,0.61,1.79,6.3,0.718,98.55,4.5,8.4,5.6,0,0.24
2023-04-26 10:00:00,74.9,0,23.1,0.59,2.65,8.1,0.714,98.56,7.7,9.3,8.2,0,0.37
2023-04-26 11:00:00,225.5,0,48.4,0.88,2.34,10.1,0.723,98.54,8.7,12.1,10.9,0,0.51
2023-04-26 12:00:00,193.7,0,25.2,1.41,2.52,11.8,0.686,98.54,11,12.7,13.4,0,0.7
2023-04-26 13:00:00,163,0,10.5,0.92,3.03,12.6,0.673,98.51,11.8,13.6,13.9,0,0.79
2023-04-26 14:00:00,152.2,0,59.6,0.75,4.54,13.2,0.677,98.49,12.2,14.3,14.4,0,0.84
2023-04-26 15:00:00,91.9,0,79.4,0.62,3.35,13.1,0.689,98.48,12.6,13.6,14.2,0,0.82
2023-04-26 16:00:00,154.4,0,167.2,0.7,3.55,13.2,0.704,98.46,12.5,13.9,14.3,0,0.81
2023-04-26 17:00:00,80.2,0,128.4,0.68,3.09,13.4,0.691,98.45,12.9,14.1,13.9,0,0.85
2023-04-26 18:00:00,28.1,0,226,0.63,2.72,13.1,0.687,98.45,12.4,13.7,13.5,0,0.82
2023-04-26 19:00:00,28.7,0,249.3,0.66,2.25,12.7,0.646,98.45,12.5,12.9,12.7,0,0.82
2023-04-26 20:00:00,5.6,0,6.9,0.55,2.04,12.1,0.605,98.44,11,12.8,12.2,0,0.81
2023-04-26 21:00:00,0,0,345.8,0.5,1.15,9.5,0.646,98.47,8.1,11.2,10.3,0,0.54
2023-04-26 22:00:00,0,0,326.6,0.3,1.06,7.2,0.639,98.47,6.2,8.2,7.8,0,0.38
2023-04-26 23:00:00,0,0,339.2,0.58,1.15,5.6,0.627,98.49,4.8,6.4,6,0,0.29
2023-04-27 00:00:00,0,0,22,0.48,1.54,4.8,0.618,98.5,4.5,6.7,4.9,0,0.24
2023-04-27 01:00:00,0,0,35.9,0.35,1.18,4.7,0.614,98.53,4.3,5.6,4.7,0,0.24
2023-04-27 02:00:00,0,0,163.7,0.28,1.05,4.1,0.603,98.53,3.5,5,4.2,0,0.21
2023-04-27 03:00:00,0,0,29.8,0.22,0.83,3.1,0.584,98.48,2.6,3.7,3.3,0,0.18
2023-04-27 04:00:00,0,0,27.6,0.3,0.69,2.3,0.562,98.43,2,2.7,2.5,0,0.16
2023-04-27 05:00:00,0,0,342.8,0.41,0.91,1.6,0.548,98.44,1.2,2.1,1.8,0,0.14
2023-04-27 06:00:00,0,0,327.4,0.22,1.06,0.9,0.537,98.5,0.6,1.4,1.1,0,0.12
2023-04-27 07:00:00,3.1,0,53.3,0.32,0.68,0.4,0.527,98.53,0.1,0.7,0.5,0,0.1
2023-04-27 08:00:00,55.1,0,40.2,0.46,1.32,0.9,0.552,98.53,0.1,2.6,1.1,0,0.1
2023-04-27 09:00:00,128.1,0,79.3,0.64,2.18,4.7,0.629,98.57,1.9,7.4,4.5,0,0.23
2023-04-27 10:00:00,132.9,0,53.3,0.96,3.23,8.4,0.639,98.56,6.8,9.9,8.9,0,0.46
2023-04-27 11:00:00,233.3,0,93.4,0.88,3.13,10.6,0.639,98.54,9.2,12.4,11.4,0,0.64
2023-04-27 12:00:00,258.4,0,74.8,1,4.14,12.6,0.571,98.52,11.4,14.1,14.6,0,0.89
2023-04-27 13:00:00,213.5,0,43.8,0.89,2.85,13.9,0.584,98.45,12.7,15.3,15.4,0,1
2023-04-27 14:00:00,169.5,0,28,0.95,3.07,15.3,0.579,98.37,14.3,16.3,16.5,0,1.16
2023-04-27 15:00:00,141.3,0,35.5,0.84,3.07,16.2,0.531,98.29,15.5,16.8,17,0,1.31
2023-04-27 16:00:00,136.1,0,72.1,0.62,2.3,16.8,0.49,98.23,16.3,17.4,17.7,0,1.42
2023-04-27 17:00:00,80.8,0,100.2,0.55,1.8,17.5,0.446,98.15,17,17.8,17.9,0,1.55
2023-04-27 18:00:00,48.3,0,141.5,0.46,1.63,17.8,0.444,98.07,17.1,18.2,17.8,0,1.59
2023-04-27 19:00:00,26,0,154.8,0.39,1.92,17.9,0.43,97.98,17.2,18.3,17.7,0,1.62
2023-04-27 20:00:00,7.4,0,358.8,0.41,0.98,16.6,0.533,97.95,14.8,18.1,17,0,1.36
2023-04-27 21:00:00,0,0,351.3,0.37,1.09,13.5,0.647,97.93,12.2,14.9,14.3,0,0.9
2023-04-27 22:00:00,0,0,7,0.71,1.97,12,0.716,97.93,11.2,13.8,12.2,0,0.68
2023-04-27 23:00:00,0,0,53.8,0.64,1.86,12.8,0.827,97.93,11.6,14.9,12.3,0,0.65
2023-04-28 00:00:00,0,0,111.4,0.57,1.44,13.5,0.933,97.91,12.3,14.9,13.1,0,0.62
2023-04-28 01:00:00,0,0,126.3,0.53,1.28,13.4,0.996,97.87,12.5,14.5,13.3,0,0.54
2023-04-28 02:00:00,0,0,8.8,0.55,1.21,12.6,1.023,97.86,12,13.2,12.7,0,0.43
2023-04-28 03:00:00,0,0,35.2,0.55,1.12,11.8,1.038,97.82,11.4,12.3,11.9,0,0.35
2023-04-28 04:00:00,0,0,64,0.5,1.57,11.9,1.082,97.76,11.1,13.2,11.6,0,0.31
2023-04-28 05:00:00,0,0,50,0.61,1.63,12.9,1.161,97.71,11.9,14,12.5,0,0.33
2023-04-28 06:00:00,0,0,68.4,0.61,1.73,13.2,1.22,97.66,12.2,14.1,13,0,0.3
2023-04-28 07:00:00,0,1.209,95.2,0.46,0.96,12,1.279,97.65,11.7,12.7,12.2,3,0.13
2023-04-28 08:00:00,0,2.923,137.4,0.68,2.26,11.8,1.303,97.67,11.6,12.1,11.7,6,0.08
2023-04-28 09:00:00,3.5,2.787,150.2,0.86,2.87,11.7,1.318,97.65,11.3,11.9,11.4,9,0.05
2023-04-28 10:00:00,23.2,1.702,126.5,0.64,2.44,11.3,1.304,97.63,11.2,11.5,11.2,4.2,0.03
2023-04-28 11:00:00,29.2,0.323,138.4,0.79,3.22,11.4,1.318,97.57,11.2,11.7,11.2,1.8,0.03
2023-04-28 12:00:00,51.3,0.068,136.7,0.94,3.95,11.5,1.337,97.58,11.4,11.8,11.4,1.2,0.02
2023-04-28 13:00:00,84.1,0.034,146.9,1.01,3.32,12.1,1.389,97.51,11.6,12.6,12,1.8,0.02
2023-04-28 14:00:00,56.8,0.17,123.5,0.67,2.39,12.4,1.413,97.47,12.3,12.8,12.4,1.8,0.03
2023-04-28 15:00:00,43.5,0.289,122.9,0.66,3.53,12.4,1.416,97.45,12.2,12.6,12.3,1.2,0.02
2023-04-28 16:00:00,72.2,0.017,117.4,0.72,2.3,12.5,1.428,97.41,12.2,12.9,12.5,1.2,0.02
2023-04-28 17:00:00,46.1,0,103.4,0.76,4.24,12.9,1.414,97.38,12.6,13.2,12.8,0,0.07
2023-04-28 18:00:00,32.9,0,83.8,0.77,1.85,12.8,1.303,97.38,12.5,13.1,12.7,0,0.17
2023-04-28 19:00:00,25.9,0,128.4,0.64,2.02,12.5,1.274,97.36,12.4,12.6,12.5,0,0.17
2023-04-28 20:00:00,0.5,0,108.5,0.64,2.63,12.5,1.219,97.37,12.3,12.9,12.2,0,0.23
2023-04-28 21:00:00,0,0,121.8,0.56,1.85,12.2,1.15,97.4,11.8,12.5,12,0,0.27
2023-04-28 22:00:00,0,0,116.4,0.64,2.05,11.8,1.109,97.45,11.4,12.1,11.6,0,0.27
2023-04-28 23:00:00,0,0.34,115.7,0.45,1.41,10.7,1.139,97.44,10.1,11.4,10.8,3,0.15
2023-04-29 00:00:00,0,0.409,90,0.53,1.22,9.9,1.133,97.34,9.6,10.3,9.9,3,0.08
2023-04-29 01:00:00,0,0.051,115.2,0.41,0.96,9.5,1.125,97.27,9.4,9.7,9.4,1.2,0.06
2023-04-29 02:00:00,0,0,99.5,0.41,1.07,9.4,1.122,97.2,9.3,9.5,9.2,0,0.06
2023-04-29 03:00:00,0,0,88.4,0.41,0.74,9.3,1.141,97.14,9.2,9.5,9.2,0,0.03
2023-04-29 04:00:00,0,0,106.6,0.44,0.78,9.3,1.153,97.11,9.2,9.5,9.2,0,0.02
2023-04-29 05:00:00,0,0,114.1,0.42,0.81,9.3,1.161,97.14,9.2,9.4,9.2,0,0.01
2023-04-29 06:00:00,0,0,117.9,0.42,0.76,9.4,1.174,97.17,9.3,9.6,9.3,0,0.01
2023-04-29 07:00:00,0,0,115.7,0.45,0.78,9.6,1.186,97.2,9.5,9.7,9.4,0,0.01
2023-04-29 08:00:00,2,0,123.5,0.43,0.75,9.8,1.207,97.21,9.6,10,9.6,0,0
2023-04-29 09:00:00,13.4,0,103.6,0.5,2.95,10.3,1.246,97.22,9.9,10.7,10.1,0,0.01
2023-04-29 10:00:00,21.6,0.051,59,0.49,1.02,11,1.304,97.22,10.6,11.2,10.8,1.2,0
2023-04-29 11:00:00,54.2,0.017,34.6,0.69,1.5,11.7,1.355,97.23,11,12.3,11.6,1.2,0.02
2023-04-29 12:00:00,48,0.051,81,0.48,3.19,12,1.354,97.24,11.6,12.5,12.1,1.2,0.05
2023-04-29 13:00:00,64.3,0.136,47.5,0.76,2.01,12.7,1.358,97.19,12,13.3,12.7,3,0.11
2023-04-29 14:00:00,34.1,0,39.4,0.67,1.97,13,1.328,97.12,12.8,13.4,12.9,0,0.16
2023-04-29 15:00:00,43.9,0,41.1,0.6,2.16,13.2,1.303,97.1,12.9,13.7,13.1,0,0.21
2023-04-29 16:00:00,22.9,0,9.2,0.45,1.71,13.3,1.287,97.11,13,13.8,13.2,0,0.24
2023-04-29 17:00:00,44.8,0,32.1,0.43,2.05,13.6,1.295,97.11,13.2,14,13.5,0,0.26
2023-04-29 18:00:00,29.4,0,160.9,0.34,1.15,13.9,1.302,97.08,13.7,14.2,13.8,0,0.29
2023-04-29 19:00:00,24,0,136.2,0.27,0.86,14.3,1.305,97.02,14,14.5,14.1,0,0.32
2023-04-29 20:00:00,1.4,0,6.1,0.3,0.69,13.7,1.324,97.02,13.1,14.2,13.8,0,0.24
2023-04-29 21:00:00,0,0,32.4,0.52,0.98,12.7,1.307,97,12.2,13.2,12.9,0,0.16
2023-04-29 22:00:00,0,0,80.2,0.34,0.62,11.9,1.298,96.98,11.6,12.4,12,0,0.1
2023-04-29 23:00:00,0,0,133,0.24,0.76,11.5,1.311,96.93,11.4,11.6,11.6,0,0.05
2023-04-30 00:00:00,0,0,4.1,0.39,0.75,11.3,1.311,96.87,11.2,11.5,11.3,0,0.03
2023-04-30 01:00:00,0,0,23.5,0.4,3.09,11.2,1.296,96.81,11,11.4,11.2,0,0.03
2023-04-30 02:00:00,0,0,30.7,0.39,1.09,11,1.273,96.74,10.8,11.4,11,0,0.04
2023-04-30 03:00:00,0,0,39.1,0.47,1.14,10.9,1.27,96.62,10.6,11.4,10.9,0,0.04
2023-04-30 04:00:00,0,0,29.9,0.57,1.06,10.2,1.225,96.51,9.8,10.7,10.4,0,0.02
2023-04-30 05:00:00,0,0,54.4,0.38,0.58,9.7,1.189,96.45,9.6,9.9,9.8,0,0.02
2023-04-30 06:00:00,0,0.051,51,0.45,0.67,9.8,1.202,96.39,9.7,10.1,9.7,1.2,0.01
2023-04-30 07:00:00,0,0.102,54.9,0.4,0.62,10,1.226,96.31,9.9,10.2,9.9,1.2,0
2023-04-30 08:00:00,1.4,0.017,70.9,0.35,0.7,10.3,1.25,96.22,10.1,10.5,10.1,1.2,0
2023-04-30 09:00:00,14.6,0,58.1,0.41,3.23,10.8,1.292,96.16,10.4,11.4,10.6,0,0
2023-04-30 10:00:00,42.2,0,43.9,0.48,0.88,11.7,1.373,96.06,11.2,12.4,11.5,0,0
2023-04-30 11:00:00,25.3,0.034,17.6,0.21,0.76,12.6,1.462,95.99,12.2,12.8,12.6,1.2,0
2023-04-30 12:00:00,32.8,0.8,157.8,0.34,1.58,12.9,1.483,95.95,12.6,13.2,12.8,3,0
2023-04-30 13:00:00,30,0.017,141.2,0.3,0.69,13.3,1.523,95.9,13.1,13.5,13.3,1.2,0
2023-04-30 14:00:00,47.7,0.034,105.7,0.29,0.92,13.3,1.51,95.85,13.1,13.5,13.4,1.2,0.01
2023-04-30 15:00:00,17.4,0,48.1,0.35,3.07,12.5,1.375,95.83,11.2,13.7,13,0,0.07
2023-04-30 16:00:00,45.3,0,139.4,0.36,1.1,11.4,1.233,95.84,11.1,11.6,11.8,0,0.11
2023-04-30 17:00:00,22.6,0,176.8,0.47,5.14,11.2,1.131,95.91,10.6,11.7,11.4,0,0.2
2023-04-30 18:00:00,35.7,0,175,0.47,1.9,10.7,1.024,96,10.5,10.8,10.9,0,0.26
2023-04-30 19:00:00,20.2,0,158.1,0.42,0.83,10.7,0.985,96.01,10.5,10.8,10.8,0,0.3
2023-04-30 20:00:00,3.5,0,35.9,0.35,0.99,10.2,0.982,96.01,9.7,10.6,10.4,0,0.26
2023-04-30 21:00:00,0,0,28.8,0.64,1.17,9.3,1.019,96,8.7,9.8,9.6,0,0.15
2023-04-30 22:00:00,0,0,48.8,0.2,0.83,8.4,1.005,95.99,7.9,9,8.7,0,0.1
2023-04-30 23:00:00,0,0,10.2,0.27,0.87,7.5,0.965,95.98,7.1,8,7.8,0,0.07
2023-05-01 00:00:00,0,0,110.2,0.24,0.99,7.7,0.9,95.95,7.2,8.1,7.5,0,0.15
2023-05-01 01:00:00,0,0,41.3,0.21,2.58,7.4,0.87,95.93,6.9,7.9,7.6,0,0.16
2023-05-01 02:00:00,0,0,8.1,0.49,1.66,6.8,0.845,95.91,6.6,7,6.8,0,0.14
2023-05-01 03:00:00,0,0,348,0.54,1.44,6.5,0.839,95.87,6.3,6.8,6.6,0,0.13
2023-05-01 04:00:00,0,0,9.1,0.56,1.72,6.4,0.819,95.82,6.3,6.5,6.4,0,0.14
2023-05-01 05:00:00,0,0,8.4,0.77,2.45,6,0.813,95.81,5.3,6.5,6.2,0,0.12
2023-05-01 06:00:00,0,0.068,16.8,0.37,1.76,5.2,0.815,95.77,5,5.5,5.4,1.2,0.07
2023-05-01 07:00:00,0.2,0.051,18.6,0.52,1.82,4.9,0.793,95.76,4.6,5.2,5,1.2,0.07
2023-05-01 08:00:00,10,0,45.4,0.68,1.49,4.8,0.785,95.76,4.6,5.1,4.8,0,0.08
2023-05-01 09:00:00,21.2,0.034,31.3,0.73,2.23,5.2,0.807,95.75,5,5.6,5.1,1.2,0.08
2023-05-01 10:00:00,31.5,0.051,29.1,0.82,3.39,5.4,0.825,95.71,5.2,5.7,5.5,1.2,0.07
2023-05-01 11:00:00,65.7,0.119,6.4,0.88,2.22,5.7,0.852,95.73,4.9,6.4,6,1.2,0.07
2023-05-01 12:00:00,123.2,0.051,26.6,0.97,3.9,6.7,0.858,95.74,5.4,8,7,1.2,0.12
2023-05-01 13:00:00,84.4,0.034,13.5,0.54,2.17,7.7,0.888,95.73,6.1,8.5,8.3,1.2,0.16
2023-05-01 14:00:00,100.1,0.085,26.9,0.82,1.94,8.1,0.902,95.71,6.5,9.5,8.8,1.2,0.18
2023-05-01 15:00:00,80.1,0.085,17.2,0.61,2.07,7.8,0.912,95.76,6.8,8.5,8.6,1.2,0.14
2023-05-01 16:00:00,49.9,0.153,12.5,0.85,3.2,6.7,0.876,95.8,6,7.3,7.5,1.2,0.1
2023-05-01 17:00:00,45.6,0.051,22,1.04,2.98,6.4,0.87,95.79,5.9,7,6.7,1.2,0.09
2023-05-01 18:00:00,26,0.272,19.3,1.02,2.73,6,0.872,95.84,5.4,6.9,6.5,1.8,0.06
2023-05-01 19:00:00,18.7,0.238,25.8,0.74,5.87,5.4,0.842,95.87,5.2,5.6,5.7,3,0.05
2023-05-01 20:00:00,3.1,0,6.4,0.49,2.22,5.3,0.828,95.86,5.2,5.5,5.4,0,0.06
2023-05-01 21:00:00,0,0.221,18.8,0.48,1.82,5.2,0.819,95.89,4.4,5.5,5.2,1.8,0.06
2023-05-01 22:00:00,0,0.051,62.6,0.38,1.29,4.2,0.784,95.94,3.9,4.5,4.4,1.2,0.04
2023-05-01 23:00:00,0,0,84.8,0.36,1.18,4.2,0.789,95.94,4,4.4,4.2,0,0.04
2023-05-02 00:00:00,0,0,96.6,0.38,1,4.3,0.785,95.89,4.1,4.6,4.2,0,0.05
2023-05-02 01:00:00,0,0.034,72.6,0.42,3.18,4.5,0.784,95.86,4.2,4.7,4.4,1.2,0.06
2023-05-02 02:00:00,0,0.357,62,0.37,1.71,3.8,0.765,95.86,3.4,4.3,4,1.8,0.03
2023-05-02 03:00:00,0,0.391,1.8,0.62,2.23,3.1,0.737,95.84,2.9,3.5,3.3,1.8,0.03
2023-05-02 04:00:00,0,0.323,354.6,0.86,1.79,3,0.733,95.83,2.9,3.2,3,1.8,0.03
2023-05-02 05:00:00,0,0.885,6.9,0.93,1.8,3,0.74,95.85,2.9,3.2,3,3,0.02
2023-05-02 06:00:00,0,0.596,8.3,0.91,1.86,3,0.743,95.87,2.8,3.1,2.9,1.8,0.01
2023-05-02 07:00:00,0,0.187,12.9,0.85,1.93,3,0.745,95.9,2.9,3.2,2.9,1.2,0.01
2023-05-02 08:00:00,10.3,0.068,11.8,0.9,1.75,3.2,0.759,95.93,3,3.5,3.1,1.2,0.01
2023-05-02 09:00:00,21.4,0.085,4.1,0.96,1.69,3.6,0.782,95.98,3.3,3.9,3.5,1.2,0.01
2023-05-02 10:00:00,52.4,0.068,19,0.58,1.9,4,0.806,96.01,3.7,4.6,4.1,1.2,0.01
2023-05-02 11:00:00,81.9,0.017,37.8,0.52,2.19,4.8,0.831,96.05,4.3,5.3,5.1,1.2,0.03
2023-05-02 12:00:00,94.6,0.119,23.9,0.91,2.47,5.5,0.845,96.08,4.8,6.3,6.1,1.2,0.06
2023-05-02 13:00:00,80.7,0.46,10.7,0.68,1.9,4.9,0.836,96.11,4.2,5.6,5.6,4.2,0.03
2023-05-02 14:00:00,82.3,0.085,4.3,0.83,2.07,5.9,0.866,96.14,5.3,6.2,6.3,1.2,0.06
2023-05-02 15:00:00,55.8,0,17.7,0.74,2.06,6.1,0.847,96.18,5.7,6.5,6.3,0,0.09
2023-05-02 16:00:00,58.9,0.017,16.6,0.67,2.02,6.7,0.856,96.22,6.4,7.1,6.8,1.2,0.12
2023-05-02 17:00:00,45.5,0,355.5,0.65,2.2,7,0.836,96.25,6.8,7.1,7.2,0,0.16
2023-05-02 18:00:00,23.2,0.068,16.3,0.7,2.26,6.3,0.843,96.32,5.4,7,6.8,1.2,0.11
2023-05-02 19:00:00,14,0.272,5.9,0.55,1.56,5.4,0.85,96.39,5.1,5.8,5.8,1.2,0.05
2023-05-02 20:00:00,0.3,0.272,33.9,0.44,1.02,4.8,0.825,96.43,4.5,5.2,5.1,1.8,0.04
2023-05-02 21:00:00,0,0.834,88.4,0.33,1.12,4.5,0.82,96.46,4.4,4.7,4.6,4.2,0.02
2023-05-02 22:00:00,0,0.289,122.8,0.31,1.22,4.4,0.822,96.49,4.2,4.5,4.4,1.8,0.02
2023-05-02 23:00:00,0,0.289,48.4,0.31,1.03,4,0.8,96.49,3.8,4.3,4.1,1.8,0.01
2023-05-03 00:00:00,0,0.153,344.6,0.54,1.32,3.7,0.781,96.44,3.5,3.9,3.8,1.2,0.01
2023-05-03 01:00:00,0,0.034,358.9,0.57,1.43,3.5,0.774,96.41,3.4,3.6,3.6,1.2,0.01
2023-05-03 02:00:00,0,0.051,4.6,0.68,1.34,3.4,0.771,96.36,3.3,3.6,3.4,1.2,0.01
2023-05-03 03:00:00,0,0.051,11.7,0.75,1.38,3.4,0.769,96.33,3.3,3.5,3.3,1.2,0.01
2023-05-03 04:00:00,0,0.051,8.4,0.81,1.61,3.3,0.768,96.32,3.1,3.5,3.3,1.2,0
2023-05-03 05:00:00,0,0.034,12.5,0.69,1.22,3.1,0.76,96.32,3,3.3,3.1,1.2,0
2023-05-03 06:00:00,0,0.068,15.1,0.75,1.21,3,0.758,96.33,2.9,3.2,3,1.2,0
2023-05-03 07:00:00,0,0.051,16.1,0.77,1.29,3,0.758,96.38,2.9,3.2,3,1.2,0
2023-05-03 08:00:00,15.4,0.068,11.2,0.8,1.49,3.2,0.766,96.46,2.9,3.4,3.1,1.2,0
2023-05-03 09:00:00,38.9,0.034,359.7,0.85,1.58,3.5,0.782,96.52,3.1,4,3.5,1.2,0
2023-05-03 10:00:00,74.5,0.017,35.4,0.47,1.72,4.2,0.821,96.58,3.6,5.4,4.4,1.2,0
2023-05-03 11:00:00,78,0.102,41.2,0.48,1.29,4.3,0.828,96.64,3.4,5.1,4.9,1.2,0
2023-05-03 12:00:00,75.1,0,5.2,0.57,1.56,5.3,0.864,96.68,4.8,6,5.5,0,0.02
2023-05-03 13:00:00,87.5,0.017,5.8,0.87,3.37,5.5,0.848,96.71,5,6.2,6,1.2,0.06
2023-05-03 14:00:00,116.9,0,347.8,0.83,2.48,6.3,0.878,96.73,5.2,7.1,7,0,0.07
2023-05-03 15:00:00,66.8,0.034,355.7,0.72,2.17,6.4,0.864,96.77,6.1,6.8,7,1.2,0.1
2023-05-03 16:00:00,86.2,0.034,13.9,0.78,2.16,6.8,0.891,96.77,6.2,7.3,7.3,1.2,0.1
2023-05-03 17:00:00,66.9,0.153,230.6,0.59,2.13,7.1,0.917,96.82,6.4,7.6,7.4,3,0.09
2023-05-03 18:00:00,40.2,0.17,155.6,0.47,2.56,7.3,0.947,96.9,6.8,7.7,7.5,1.8,0.08
2023-05-03 19:00:00,24.7,0.102,184.2,0.36,1.26,7.6,0.959,96.99,7.2,7.9,7.7,1.2,0.08
2023-05-03 20:00:00,5.7,0.017,325.9,0.32,0.79,7.1,0.965,97.06,6.9,7.4,7.2,1.2,0.04
2023-05-03 21:00:00,0,0.034,358,0.45,1.02,7,0.981,97.11,6.8,7.1,6.9,1.2,0.02
2023-05-03 22:00:00,0,0,13.8,0.42,0.93,6.9,0.981,97.17,6.8,7.1,6.8,0,0.02
2023-05-03 23:00:00,0,0.017,21.3,0.52,1.27,6.8,0.984,97.23,6.7,7,6.8,1.2,0.01
2023-05-04 00:00:00,0,0.034,22.3,0.59,1.25,6.9,0.988,97.24,6.8,7,6.8,1.2,0
2023-05-04 01:00:00,0,0.017,12,0.51,1.42,7,0.996,97.27,6.8,7.1,6.9,1.2,0
2023-05-04 02:00:00,0,0.238,8.3,0.41,1.22,7,0.995,97.31,6.9,7.1,6.9,1.8,0.01
2023-05-04 03:00:00,0,0.102,51,0.27,0.9,6.9,0.993,97.35,6.9,7,6.8,1.2,0
2023-05-04 04:00:00,0,0,39.2,0.32,0.75,6.9,0.992,97.4,6.8,7,6.8,0,0
2023-05-04 05:00:00,0,0.017,19,0.39,0.6,6.8,0.99,97.46,6.8,6.9,6.8,1.2,0
2023-05-04 06:00:00,0,0,15.7,0.4,0.65,6.9,0.995,97.52,6.8,7,6.8,0,0
2023-05-04 07:00:00,0.2,0,29.7,0.35,0.63,6.9,0.997,97.58,6.9,7,6.8,0,0
2023-05-04 08:00:00,3.3,0,23.3,0.39,0.91,7.1,1.01,97.67,7,7.3,7,0,0
2023-05-04 09:00:00,23.7,0,7.3,0.54,1.21,7.6,1.035,97.74,7.2,8,7.4,0,0.01
2023-05-04 10:00:00,39.2,0,282.6,0.36,1.14,8.3,1.051,97.8,7.9,8.7,8.2,0,0.04
2023-05-04 11:00:00,78,0,42.5,0.58,1.67,9.2,1.063,97.85,8.5,10.1,9.3,0,0.1
2023-05-04 12:00:00,101.8,0,20.9,0.77,2.57,10.5,1.069,97.9,9.8,11.1,10.7,0,0.2
2023-05-04 13:00:00,94.4,0,118.7,0.47,2.31,11.2,1.073,97.91,10.8,11.9,11.7,0,0.26
2023-05-04 14:00:00,85.8,0,40.9,0.54,1.78,11.9,1.036,97.93,11.2,12.3,12.1,0,0.35
2023-05-04 15:00:00,92.4,0,5.6,0.73,2.34,12.5,1.024,97.96,12,12.9,12.9,0,0.43
2023-05-04 16:00:00,106.8,0,319.3,0.6,2.18,12.7,0.993,97.99,11.9,13.6,13.3,0,0.48
2023-05-04 17:00:00,61.3,0,345.2,0.6,1.83,12.5,0.986,98.02,12,13.1,13.2,0,0.47
2023-05-04 18:00:00,45.6,0,347,0.56,1.97,12.5,0.932,98.07,12.3,13,12.7,0,0.52
2023-05-04 19:00:00,18.4,0,46,0.34,1.55,12,0.891,98.12,11.7,12.5,12.2,0,0.51
2023-05-04 20:00:00,7.7,0,116.4,0.33,0.69,11.6,0.929,98.14,11.2,12,11.6,0,0.43
2023-05-04 21:00:00,0,0,125.4,0.34,0.84,10.5,0.98,98.19,9.8,11.2,10.8,0,0.29
2023-05-04 22:00:00,0,0,17.5,0.54,1.03,9.1,0.975,98.25,8.1,9.9,9.5,0,0.18
2023-05-04 23:00:00,0,0,348.7,0.26,0.79,7.3,0.918,98.31,6.5,8.3,7.9,0,0.11
2023-05-05 00:00:00,0,0,9.3,0.58,1.01,5.9,0.869,98.32,5.3,6.6,6.4,0,0.06
2023-05-05 01:00:00,0,0,17.3,0.38,0.69,5,0.833,98.35,4.6,5.4,5.4,0,0.04
2023-05-05 02:00:00,0,0,73.8,0.3,3.52,4.4,0.804,98.36,4,4.7,4.6,0,0.03
2023-05-05 03:00:00,0,0,54.1,0.28,0.78,3.8,0.781,98.37,3.5,4.1,4,0,0.02
2023-05-05 04:00:00,0,0,2.2,0.55,1.1,3.3,0.759,98.38,3,3.6,3.5,0,0.01
2023-05-05 05:00:00,0,0,10.5,0.67,1.08,2.8,0.735,98.37,2.5,3.1,3,0,0.01
2023-05-05 06:00:00,0,0,20.7,0.78,1.04,2.4,0.714,98.42,2.1,2.7,2.6,0,0.01
2023-05-05 07:00:00,4.4,0,79.3,0.49,0.94,2,0.696,98.5,1.8,2.2,2.2,0,0.01
2023-05-05 08:00:00,52.3,0,30.1,0.66,1.13,2.6,0.728,98.62,1.9,4,2.8,0,0.01
2023-05-05 09:00:00,101.2,0,51.4,0.53,1.19,5.5,0.876,98.71,3.5,8,5.3,0,0.03
2023-05-05 10:00:00,124,0,47.4,0.93,2.15,10.2,1.085,98.76,7.8,12.1,9.7,0,0.16
2023-05-05 11:00:00,109.5,0,32.3,0.88,2.58,13.1,1.044,98.78,11.9,14.2,13.1,0,0.46
2023-05-05 12:00:00,220.6,0,38.9,0.65,1.98,14.4,0.935,98.8,13,15.4,15.7,0,0.7
2023-05-05 13:00:00,122.7,0,30.9,0.72,1.89,15.3,0.834,98.76,14.3,16.1,16.2,0,0.91
2023-05-05 14:00:00,88.4,0,30.1,0.55,2.74,15.6,0.79,98.74,14.6,16.8,16.2,0,0.99
2023-05-05 15:00:00,79.5,0,33.6,0.82,3.18,16.4,0.743,98.7,15.8,17.2,16.6,0,1.12
2023-05-05 16:00:00,77.3,0,316.3,0.53,2.01,16.5,0.731,98.67,15.3,17.1,16.8,0,1.15
2023-05-05 17:00:00,43.5,0,128.3,0.52,2.41,17.1,0.68,98.66,16.6,17.7,17,0,1.27
2023-05-05 18:00:00,23.4,0,138.3,0.56,2.46,17.5,0.662,98.65,16.9,17.9,17.2,0,1.34
2023-05-05 19:00:00,10.5,0,159,0.4,1.31,17.2,0.69,98.65,16.1,17.8,17,0,1.27
2023-05-05 20:00:00,0,0,23.1,0.38,1.29,15.3,0.794,98.66,13.7,17.4,15.8,0,0.95
2023-05-05 21:00:00,0,0,353.2,0.47,0.99,12.5,0.852,98.71,11,13.9,13.3,0,0.59
2023-05-05 22:00:00,0,0,311.4,0.33,1.07,10.2,0.854,98.76,9.3,11.2,10.9,0,0.39
2023-05-05 23:00:00,0,0,8.6,0.63,1.05,8.8,0.841,98.8,8.2,9.6,9.3,0,0.29
2023-05-06 00:00:00,0,0,145,0.19,0.5,7.9,0.842,98.81,7.4,8.3,8.1,0,0.22
2023-05-06 01:00:00,0,0,321.2,0.19,0.63,7.2,0.845,98.85,6.8,7.5,7.4,0,0.17
2023-05-06 02:00:00,0,0,352.4,0.46,0.8,6.5,0.841,98.84,6.2,6.9,6.8,0,0.13
2023-05-06 03:00:00,0,0,8.3,0.55,1.03,6,0.838,98.83,5.8,6.2,6.2,0,0.1
2023-05-06 04:00:00,0,0,1.3,0.3,0.79,5.6,0.831,98.83,5.4,5.8,5.7,0,0.08
2023-05-06 05:00:00,0,0,30.1,0.34,0.61,5.2,0.822,98.86,4.9,5.5,5.3,0,0.06
2023-05-06 06:00:00,0,0,49.5,0.31,0.68,4.8,0.811,98.87,4.5,5,4.9,0,0.05
2023-05-06 07:00:00,4.6,0,80.7,0.28,0.64,4.5,0.804,98.89,4.3,4.7,4.6,0,0.04
2023-05-06 08:00:00,51.5,0,36.2,0.46,1.12,5.3,0.854,98.93,4.4,6.9,5.4,0,0.03
2023-05-06 09:00:00,87.8,0,33.6,0.47,1.21,8.4,1.007,98.95,6.4,11,8,0,0.09
2023-05-06 10:00:00,108.4,0,36.3,0.88,2.42,13.1,1.043,98.99,10.5,15,12.4,0,0.47
2023-05-06 11:00:00,123.9,0,36.4,0.98,2.59,15.9,0.98,98.97,14.8,17.1,15.9,0,0.83
2023-05-06 12:00:00,189.8,0,64.3,0.69,2.71,17.7,0.915,98.91,16.2,18.7,18.7,0,1.11
2023-05-06 13:00:00,139.5,0,54.8,0.63,2.34,18.7,0.842,98.86,17.6,19.4,19.4,0,1.31
2023-05-06 14:00:00,131.4,0,65.9,0.61,2.05,19.7,0.815,98.78,18.5,20.6,20.4,0,1.48
2023-05-06 15:00:00,119.4,0,71.8,0.75,3.05,20.6,0.732,98.72,19.9,21.1,21,0,1.69
2023-05-06 16:00:00,182,0,137.4,0.52,1.76,21.3,0.693,98.66,19.7,22,22.4,0,1.84
2023-05-06 17:00:00,35.5,0,140.5,0.48,1.54,21.6,0.71,98.61,21.2,21.9,21.6,0,1.86
2023-05-06 18:00:00,28.5,0,157.8,0.4,1.17,21.3,0.715,98.6,20.9,21.7,21.2,0,1.82
2023-05-06 19:00:00,18.2,0,151.9,0.39,1.57,21.2,0.69,98.59,20.2,21.8,21,0,1.83
2023-05-06 20:00:00,6.9,0,34.6,0.36,4,19.4,0.841,98.57,18.1,21.4,19.8,0,1.41
2023-05-06 21:00:00,0,0,355.2,0.35,0.8,16.6,0.959,98.57,15.3,18.3,17.4,0,0.93
2023-05-06 22:00:00,0,0,32,0.33,0.94,14.5,0.969,98.59,13.9,15.3,15.1,0,0.69
2023-05-06 23:00:00,0,0,305.4,0.36,0.81,13.3,0.964,98.57,12.8,13.9,13.7,0,0.57
2023-05-07 00:00:00,0,0,358.4,0.52,0.84,12.6,0.968,98.5,12.3,12.9,12.8,0,0.49
2023-05-07 01:00:00,0,0,13.3,0.69,0.98,12.1,0.967,98.45,11.6,12.4,12.3,0,0.44
2023-05-07 02:00:00,0,0,65.5,0.39,0.68,11.4,0.958,98.41,11.2,11.7,11.6,0,0.39
2023-05-07 03:00:00,0,0,68.2,0.39,0.6,11.3,0.961,98.39,11.2,11.4,11.2,0,0.38
2023-05-07 04:00:00,0,0,73.1,0.46,0.67,11.4,0.967,98.37,11.4,11.5,11.3,0,0.38
2023-05-07 05:00:00,0,0,70.6,0.43,0.66,11.4,1.001,98.36,11.4,11.5,11.3,0,0.35
2023-05-07 06:00:00,0,0,84.1,0.45,0.82,11.4,1.044,98.29,11.1,11.5,11.3,0,0.3
2023-05-07 07:00:00,0,0,130.6,0.34,0.79,11.2,1.094,98.23,11,11.4,11.1,0,0.23
2023-05-07 08:00:00,4.3,0,109.7,0.46,0.7,11.5,1.147,98.23,11.3,11.8,11.3,0,0.21
2023-05-07 09:00:00,39.4,0,39.2,0.45,0.89,12.6,1.253,98.18,11.6,14,12.2,0,0.21
2023-05-07 10:00:00,43.6,0,86.4,0.35,0.98,14.9,1.292,98.12,13.5,16.4,14.3,0,0.4
2023-05-07 11:00:00,42.4,0,43.8,0.36,0.92,16.8,1.246,98.04,15.8,17.6,16.4,0,0.67
2023-05-07 12:00:00,41.2,0,128,0.26,0.73,17.5,1.231,98.04,17.1,18.1,17.3,0,0.76
2023-05-07 13:00:00,38.9,0.17,33.5,0.42,0.93,16.6,1.55,98.03,16.1,18.2,17.1,1.8,0.33
2023-05-07 14:00:00,40.6,0.272,81.2,0.32,1.3,16.1,1.701,97.95,15.9,16.3,16.3,1.2,0.12
2023-05-07 15:00:00,38.3,0.102,95.7,0.34,0.78,16.1,1.747,97.82,15.9,16.3,16.3,1.2,0.08
2023-05-07 16:00:00,26.5,0.017,113.2,0.34,1.3,16.1,1.747,97.76,16,16.3,16.2,1.2,0.08
2023-05-07 17:00:00,12.7,0,157.2,0.31,1.36,16,1.749,97.73,16,16.2,16,0,0.07
2023-05-07 18:00:00,29.2,0,172.4,0.41,0.78,16.5,1.815,97.67,16,17.3,16.3,0,0.06
2023-05-07 19:00:00,11.6,0,195.6,0.26,0.81,17.1,1.83,97.64,16.9,17.3,16.9,0,0.12
2023-05-07 20:00:00,0.5,0,126.7,0.22,0.51,16.8,1.784,97.64,16.5,17.1,16.7,0,0.12
2023-05-07 21:00:00,0,0,166.7,0.18,0.44,16.3,1.755,97.64,16,16.7,16.3,0,0.1
2023-05-07 22:00:00,0,0,173.6,0.23,0.51,15.6,1.71,97.67,15.1,16.1,15.7,0,0.06
2023-05-07 23:00:00,0,0,1.9,0.3,0.61,14.9,1.664,97.64,14.6,15.3,15,0,0.03
2023-05-08 00:00:00,0,0,34.4,0.51,0.89,14.4,1.623,97.58,14.2,14.7,14.4,0,0.02
2023-05-08 01:00:00,0,0,33.1,0.42,0.85,14.1,1.596,97.54,13.9,14.3,14.1,0,0.01
2023-05-08 02:00:00,0,0,26.1,0.33,0.6,14.6,1.626,97.55,14.1,15.5,14.2,0,0.04
2023-05-08 03:00:00,0,0,26.7,0.19,0.45,15.3,1.718,97.54,15,15.6,14.9,0,0.02
2023-05-08 04:00:00,0,0,40.4,0.14,0.59,15.5,1.755,97.55,15.1,15.8,15.3,0,0.01
2023-05-08 05:00:00,0,0,153.8,0.24,0.72,15.6,1.765,97.55,15,15.9,15.4,0,0.01
2023-05-08 06:00:00,0,0,173.9,0.19,0.58,15.5,1.756,97.6,15.2,15.9,15.3,0,0
2023-05-08 07:00:00,1,0,94.3,0.18,0.46,14.8,1.683,97.68,14.5,15.4,14.9,0,0
2023-05-08 08:00:00,12.8,0,37.6,0.3,0.82,14.8,1.624,97.75,14.5,15,14.7,0,0.06
2023-05-08 09:00:00,13.5,0,153.8,0.39,1.09,14.9,1.54,97.81,14.7,15.2,14.8,0,0.15
2023-05-08 10:00:00,54,0,140.6,0.43,1.45,15.1,1.497,97.84,14.7,15.4,15.1,0,0.21
2023-05-08 11:00:00,88.6,0,38.9,0.57,2.15,15.6,1.485,97.89,15.2,16.2,16,0,0.28
2023-05-08 12:00:00,139.8,0,20.6,0.62,2.16,16.6,1.476,97.87,15.2,17.4,17.4,0,0.41
2023-05-08 13:00:00,103.8,0,121,0.57,2.56,17.4,1.439,97.84,16.4,18.4,18,0,0.55
2023-05-08 14:00:00,120.1,0,126.4,0.47,2.22,18.4,1.43,97.84,17.5,19.1,19,0,0.68
2023-05-08 15:00:00,91.6,0,132.7,0.52,2.34,18.9,1.397,97.79,18.1,19.5,19.4,0,0.78
2023-05-08 16:00:00,169,0,252.9,0.39,1.28,19.6,1.409,97.74,18.3,20.1,20.7,0,0.86
2023-05-08 17:00:00,35.1,0,72.6,0.42,2.72,19.8,1.37,97.71,19.4,20.1,20,0,0.93
2023-05-08 18:00:00,24.7,0,337.9,0.33,1.82,19.8,1.355,97.7,19.5,20.2,19.8,0,0.95
2023-05-08 19:00:00,12.6,0,61,0.24,0.59,19.4,1.343,97.68,19.1,19.8,19.4,0,0.92
2023-05-08 20:00:00,1.4,0,101.3,0.21,0.52,18.5,1.392,97.69,17.8,19.1,18.6,0,0.73
2023-05-08 21:00:00,0,0,23.8,0.25,0.67,17.4,1.424,97.75,16.6,18,17.5,0,0.56
2023-05-08 22:00:00,0,0,9.9,0.44,0.74,16.2,1.45,97.74,15.7,16.8,16.5,0,0.39
2023-05-08 23:00:00,0,0,56.6,0.27,0.58,15.4,1.489,97.76,15.1,15.8,15.6,0,0.26
2023-05-09 00:00:00,0,0,101.1,0.32,0.75,15.1,1.488,97.75,14.7,15.8,15.1,0,0.22
2023-05-09 01:00:00,0,0,109.7,0.26,0.63,14.7,1.474,97.76,14.5,15.1,14.8,0,0.2
2023-05-09 02:00:00,0,0,326.1,0.25,2.62,14.3,1.438,97.76,14,14.6,14.4,0,0.19
2023-05-09 03:00:00,0,0,8.6,0.43,0.94,13.7,1.391,97.7,13.3,14.1,13.8,0,0.17
2023-05-09 04:00:00,0,0,20.9,0.69,1.03,13,1.297,97.68,12.8,13.4,13.2,0,0.2
2023-05-09 05:00:00,0,0,32.9,0.51,1,12.4,1.263,97.76,11.6,13.1,12.7,0,0.18
2023-05-09 06:00:00,0,0,112.2,0.45,0.94,11.5,1.218,97.74,11.1,12.1,11.8,0,0.14
2023-05-09 07:00:00,0.7,0,129.1,0.42,0.96,11.2,1.195,97.81,10.9,11.8,11.3,0,0.14
2023-05-09 08:00:00,10.7,0,84.2,0.23,0.83,11,1.227,97.88,10.9,11.3,11.1,0,0.09
2023-05-09 09:00:00,52.8,0,77.1,0.42,1.21,12.4,1.288,97.89,11.2,13.9,12.1,0,0.15
2023-05-09 10:00:00,56.1,0,121.5,0.36,1.32,14.3,1.179,97.96,13.5,15.3,14,0,0.45
2023-05-09 11:00:00,88,0,38,0.5,1.8,16,1.105,98.03,15.1,16.6,16,0,0.71
2023-05-09 12:00:00,133.6,0,144.6,0.5,2.09,17.3,1.029,98.05,15.5,18.4,17.7,0,0.94
2023-05-09 13:00:00,91.1,0,133.1,0.64,3.08,19.3,0.934,98.04,18.3,20.4,19.4,0,1.3
2023-05-09 14:00:00,104.9,0,141.1,0.65,2.81,20.3,0.868,98.01,19.5,21.1,20.6,0,1.52
2023-05-09 15:00:00,81.9,0,184.5,0.84,3.6,21.2,0.776,98,20.4,21.8,21.4,0,1.74
2023-05-09 16:00:00,148.8,0,183.4,0.68,3.4,21.4,0.755,98,20.4,22.1,22.3,0,1.8
2023-05-09 17:00:00,33.1,0,182.3,0.54,1.95,21.3,0.776,98.02,20.8,21.7,21.4,0,1.75
2023-05-09 18:00:00,19.4,0,196.2,0.62,2.27,20.9,0.791,98.04,20.5,21.4,20.9,0,1.69
2023-05-09 19:00:00,21,0,232.7,0.45,1.53,20.2,0.755,98.07,19.5,20.8,20.3,0,1.61
2023-05-09 20:00:00,2.6,0,199.2,0.35,1.77,18.8,0.697,98.18,17.8,19.8,19,0,1.47
2023-05-09 21:00:00,0,0,304.9,0.34,0.94,16.8,0.668,98.3,15.2,17.9,17.2,0,1.25
2023-05-09 22:00:00,0,0,67,0.4,1.02,14.8,0.694,98.35,13.6,16,15.3,0,0.98
2023-05-09 23:00:00,0,0,3.3,0.54,1.06,12.6,0.771,98.43,11.4,13.9,13.3,0,0.69
2023-05-10 00:00:00,0,0,56.6,0.42,0.95,10.9,0.77,98.47,10.2,12,11.6,0,0.54
2023-05-10 01:00:00,0,0,28.8,0.29,1.11,9.8,0.773,98.51,9.1,10.3,10.3,0,0.43
2023-05-10 02:00:00,0,0,7.2,0.74,1.38,8.8,0.767,98.54,8.2,9.4,9.3,0,0.37
2023-05-10 03:00:00,0,0,26.5,0.6,1.27,8.1,0.774,98.55,7.8,8.5,8.4,0,0.31
2023-05-10 04:00:00,0,0,69.9,0.26,0.82,7.6,0.758,98.59,7.1,8.1,7.9,0,0.29
2023-05-10 05:00:00,0,0,82.1,0.16,0.51,6.9,0.75,98.62,6.5,7.3,7.2,0,0.24
2023-05-10 06:00:00,0,0,17.1,0.64,1.12,6.1,0.739,98.64,5.6,6.6,6.6,0,0.2
2023-05-10 07:00:00,0.9,0,7.5,0.79,1.23,5.4,0.73,98.69,5.2,5.8,5.8,0,0.17
2023-05-10 08:00:00,32.1,0,22.2,0.63,1.12,6,0.763,98.77,5.2,7.1,6,0,0.17
2023-05-10 09:00:00,69.4,0,69.7,0.47,1.31,8.8,0.865,98.8,6.9,11.2,8.3,0,0.27
2023-05-10 10:00:00,91.9,0,105.7,0.65,2.45,12.4,0.742,98.86,10.9,13.4,12,0,0.7
2023-05-10 11:00:00,113.2,0,124.8,0.63,1.94,14,0.704,98.85,13.2,15,14.4,0,0.9
2023-05-10 12:00:00,153.7,0,37.8,0.67,2.34,15.7,0.632,98.82,14.3,16.7,16.2,0,1.15
2023-05-10 13:00:00,106.4,0,121.6,0.55,2.38,17,0.585,98.74,16.3,17.8,17.5,0,1.35
2023-05-10 14:00:00,113,0,72.9,0.48,2.34,17.8,0.645,98.7,17.1,18.3,18.5,0,1.4
2023-05-10 15:00:00,88.9,0,53.5,0.49,1.41,18.7,0.659,98.65,18.1,19.2,19.1,0,1.5
2023-05-10 16:00:00,106.7,0,48.7,0.41,1.79,19.1,0.655,98.61,17.9,19.5,19.8,0,1.55
2023-05-10 17:00:00,51.3,0,20.8,0.29,0.94,19.4,0.649,98.57,18.9,19.8,19.6,0,1.6
2023-05-10 18:00:00,34,0,26.4,0.32,1.38,19.5,0.651,98.54,19,19.9,19.6,0,1.62
2023-05-10 19:00:00,23.3,0,34.6,0.24,0.82,19.4,0.692,98.54,18.6,19.6,19.4,0,1.55
2023-05-10 20:00:00,6.8,0,62.2,0.27,0.81,17.9,0.809,98.54,16.6,19,18.4,0,1.24
2023-05-10 21:00:00,0,0,7.6,0.41,0.89,15.1,0.924,98.56,13.7,16.6,16.1,0,0.79
2023-05-10 22:00:00,0,0,351.6,0.54,0.94,12.7,0.93,98.61,11.7,13.8,13.6,0,0.54
2023-05-10 23:00:00,0,0,51.7,0.37,0.88,11,0.895,98.62,10.3,11.8,11.7,0,0.42
2023-05-11 00:00:00,0,0,332.9,0.36,1.06,9.8,0.884,98.62,9.2,10.4,10.4,0,0.33
2023-05-11 01:00:00,0,0,11.9,0.77,1.11,8.9,0.879,98.61,8.4,9.4,9.5,0,0.26
2023-05-11 02:00:00,0,0,45.3,0.56,1.19,8.1,0.86,98.58,7.7,8.6,8.5,0,0.22
2023-05-11 03:00:00,0,0,56.4,0.25,0.47,7.3,0.852,98.56,6.9,7.8,7.8,0,0.17
2023-05-11 04:00:00,0,0,12.6,0.52,1.02,6.7,0.849,98.54,6.3,7,7.1,0,0.13
2023-05-11 05:00:00,0,0,5.4,0.67,1.15,6.2,0.846,98.58,5.9,6.5,6.5,0,0.1
2023-05-11 06:00:00,0,0,24.6,0.72,1,5.8,0.842,98.6,5.6,6.1,6.1,0,0.08
2023-05-11 07:00:00,5.5,0,30.5,0.62,0.94,5.6,0.841,98.64,5.5,5.9,5.8,0,0.07
2023-05-11 08:00:00,43.8,0,22.2,0.55,0.92,6.6,0.905,98.68,5.7,7.9,6.6,0,0.07
2023-05-11 09:00:00,77.6,0,57.5,0.47,1.2,9.4,1.056,98.71,7.7,11.4,9.1,0,0.13
2023-05-11 10:00:00,90,0,57.7,0.52,1.33,14.2,1.279,98.7,11.2,17.4,13.3,0,0.34
2023-05-11 11:00:00,101.9,0,61.7,0.5,1.48,18.5,1.093,98.67,16.3,19.8,17.8,0,1.04
2023-05-11 12:00:00,172.3,0,103.6,0.49,2.37,20.5,0.968,98.64,18.9,21.7,21,0,1.44
2023-05-11 13:00:00,86.4,0,120.4,0.5,1.65,22,0.968,98.62,21.2,22.6,22.2,0,1.67
2023-05-11 14:00:00,98.5,0,145.9,0.41,1.56,22.8,0.917,98.56,21.8,23.6,23.2,0,1.86
2023-05-11 15:00:00,69.7,0,135.8,0.41,1.78,23.6,0.835,98.49,23.2,24.3,23.8,0,2.08
2023-05-11 16:00:00,140.8,0,206.8,0.51,1.52,24.4,0.855,98.43,23,25,25,0,2.2
2023-05-11 17:00:00,30.9,0,145.9,0.41,1.14,24.4,0.816,98.4,24,24.7,24.4,0,2.23
2023-05-11 18:00:00,16.2,0,165.8,0.25,0.72,24.2,0.83,98.37,24,24.6,24,0,2.2
2023-05-11 19:00:00,16.7,0,132.4,0.19,0.75,23.6,0.851,98.36,22.5,24.4,23.6,0,2.07
2023-05-11 20:00:00,0,0,46,0.22,0.55,21.2,1.02,98.35,19.6,22.9,21.9,0,1.49
2023-05-11 21:00:00,0,0,12.4,0.27,0.65,18.2,1.094,98.41,16.9,19.7,19.2,0,1
2023-05-11 22:00:00,0,0,1.5,0.47,0.81,16,1.087,98.47,15,17,16.8,0,0.72
2023-05-11 23:00:00,0,0,54.4,0.24,0.74,14.4,1.057,98.49,13.7,15.1,14.9,0,0.58
2023-05-12 00:00:00,0,0,346.3,0.39,0.82,13.2,1.053,98.46,12.7,13.8,13.6,0,0.47
2023-05-12 01:00:00,0,0,4.8,0.71,0.94,12.3,1.049,98.43,11.8,12.7,12.7,0,0.38
2023-05-12 02:00:00,0,0,56.9,0.39,0.72,11.4,1.038,98.41,10.9,11.8,11.8,0,0.31
2023-05-12 03:00:00,0,0,81.8,0.2,0.63,10.4,1.029,98.38,10.1,11,10.9,0,0.24
2023-05-12 04:00:00,0,0,9.2,0.7,1.02,9.8,1.026,98.38,9.4,10.2,10.1,0,0.18
2023-05-12 05:00:00,0,0,21.7,0.91,1.15,9.2,1.026,98.39,8.9,9.5,9.5,0,0.13
2023-05-12 06:00:00,0,0,45.4,0.44,1,8.7,1.024,98.43,8.4,9.1,9,0,0.1
2023-05-12 07:00:00,3.9,0,51.6,0.34,0.63,8.4,1.021,98.48,8.3,8.7,8.6,0,0.08
2023-05-12 08:00:00,42.8,0,37.3,0.54,1.07,9.3,1.08,98.53,8.4,10.5,9.3,0,0.09
2023-05-12 09:00:00,66.1,0,53.2,0.48,0.95,11.9,1.241,98.57,10.4,13.8,11.6,0,0.15
2023-05-12 10:00:00,81,0,61.1,0.43,1.32,15.8,1.47,98.59,13.4,18.9,15.1,0,0.33
2023-05-12 11:00:00,89.8,0,110.8,0.3,0.72,20.1,1.36,98.58,17.9,22.1,19.4,0,1
2023-05-12 12:00:00,161.5,0,155.8,0.33,1.33,22.8,1.185,98.54,20.9,24.2,23.1,0,1.59
2023-05-12 13:00:00,82.9,0,242.6,0.56,1.73,24.5,1.032,98.49,24,25.3,24.6,0,2.04
2023-05-12 14:00:00,97.6,0,235.3,0.63,1.6,25,0.94,98.44,24.2,25.8,25.4,0,2.24
2023-05-12 15:00:00,66,0,216.2,0.52,1.69,25.7,0.927,98.37,25,26.4,25.8,0,2.38
2023-05-12 16:00:00,99.3,0,217.3,0.5,1.13,26.1,0.966,98.32,25.1,26.6,26.7,0,2.42
2023-05-12 17:00:00,38.8,0,216.1,0.48,1.06,25.8,1.045,98.29,25.2,26.4,26,0,2.28
2023-05-12 18:00:00,32.1,0,210.6,0.44,0.83,25.2,1.136,98.27,24.6,25.7,25.4,0,2.08
2023-05-12 19:00:00,18.1,0,248,0.24,0.77,24.2,1.195,98.26,23.4,24.9,24.5,0,1.83
2023-05-12 20:00:00,2.8,0,210.3,0.17,0.35,22.6,1.305,98.27,21.6,23.6,23,0,1.43
2023-05-12 21:00:00,0,0,292.7,0.24,0.56,20.7,1.369,98.28,19.9,21.7,21.2,0,1.07
2023-05-12 22:00:00,0,0,14.1,0.37,0.6,19.4,1.405,98.3,18.9,20,19.7,0,0.85
2023-05-12 23:00:00,0,0,47.5,0.17,0.51,18.5,1.423,98.31,18.2,18.9,18.7,0,0.71
2023-05-13 00:00:00,0,0,47,0.18,0.39,18,1.429,98.3,17.7,18.3,18.1,0,0.63
2023-05-13 01:00:00,0,0,90.7,0.23,0.43,17.6,1.425,98.27,17.2,18,17.6,0,0.58
2023-05-13 02:00:00,0,0,347.7,0.32,0.63,17,1.437,98.23,16.7,17.3,17.1,0,0.5
2023-05-13 03:00:00,0,0,8.1,0.36,0.66,16.7,1.435,98.21,16.5,16.8,16.6,0,0.46
2023-05-13 04:00:00,0,0,1.8,0.37,0.65,16.4,1.444,98.22,16.2,16.6,16.4,0,0.42
2023-05-13 05:00:00,0,0,19.4,0.61,0.78,16.1,1.445,98.24,15.9,16.2,16,0,0.38
2023-05-13 06:00:00,0,0,27.8,0.59,0.9,15.9,1.446,98.29,15.8,16.1,15.8,0,0.36
2023-05-13 07:00:00,0,0,36.6,0.38,0.73,15.8,1.476,98.3,15.7,15.9,15.7,0,0.31
2023-05-13 08:00:00,2.5,0,47.9,0.31,0.61,15.8,1.522,98.35,15.8,16,15.7,0,0.28
2023-05-13 09:00:00,10.9,0,70.4,0.25,0.49,16,1.615,98.39,15.9,16.3,15.9,0,0.2
2023-05-13 10:00:00,23.7,0,86.2,0.23,0.51,16.6,1.744,98.43,16.1,17.1,16.4,0,0.15
2023-05-13 11:00:00,22.6,0,49.9,0.3,0.72,17.3,1.774,98.4,17.1,17.6,17.2,0,0.2
2023-05-13 12:00:00,27,0,324.7,0.18,0.49,17.6,1.838,98.38,17.4,17.8,17.6,0,0.18
2023-05-13 13:00:00,43.9,0,305.3,0.19,0.49,17.8,1.868,98.4,17.6,18,17.9,0,0.16
2023-05-13 14:00:00,36.7,0,131.3,0.27,0.6,17.9,1.847,98.44,17.7,18,18.1,0,0.2
2023-05-13 15:00:00,29,0.119,92.9,0.2,0.68,17.9,1.899,98.46,17.6,18,18,1.2,0.15
2023-05-13 16:00:00,24.3,0.357,58.1,0.23,0.57,17.4,1.874,98.46,17.2,17.6,17.5,1.2,0.11
2023-05-13 17:00:00,51,0.017,231.9,0.23,0.85,17.5,1.872,98.45,17.2,17.9,17.6,1.2,0.13
2023-05-13 18:00:00,28.4,0,170,0.21,0.57,17.8,1.838,98.46,17.6,18,17.9,0,0.2
2023-05-13 19:00:00,14.2,0,108.6,0.3,0.81,17.8,1.759,98.46,17.4,18.2,17.8,0,0.28
2023-05-13 20:00:00,0,0,25.9,0.38,0.76,17,1.749,98.48,16.4,17.5,17.1,0,0.18
2023-05-13 21:00:00,0,0,100.5,0.16,0.39,15.9,1.718,98.51,15.3,16.5,16.2,0,0.09
2023-05-13 22:00:00,0,0,72.6,0.22,0.67,15,1.629,98.56,14.7,15.5,15.2,0,0.07
2023-05-13 23:00:00,0,0,358.6,0.34,0.57,14.6,1.61,98.59,14.6,14.8,14.7,0,0.05
2023-05-14 00:00:00,0,0,32.1,0.5,0.8,14.5,1.614,98.61,14.4,14.6,14.5,0,0.04
2023-05-14 01:00:00,0,0,22.3,0.5,0.93,14.3,1.611,98.62,14.2,14.5,14.4,0,0.02
2023-05-14 02:00:00,0,0,32.8,0.41,0.59,14.1,1.582,98.63,13.9,14.2,14.1,0,0.02
2023-05-14 03:00:00,0,0,63.8,0.28,0.54,13.9,1.561,98.64,13.8,14,13.9,0,0.02
2023-05-14 04:00:00,0,0,70.8,0.26,0.54,13.6,1.548,98.66,13.3,13.8,13.7,0,0.01
2023-05-14 05:00:00,0,0,86.4,0.29,0.63,13.1,1.484,98.72,12.6,13.4,13.3,0,0.02
2023-05-14 06:00:00,0,0,104.2,0.22,0.52,12.3,1.4,98.76,11.7,12.8,12.6,0,0.03
2023-05-14 07:00:00,4.6,0,20.5,0.47,0.85,11.2,1.291,98.8,10.8,11.9,11.7,0,0.04
2023-05-14 08:00:00,29,0,25.4,0.55,0.88,11.1,1.275,98.83,10.8,11.6,11.4,0,0.05
2023-05-14 09:00:00,71.2,0,49.8,0.44,1.33,12.8,1.393,98.85,11.3,14.8,12.7,0,0.09
2023-05-14 10:00:00,82.8,0,91.6,0.53,1.89,16.3,1.293,98.9,14.2,17.9,15.8,0,0.56
2023-05-14 11:00:00,84.4,0,96,0.5,1.59,18.4,1.142,98.89,17.4,19.4,18.3,0,0.97
2023-05-14 12:00:00,193.1,0,60.6,0.54,2.47,19.7,1.043,98.88,18.1,20.8,20.5,0,1.25
2023-05-14 13:00:00,79.4,0,186.9,0.68,2.98,21,0.954,98.88,20.2,21.7,21.2,0,1.52
2023-05-14 14:00:00,89.4,0,169.1,0.61,2,21.5,0.905,98.82,20.6,22.2,21.9,0,1.66
2023-05-14 15:00:00,63.9,0,181.2,0.64,2.4,22.2,0.848,98.79,21.5,22.8,22.4,0,1.83
2023-05-14 16:00:00,58,0,181.8,0.59,2.8,22.6,0.788,98.79,22,23.1,22.9,0,1.96
2023-05-14 17:00:00,28.1,0,159.2,0.55,2.09,22.7,0.75,98.76,22.1,23.3,22.6,0,2
2023-05-14 18:00:00,25.3,0,165.1,0.5,1.95,22.5,0.726,98.76,22,22.9,22.4,0,1.99
2023-05-14 19:00:00,14.6,0,159.5,0.44,1.14,22.2,0.712,98.79,21.6,22.6,22.1,0,1.96
2023-05-14 20:00:00,5.2,0,145.8,0.4,2.27,21.1,0.734,98.83,20.3,22,21.3,0,1.77
2023-05-14 21:00:00,0,0,53.5,0.37,0.93,19.3,0.807,98.89,17.8,20.4,19.7,0,1.43
2023-05-14 22:00:00,0,0,116.5,0.33,1.11,18.2,0.737,98.96,17.5,18.8,18.3,0,1.35
2023-05-14 23:00:00,0,0,45.1,0.38,1.09,16.7,0.778,99.02,15.4,17.7,17.1,0,1.12
2023-05-15 00:00:00,0,0,44.3,0.46,1.21,14.9,0.847,99.05,13.8,15.9,15.3,0,0.84
2023-05-15 01:00:00,0,0,96.8,0.4,0.87,13.9,0.851,99.05,13.1,14.8,14.3,0,0.74
2023-05-15 02:00:00,0,0,106.2,0.44,0.74,13.8,0.792,99.09,13.2,14.1,13.6,0,0.78
2023-05-15 03:00:00,0,0,131.5,0.41,1.16,13.5,0.707,99.09,12.8,14,13.5,0,0.84
2023-05-15 04:00:00,0,0,274.2,0.5,1.07,13,0.605,99.1,12.5,13.4,13,0,0.89
2023-05-15 05:00:00,0,0,351.8,0.48,1.72,12.5,0.566,99.1,11.9,12.8,12.6,0,0.88
2023-05-15 06:00:00,0,0,11.8,0.68,1.12,11.8,0.615,99.09,11,12.2,12,0,0.77
2023-05-15 07:00:00,5.8,0,77,0.43,0.8,10.9,0.646,99.08,10.4,11.5,11.2,0,0.65
2023-05-15 08:00:00,35.8,0,49.7,0.45,1.35,11.1,0.663,99.08,10.4,11.8,11.2,0,0.66
2023-05-15 09:00:00,78.7,0,66,0.57,2.12,12.6,0.649,99.06,11.8,13.6,12.6,0,0.81
2023-05-15 10:00:00,83.8,0,41,0.59,1.92,14.6,0.68,99.05,13.2,15.8,14.8,0,0.98
2023-05-15 11:00:00,89.5,0,65.8,0.56,1.91,16.6,0.708,99.03,15.4,17.9,16.7,0,1.18
2023-05-15 12:00:00,216,0,60.6,0.49,1.45,18.2,0.761,98.97,16.6,19.7,19.2,0,1.32
2023-05-15 13:00:00,82.2,0,70.3,0.51,1.66,20.1,0.752,98.88,19.3,21,20.3,0,1.6
2023-05-15 14:00:00,79.8,0,150.5,0.33,1.15,21.2,0.777,98.78,20.4,21.8,21.5,0,1.74
2023-05-15 15:00:00,63.3,0,112,0.36,1.26,22,0.808,98.69,21.5,22.4,22.2,0,1.83
2023-05-15 16:00:00,52.3,0,119.2,0.36,1.39,22.6,0.803,98.6,22.1,23.1,22.8,0,1.93
2023-05-15 17:00:00,31.8,0,164.3,0.31,0.88,22.7,0.79,98.53,22.2,23.1,22.7,0,1.97
2023-05-15 18:00:00,18,0,173.2,0.28,0.9,22.8,0.741,98.47,22.3,23.1,22.6,0,2.03
2023-05-15 19:00:00,10.8,0,130.8,0.3,0.69,22.2,0.805,98.41,21.3,22.7,22.2,0,1.88
2023-05-15 20:00:00,0.6,0,26.8,0.29,0.68,20.4,0.907,98.37,18.9,21.7,21,0,1.49
2023-05-15 21:00:00,0,0,2.8,0.32,0.86,17.4,0.977,98.36,15.9,19,18.5,0,1
2023-05-15 22:00:00,0,0,14.3,0.41,0.93,14.7,0.942,98.37,13.7,15.9,15.7,0,0.73
2023-05-15 23:00:00,0,0,349,0.44,0.91,12.9,0.885,98.37,12.2,13.7,13.6,0,0.6
2023-05-16 00:00:00,0,0,14.4,0.64,1.01,11.6,0.853,98.31,10.9,12.3,12.2,0,0.51
2023-05-16 01:00:00,0,0,70.5,0.27,0.68,10.5,0.832,98.24,10.1,11.1,11.1,0,0.44
2023-05-16 02:00:00,0,0,355,0.42,1.13,9.6,0.838,98.18,9,10.2,10.1,0,0.36
2023-05-16 03:00:00,0,0,13.3,0.86,1.15,8.7,0.832,98.11,8.3,9.2,9.2,0,0.29
2023-05-16 04:00:00,0,0,43,0.6,1.22,8,0.814,98.06,7.6,8.4,8.4,0,0.26
2023-05-16 05:00:00,0,0,41.1,0.22,0.52,7.3,0.806,98,6.9,7.8,7.7,0,0.22
2023-05-16 06:00:00,0,0,31.3,0.4,0.94,6.7,0.812,97.93,6.5,7.1,7.1,0,0.17
2023-05-16 07:00:00,5.9,0,23.4,0.66,1.05,6.6,0.836,97.88,6.4,6.9,6.8,0,0.14
2023-05-16 08:00:00,29.6,0,70.7,0.31,2.59,7.6,0.9,97.84,6.8,8.9,7.5,0,0.15
2023-05-16 09:00:00,55.3,0,47.9,0.52,1.03,10,1.047,97.79,8.6,11.7,9.6,0,0.18
2023-05-16 10:00:00,67.6,0,44.6,0.45,1.12,13.5,1.257,97.72,11.6,15.5,12.9,0,0.29
2023-05-16 11:00:00,82.7,0,40.2,0.42,0.93,17,1.207,97.63,15,18.7,16.4,0,0.72
2023-05-16 12:00:00,139.6,0,44.6,0.31,1.11,19.2,1.076,97.55,17.7,20.5,19.5,0,1.15
2023-05-16 13:00:00,85.6,0,199.9,0.34,1.14,20.9,1.04,97.46,20.2,21.5,21.1,0,1.43
2023-05-16 14:00:00,78.5,0,179.9,0.36,2.73,21.6,1.047,97.37,20.9,22.1,22,0,1.53
2023-05-16 15:00:00,62.6,0,170,0.34,1.45,21.9,1.087,97.28,21.4,22.3,22.2,0,1.54
2023-05-16 16:00:00,55.9,0,155.9,0.36,0.95,21.7,1.17,97.18,21.1,22,22.1,0,1.42
2023-05-16 17:00:00,42.2,0,193.8,0.21,0.69,21.3,1.161,97.09,20.9,21.7,21.6,0,1.38
2023-05-16 18:00:00,29.8,0,356.8,0.37,1.43,20.3,1.301,97.05,19.4,21.5,21,0,1.09
2023-05-16 19:00:00,18.7,0,15.8,0.38,1,19.4,1.377,97.06,19,19.9,19.8,0,0.87
2023-05-16 20:00:00,5.5,0,53.9,0.28,0.81,18.6,1.371,97.05,18.2,19.2,18.8,0,0.78
2023-05-16 21:00:00,0,0,61,0.22,0.56,17.6,1.363,97.06,16.9,18.4,17.9,0,0.64
2023-05-16 22:00:00,0,0,3.7,0.38,0.76,16.6,1.397,97.08,16.2,17.1,16.7,0,0.49
2023-05-16 23:00:00,0,0,21,0.57,0.88,15.9,1.454,97.11,15.6,16.3,16,0,0.35
2023-05-17 00:00:00,0,0,42.8,0.28,0.69,15.2,1.451,97.11,14.9,15.7,15.4,0,0.28
2023-05-17 01:00:00,0,0,72.5,0.22,0.61,14.6,1.421,97.11,14,15,14.8,0,0.23
2023-05-17 02:00:00,0,0,1.1,0.36,0.89,13.9,1.392,97.11,13.7,14.2,14,0,0.19
2023-05-17 03:00:00,0,0,11.2,0.54,0.93,13.3,1.376,97.12,12.8,13.8,13.5,0,0.15
2023-05-17 04:00:00,0,0,31.3,0.56,0.97,12.2,1.314,97.17,11.5,13,12.7,0,0.11
2023-05-17 05:00:00,0,0,40,0.36,1.04,11,1.224,97.23,10.3,11.6,11.6,0,0.09
2023-05-17 06:00:00,0,0,19.4,0.78,1.22,9.9,1.13,97.31,9.2,10.6,10.4,0,0.09
2023-05-17 07:00:00,6,0,32.9,0.91,1.35,9.4,1.069,97.42,9.1,9.8,9.6,0,0.11
2023-05-17 08:00:00,40.5,0,38,0.6,2.13,10.1,1.014,97.53,9.5,10.5,10.1,0,0.22
2023-05-17 09:00:00,69.5,0,141.5,0.59,1.62,10.7,0.986,97.63,10,11.4,11.1,0,0.3
2023-05-17 10:00:00,81.2,0,51.8,0.61,1.71,11.8,0.962,97.71,10.9,12.7,12.2,0,0.42
2023-05-17 11:00:00,82.3,0,111.9,0.64,2.01,13.1,0.868,97.76,12.1,14.1,13.5,0,0.64
2023-05-17 12:00:00,241.2,0,129.3,0.53,2.48,13.9,0.785,97.81,12.6,15.2,15.4,0,0.81
2023-05-17 13:00:00,77.3,0,41.9,0.54,2.24,15.2,0.677,97.82,14.5,16,15.8,0,1.05
2023-05-17 14:00:00,76.2,0,357.6,0.57,3.78,15.9,0.586,97.83,15.2,16.5,16.3,0,1.21
2023-05-17 15:00:00,59.7,0,182.1,0.62,2.28,16.5,0.57,97.84,16.1,17,16.8,0,1.31
2023-05-17 16:00:00,48.4,0,167.8,0.56,2.59,16.8,0.515,97.86,16.4,17.2,17.2,0,1.39
2023-05-17 17:00:00,36.4,0,185.2,0.45,2.03,16.7,0.524,97.88,16.4,17,17,0,1.38
2023-05-17 18:00:00,24.5,0,178.5,0.45,2.14,16.4,0.534,97.92,16,16.8,16.6,0,1.33
2023-05-17 19:00:00,15.1,0,55.8,0.31,1.65,15.7,0.501,97.96,15.2,16.1,15.9,0,1.28
2023-05-17 20:00:00,5.4,0,67.6,0.37,1.39,14.7,0.492,98,13.8,15.4,15,0,1.18
2023-05-17 21:00:00,0,0,39.4,0.55,1.15,12.7,0.588,98.08,11,14.1,13.5,0,0.88
2023-05-17 22:00:00,0,0,81.1,0.35,0.84,10.3,0.608,98.19,9.4,11.4,11.2,0,0.64
2023-05-17 23:00:00,0,0,8.1,0.69,1.12,8.7,0.587,98.29,7.7,9.8,9.5,0,0.54
2023-05-18 00:00:00,0,0,47.1,0.5,1.1,7.4,0.576,98.32,6.7,8.3,8,0,0.45
2023-05-18 01:00:00,0,0,85.4,0.26,1.27,6.3,0.557,98.36,5.5,7,6.9,0,0.4
2023-05-18 02:00:00,0,0,10.1,0.76,1.29,5.3,0.547,98.4,4.8,5.9,5.9,0,0.34
2023-05-18 03:00:00,0,0,21.4,0.66,1.13,4.6,0.549,98.39,4.1,5.2,5,0,0.3
2023-05-18 04:00:00,0,0,63.7,0.43,1.15,4,0.539,98.38,3.5,4.4,4.4,0,0.27
2023-05-18 05:00:00,0,0,132.4,0.26,0.7,3.5,0.541,98.38,3.1,3.8,3.8,0,0.24
2023-05-18 06:00:00,0,0,105.6,0.34,0.57,3.3,0.55,98.41,3.1,3.6,3.5,0,0.23
2023-05-18 07:00:00,5.5,0,51,0.39,0.76,3.2,0.566,98.45,2.9,3.4,3.3,0,0.2
2023-05-18 08:00:00,39.9,0,62.6,0.42,1.23,4.4,0.612,98.5,3.3,6,4.2,0,0.22
2023-05-18 09:00:00,74.5,0,54.3,0.54,1.35,7.5,0.667,98.55,5.8,9.3,7,0,0.37
2023-05-18 10:00:00,75.2,0,50.8,0.55,1.39,10.5,0.71,98.57,8.8,12,10.2,0,0.56
2023-05-18 11:00:00,81.5,0,37.4,0.68,1.85,13.3,0.742,98.58,11.9,14.8,13,0,0.78
2023-05-18 12:00:00,201.3,0,36.7,0.61,1.87,15.3,0.797,98.56,13.7,16.8,16,0,0.94
2023-05-18 13:00:00,79.8,0,52.1,0.56,2.05,17.5,0.832,98.54,16.7,18.3,17.6,0,1.16
2023-05-18 14:00:00,79.1,0,47.7,0.53,1.9,19,0.864,98.49,18,20,19.1,0,1.33
2023-05-18 15:00:00,61.3,0,45,0.58,2.05,20.3,0.938,98.44,19.4,21.1,20.2,0,1.44
2023-05-18 16:00:00,49.6,0,101.4,0.44,1.93,21,0.988,98.41,20.5,21.4,21.2,0,1.49
2023-05-18 17:00:00,36.1,0,125.8,0.41,1.4,21.2,1.002,98.36,20.8,21.6,21.2,0,1.52
2023-05-18 18:00:00,21.3,0,143.2,0.32,1.02,21.4,1.052,98.33,20.9,21.7,21.3,0,1.5
2023-05-18 19:00:00,14.7,0,148.5,0.27,0.9,21,1.093,98.34,20.3,21.5,21,0,1.39
2023-05-18 20:00:00,4.6,0,29.3,0.36,0.68,19.5,1.138,98.33,18.2,20.6,19.9,0,1.12
2023-05-18 21:00:00,0,0,41,0.3,0.8,17.4,1.23,98.36,16.2,18.6,18,0,0.75
2023-05-18 22:00:00,0,0,22.3,0.55,1.01,15.8,1.224,98.43,15.1,16.6,16.2,0,0.57
2023-05-18 23:00:00,0,0,71.3,0.37,1,14.9,1.2,98.48,14.5,15.7,15.1,0,0.5
2023-05-19 00:00:00,0,0,83,0.35,0.73,14.3,1.221,98.49,13.8,15.2,14.5,0,0.41
2023-05-19 01:00:00,0,0,103.5,0.31,0.72,13.8,1.218,98.5,13.4,14.2,14,0,0.36
2023-05-19 02:00:00,0,0,41.2,0.44,1.03,13.3,1.208,98.47,13.1,13.9,13.4,0,0.32
2023-05-19 03:00:00,0,0,15.1,0.58,1.17,12.9,1.201,98.44,12.6,13.3,13,0,0.29
2023-05-19 04:00:00,0,0,28.9,0.75,1.25,12.7,1.209,98.42,12.4,13.5,12.8,0,0.26
2023-05-19 05:00:00,0,0,42.1,0.54,0.91,12.1,1.189,98.45,11.6,12.6,12.3,0,0.22
2023-05-19 06:00:00,0,0,82.4,0.49,0.71,11.6,1.177,98.48,11.2,11.9,11.7,0,0.19
2023-05-19 07:00:00,0.7,0,112,0.36,0.6,11.4,1.182,98.53,11.1,11.7,11.4,0,0.16
2023-05-19 08:00:00,9.7,0,65.8,0.44,0.94,12.2,1.239,98.55,11.6,13,11.8,0,0.18
2023-05-19 09:00:00,27.1,0,58.8,0.51,1.1,14,1.32,98.54,12.7,15.2,13.4,0,0.27
2023-05-19 10:00:00,16.1,0,98.8,0.33,0.74,14.6,1.362,98.56,14.2,15.2,14.6,0,0.3
2023-05-19 11:00:00,25.1,1.413,40.1,0.41,1.01,14.1,1.498,98.55,13.6,14.5,14.3,19.2,0.11
2023-05-19 12:00:00,25.6,0.647,2.8,0.32,0.81,14.6,1.603,98.56,14.3,14.8,14.5,1.8,0.05
2023-05-19 13:00:00,20.5,0.374,47.5,0.27,0.57,14.8,1.657,98.53,14.7,15.2,14.8,1.8,0.03
2023-05-19 14:00:00,26.4,0.068,332.5,0.2,0.43,15.4,1.728,98.47,15.1,15.9,15.3,1.2,0.02
2023-05-19 15:00:00,42.4,0.068,210.7,0.24,0.62,16.1,1.814,98.41,15.7,16.8,16,1.2,0.01
2023-05-19 16:00:00,48.9,0,173.5,0.28,0.61,17.3,1.956,98.34,16.6,18.1,17.1,0,0.01
2023-05-19 17:00:00,45.9,0,166.1,0.25,0.61,18.7,2.119,98.27,17.8,19.3,18.3,0,0.04
2023-05-19 18:00:00,23.1,0,201.8,0.33,0.65,19.1,2.182,98.23,19,19.4,18.9,0,0.03
2023-05-19 19:00:00,15.5,0,211.8,0.28,0.54,19.1,2.185,98.19,19,19.2,19,0,0.02
2023-05-19 20:00:00,2.6,0,144.2,0.15,0.37,18.9,2.176,98.16,18.6,19.1,18.8,0,0
2023-05-19 21:00:00,0,0,117.7,0.11,4.34,18.3,2.099,98.12,17.9,18.7,18.3,0,0
2023-05-19 22:00:00,0,0,138.5,0.15,0.58,17.7,2.019,98.12,17.3,18,17.7,0,0
2023-05-19 23:00:00,0,0,158.6,0.34,0.67,17,1.941,98.12,16.5,17.4,17.1,0,0
2023-05-20 00:00:00,0,0,152.4,0.27,0.59,16,1.822,98.1,15.6,16.7,16.3,0,0
2023-05-20 01:00:00,0,0,141.9,0.26,0.82,15.4,1.752,98.06,15.1,15.8,15.6,0,0
2023-05-20 02:00:00,0,0,100.6,0.3,0.77,15.4,1.74,98.03,15.1,15.8,15.3,0,0.01
2023-05-20 03:00:00,0,0,70.4,0.34,0.66,15.2,1.719,97.98,15,15.4,15.1,0,0
2023-05-20 04:00:00,0,0,100.2,0.37,0.87,15.2,1.705,97.91,14.8,15.9,15,0,0.02
2023-05-20 05:00:00,0,0,94.3,0.34,0.99,15,1.679,97.87,14.6,15.5,14.9,0,0.02
2023-05-20 06:00:00,0,0,31.4,0.36,0.73,14.8,1.64,97.86,14.6,15.1,14.7,0,0.04
2023-05-20 07:00:00,0,0,36.7,0.44,4.15,14.7,1.591,97.87,14.6,14.8,14.6,0,0.08
2023-05-20 08:00:00,1.4,0,18.8,0.39,0.66,14.8,1.609,97.87,14.6,15,14.6,0,0.07
2023-05-20 09:00:00,4.6,2.396,23.4,0.35,0.93,14.9,1.669,97.9,14.7,15.1,14.8,10.2,0.02
2023-05-20 10:00:00,13.3,2.038,50,0.24,0.82,15.1,1.711,97.88,14.9,15.4,15,9,0.01
2023-05-20 11:00:00,9.7,5.745,346.2,0.18,0.64,15.6,1.766,97.87,15.3,15.7,15.4,20.4,0
2023-05-20 12:00:00,14.8,1.749,141.1,0.11,0.46,15.8,1.794,97.89,15.6,16.1,15.7,11.4,0
2023-05-20 13:00:00,24.2,1.379,186.1,0.24,1.22,15.1,1.72,97.92,14.7,16.2,15.4,4.2,0
2023-05-20 14:00:00,31.1,0.323,20.8,0.21,0.52,14.8,1.683,97.94,14.6,15,14.9,1.2,0
2023-05-20 15:00:00,28.1,0.034,82.8,0.18,0.61,15.2,1.726,97.93,14.8,15.6,15.2,1.2,0
2023-05-20 16:00:00,30.3,0.017,43.1,0.21,0.6,15.1,1.716,97.95,14.9,15.5,15.2,1.2,0
2023-05-20 17:00:00,27.4,0.017,62.4,0.26,0.87,14.9,1.692,97.97,14.6,15.2,15.1,1.2,0
2023-05-20 18:00:00,31.6,0,151,0.32,1.14,15.2,1.673,97.96,14.9,15.7,15,0,0.06
2023-05-20 19:00:00,22.2,0,158.9,0.4,0.89,15.7,1.647,97.96,15.4,16,15.4,0,0.14
2023-05-20 20:00:00,9.5,0,136.8,0.39,0.86,15.3,1.521,98.02,15,15.7,15.1,0,0.22
2023-05-20 21:00:00,0,0,57.9,0.36,0.75,14.3,1.448,98.08,13.3,15.2,14.4,0,0.18
2023-05-20 22:00:00,0,0,28.6,0.61,0.94,13.2,1.41,98.13,12.8,13.5,13.3,0,0.11
2023-05-20 23:00:00,0,0,49.8,0.45,0.87,12.6,1.293,98.23,11.6,13.4,12.6,0,0.16
2023-05-21 00:00:00,0,0,28.2,0.57,1.18,10.4,1.192,98.27,9.4,12,11.3,0,0.07
2023-05-21 01:00:00,0,0,32.2,0.62,1.18,8.8,1.105,98.29,8.3,9.6,9.6,0,0.03
2023-05-21 02:00:00,0,0,69.7,0.32,0.86,8.3,1.07,98.29,8,8.6,8.6,0,0.02
2023-05-21 03:00:00,0,0,4.5,0.45,0.82,7.8,1.05,98.26,7.5,8.3,8.1,0,0.01
2023-05-21 04:00:00,0,0,338.9,0.58,1.13,7.4,1.026,98.25,7.2,7.7,7.6,0,0.01
2023-05-21 05:00:00,0,0,354.1,0.63,0.97,7.4,1.028,98.27,7.2,7.7,7.5,0,0
2023-05-21 06:00:00,0,0,5.1,0.62,1,7.1,1.011,98.28,6.9,7.4,7.3,0,0
2023-05-21 07:00:00,6.7,0,13.5,0.66,1.09,7.1,1.008,98.32,6.9,7.5,7.2,0,0
2023-05-21 08:00:00,35,0,355.5,0.52,0.99,8,1.066,98.37,7.3,9.1,7.8,0,0
2023-05-21 09:00:00,61.7,0,41.2,0.51,1.01,10.5,1.237,98.42,9,11.9,10,0,0.03
2023-05-21 10:00:00,68.2,0,65.4,0.41,1.17,13.1,1.393,98.44,11.7,14.3,12.6,0,0.11
2023-05-21 11:00:00,75.4,0,89.8,0.41,1.03,15.4,1.414,98.44,14.2,16.5,15,0,0.33
2023-05-21 12:00:00,233.7,0,113.4,0.46,1.99,17,1.344,98.42,15.4,18.4,17.7,0,0.59
2023-05-21 13:00:00,80.7,0,118.6,0.39,1.48,18.6,1.219,98.41,17.8,19.3,18.8,0,0.92
2023-05-21 14:00:00,73.5,0,54.1,0.35,1.85,19.5,1.197,98.38,18.9,20.3,19.7,0,1.07
2023-05-21 15:00:00,83.1,0,89.7,0.31,1.41,20.1,1.058,98.35,19.2,20.6,20.3,0,1.29
2023-05-21 16:00:00,51.7,0,207.3,0.44,1.59,20.7,1.06,98.34,19.9,21.1,20.8,0,1.38
2023-05-21 17:00:00,33.9,0,197.6,0.37,0.97,20.6,1.067,98.32,20.1,21.1,20.6,0,1.36
2023-05-21 18:00:00,24.2,0,166.8,0.34,1.07,20.6,1.065,98.31,20.1,21.2,20.5,0,1.36
2023-05-21 19:00:00,14,0,83.2,0.27,0.99,20.2,1.017,98.31,19,20.9,20.1,0,1.35
2023-05-21 20:00:00,4.3,0,56.2,0.27,0.77,18.2,1.174,98.33,17,19.4,18.8,0,0.92
2023-05-21 21:00:00,0,0,4.8,0.39,0.78,15.8,1.243,98.36,14.6,17.1,16.7,0,0.55
2023-05-21 22:00:00,0,0,11.2,0.28,0.71,13.7,1.179,98.42,12.8,14.7,14.6,0,0.39
2023-05-21 23:00:00,0,0,15.7,0.6,1.21,12.2,1.128,98.46,11.5,12.9,12.8,0,0.29
2023-05-22 00:00:00,0,0,80.9,0.31,0.69,11,1.1,98.49,10.3,11.6,11.6,0,0.21
2023-05-22 01:00:00,0,0,15.9,0.58,1.1,10,1.073,98.5,9.6,10.6,10.6,0,0.16
2023-05-22 02:00:00,0,0,13,0.82,1.15,9.4,1.062,98.51,9.1,9.7,9.8,0,0.12
2023-05-22 03:00:00,0,0,36.9,0.49,1.13,8.8,1.047,98.5,8.4,9.3,9.2,0,0.08
2023-05-22 04:00:00,0,0,53.3,0.32,0.61,8.2,1.021,98.47,7.9,8.6,8.6,0,0.07
2023-05-22 05:00:00,0,0,35,0.43,0.74,7.8,1.002,98.48,7.5,8.2,8,0,0.05
2023-05-22 06:00:00,0,0,356,0.5,0.76,7.4,0.986,98.52,7.1,7.8,7.6,0,0.04
2023-05-22 07:00:00,3.4,0,346.2,0.55,0.92,7.1,0.974,98.57,7,7.4,7.3,0,0.04
2023-05-22 08:00:00,23.8,0,12.7,0.32,0.67,7.8,1.014,98.62,7.2,8.7,7.7,0,0.04
2023-05-22 09:00:00,53.3,0,50.9,0.52,1.03,9.8,1.154,98.66,8.6,11.3,9.5,0,0.06
2023-05-22 10:00:00,67.8,0,60.1,0.43,0.84,13.1,1.389,98.68,11.2,15,12.5,0,0.11
2023-05-22 11:00:00,78.4,0,96.2,0.43,1.19,16.8,1.381,98.68,14.6,18.2,16,0,0.52
2023-05-22 12:00:00,186.4,0,85,0.36,1.02,18.9,1.316,98.67,17.2,20.5,19.5,0,0.87
2023-05-22 13:00:00,83.4,0,11,0.52,1.85,20.6,1.143,98.66,19.9,21.2,20.8,0,1.28
2023-05-22 14:00:00,71.4,0,151.7,0.49,1.25,21.3,1.064,98.62,20.8,21.9,21.5,0,1.47